priority,date,timestamp,datetime,tag,zone,message,possible_cause,is_bad_actor
Medium,2026-05-08,00:03:13.983,2026-05-08T00:03:13.983,Bearing_Temp_High,Compressor Station A,Critical threshold broken for Bearing_Temp_High,Перегрев подшипника. Недостаточная смазка или повреждение обоймы.,0
Medium,2026-05-08,00:15:22.419,2026-05-08T00:15:22.419,Temp_Delta_High,Heat Exchanger C,Critical threshold broken for Temp_Delta_High,Высокая разница температур. Нарушение режима теплопередачи.,0
Low,2026-05-08,00:20:39.250,2026-05-08T00:20:39.250,Valve_Slow,Compressor Station A,Critical threshold broken for Valve_Slow,Запаздывание клапана. Загрязнение привода или износ уплотнений.,0
High,2026-05-08,00:34:39.669,2026-05-08T00:34:39.669,Vib_Sensor_04_Err,Compressor Station A,Critical threshold broken for Vib_Sensor_04_Err,Вибрация превысила критический порог. Возможный износ подшипника или дисбаланс ротора.,1
High,2026-05-08,00:48:40.058,2026-05-08T00:48:40.058,Steam_Press_High,Boiler Unit,Critical threshold broken for Steam_Press_High,Давление пара превышает норму. Проверить регулятор давления и предохранительный клапан.,1
Medium,2026-05-08,00:56:29.083,2026-05-08T00:56:29.083,Bearing_Temp_High,Compressor Station A,Critical threshold broken for Bearing_Temp_High,Перегрев подшипника. Недостаточная смазка или повреждение обоймы.,0
Medium,2026-05-08,01:11:03.609,2026-05-08T01:11:03.609,Lube_Oil_Press_Low,Compressor Station A,Critical threshold broken for Lube_Oil_Press_Low,Давление смазочного масла ниже нормы. Проверить масляный насос и фильтры.,0
Medium,2026-05-08,01:12:58.647,2026-05-08T01:12:58.647,Lube_Oil_Press_Low,Compressor Station A,Critical threshold broken for Lube_Oil_Press_Low,Давление смазочного масла ниже нормы. Проверить масляный насос и фильтры.,0
Medium,2026-05-08,01:17:01.698,2026-05-08T01:17:01.698,Bearing_Temp_High,Compressor Station A,Critical threshold broken for Bearing_Temp_High,Перегрев подшипника. Недостаточная смазка или повреждение обоймы.,0
Medium,2026-05-08,01:19:17.665,2026-05-08T01:19:17.665,Lube_Oil_Press_Low,Compressor Station A,Critical threshold broken for Lube_Oil_Press_Low,Давление смазочного масла ниже нормы. Проверить масляный насос и фильтры.,0
High,2026-05-08,01:36:41.758,2026-05-08T01:36:41.758,Vib_Sensor_04_Err,Compressor Station A,Critical threshold broken for Vib_Sensor_04_Err,Вибрация превысила критический порог. Возможный износ подшипника или дисбаланс ротора.,1
High,2026-05-08,01:41:30.373,2026-05-08T01:41:30.373,Steam_Press_High,Boiler Unit,Critical threshold broken for Steam_Press_High,Давление пара превышает норму. Проверить регулятор давления и предохранительный клапан.,1
Medium,2026-05-08,01:44:55.053,2026-05-08T01:44:55.053,Valve_Stuck_Close,Boiler Unit,Critical threshold broken for Valve_Stuck_Close,Клапан не открывается. Механическая блокировка или отказ привода.,0
Medium,2026-05-08,01:46:37.629,2026-05-08T01:46:37.629,Lube_Oil_Press_Low,Compressor Station A,Critical threshold broken for Lube_Oil_Press_Low,Давление смазочного масла ниже нормы. Проверить масляный насос и фильтры.,0
Medium,2026-05-08,01:46:56.836,2026-05-08T01:46:56.836,Pressure_Drop,Pump Station B,Critical threshold broken for Pressure_Drop,Падение давления. Возможна утечка или засорение фильтра.,0
Medium,2026-05-08,01:55:10.397,2026-05-08T01:55:10.397,Lube_Oil_Press_Low,Compressor Station A,Critical threshold broken for Lube_Oil_Press_Low,Давление смазочного масла ниже нормы. Проверить масляный насос и фильтры.,0
High,2026-05-08,01:55:49.305,2026-05-08T01:55:49.305,Vib_Sensor_04_Err,Compressor Station A,Critical threshold broken for Vib_Sensor_04_Err,Вибрация превысила критический порог. Возможный износ подшипника или дисбаланс ротора.,1
Medium,2026-05-08,02:02:48.444,2026-05-08T02:02:48.444,Shaft_Displacement,Compressor Station A,Critical threshold broken for Shaft_Displacement,Осевое смещение вала за пределами допуска. Проверить муфту и опоры.,0
Medium,2026-05-08,02:15:25.219,2026-05-08T02:15:25.219,Lube_Oil_Press_Low,Compressor Station A,Critical threshold broken for Lube_Oil_Press_Low,Давление смазочного масла ниже нормы. Проверить масляный насос и фильтры.,0
Medium,2026-05-08,02:22:57.902,2026-05-08T02:22:57.902,Bearing_Temp_High,Compressor Station A,Critical threshold broken for Bearing_Temp_High,Перегрев подшипника. Недостаточная смазка или повреждение обоймы.,0
High,2026-05-08,02:28:47.496,2026-05-08T02:28:47.496,Vib_Sensor_04_Err,Compressor Station A,Critical threshold broken for Vib_Sensor_04_Err,Вибрация превысила критический порог. Возможный износ подшипника или дисбаланс ротора.,1
Medium,2026-05-08,02:37:15.904,2026-05-08T02:37:15.904,Valve_Stuck_Close,Boiler Unit,Critical threshold broken for Valve_Stuck_Close,Клапан не открывается. Механическая блокировка или отказ привода.,0
High,2026-05-08,02:43:53.728,2026-05-08T02:43:53.728,Steam_Press_High,Boiler Unit,Critical threshold broken for Steam_Press_High,Давление пара превышает норму. Проверить регулятор давления и предохранительный клапан.,1
High,2026-05-08,03:05:22.687,2026-05-08T03:05:22.687,Vib_Sensor_04_Err,Compressor Station A,Critical threshold broken for Vib_Sensor_04_Err,Вибрация превысила критический порог. Возможный износ подшипника или дисбаланс ротора.,1
High,2026-05-08,03:05:38.482,2026-05-08T03:05:38.482,Vib_Sensor_04_Err,Compressor Station A,Critical threshold broken for Vib_Sensor_04_Err,Вибрация превысила критический порог. Возможный износ подшипника или дисбаланс ротора.,1
Medium,2026-05-08,03:18:58.379,2026-05-08T03:18:58.379,Bearing_Temp_High,Compressor Station A,Critical threshold broken for Bearing_Temp_High,Перегрев подшипника. Недостаточная смазка или повреждение обоймы.,0
Medium,2026-05-08,03:40:24.802,2026-05-08T03:40:24.802,Lube_Oil_Press_Low,Compressor Station A,Critical threshold broken for Lube_Oil_Press_Low,Давление смазочного масла ниже нормы. Проверить масляный насос и фильтры.,0
Medium,2026-05-08,03:43:15.965,2026-05-08T03:43:15.965,Bearing_Temp_High,Compressor Station A,Critical threshold broken for Bearing_Temp_High,Перегрев подшипника. Недостаточная смазка или повреждение обоймы.,0
High,2026-05-08,03:44:16.084,2026-05-08T03:44:16.084,Vib_Sensor_04_Err,Compressor Station A,Critical threshold broken for Vib_Sensor_04_Err,Вибрация превысила критический порог. Возможный износ подшипника или дисбаланс ротора.,1
High,2026-05-08,03:45:45.683,2026-05-08T03:45:45.683,Vib_Sensor_04_Err,Compressor Station A,Critical threshold broken for Vib_Sensor_04_Err,Вибрация превысила критический порог. Возможный износ подшипника или дисбаланс ротора.,1
Medium,2026-05-08,03:52:27.374,2026-05-08T03:52:27.374,Lube_Oil_Press_Low,Compressor Station A,Critical threshold broken for Lube_Oil_Press_Low,Давление смазочного масла ниже нормы. Проверить масляный насос и фильтры.,0
High,2026-05-08,03:52:55.984,2026-05-08T03:52:55.984,HX_FoulingAlarm,Heat Exchanger C,Critical threshold broken for HX_FoulingAlarm,Загрязнение теплообменника. Снижение КПД — требуется промывка.,1
High,2026-05-08,03:53:06.418,2026-05-08T03:53:06.418,Steam_Press_High,Boiler Unit,Critical threshold broken for Steam_Press_High,Давление пара превышает норму. Проверить регулятор давления и предохранительный клапан.,1
Medium,2026-05-08,04:16:38.222,2026-05-08T04:16:38.222,Lube_Oil_Press_Low,Compressor Station A,Critical threshold broken for Lube_Oil_Press_Low,Давление смазочного масла ниже нормы. Проверить масляный насос и фильтры.,0
Medium,2026-05-08,04:18:44.004,2026-05-08T04:18:44.004,Lube_Oil_Press_Low,Compressor Station A,Critical threshold broken for Lube_Oil_Press_Low,Давление смазочного масла ниже нормы. Проверить масляный насос и фильтры.,0
Medium,2026-05-08,04:24:52.195,2026-05-08T04:24:52.195,Bearing_Temp_High,Compressor Station A,Critical threshold broken for Bearing_Temp_High,Перегрев подшипника. Недостаточная смазка или повреждение обоймы.,0
High,2026-05-08,04:24:56.465,2026-05-08T04:24:56.465,Vib_Sensor_04_Err,Compressor Station A,Critical threshold broken for Vib_Sensor_04_Err,Вибрация превысила критический порог. Возможный износ подшипника или дисбаланс ротора.,1
Medium,2026-05-08,04:31:49.958,2026-05-08T04:31:49.958,Bearing_Temp_High,Compressor Station A,Critical threshold broken for Bearing_Temp_High,Перегрев подшипника. Недостаточная смазка или повреждение обоймы.,0
High,2026-05-08,04:40:59.516,2026-05-08T04:40:59.516,Steam_Press_High,Boiler Unit,Critical threshold broken for Steam_Press_High,Давление пара превышает норму. Проверить регулятор давления и предохранительный клапан.,1
Medium,2026-05-08,04:43:04.748,2026-05-08T04:43:04.748,Lube_Oil_Press_Low,Compressor Station A,Critical threshold broken for Lube_Oil_Press_Low,Давление смазочного масла ниже нормы. Проверить масляный насос и фильтры.,0
Medium,2026-05-08,04:45:00.771,2026-05-08T04:45:00.771,Lube_Oil_Press_Low,Compressor Station A,Critical threshold broken for Lube_Oil_Press_Low,Давление смазочного масла ниже нормы. Проверить масляный насос и фильтры.,0
Medium,2026-05-08,04:56:11.279,2026-05-08T04:56:11.279,Lube_Oil_Press_Low,Compressor Station A,Critical threshold broken for Lube_Oil_Press_Low,Давление смазочного масла ниже нормы. Проверить масляный насос и фильтры.,0
Medium,2026-05-08,05:12:25.020,2026-05-08T05:12:25.020,Lube_Oil_Press_Low,Compressor Station A,Critical threshold broken for Lube_Oil_Press_Low,Давление смазочного масла ниже нормы. Проверить масляный насос и фильтры.,0
Medium,2026-05-08,05:15:51.283,2026-05-08T05:15:51.283,Flow_Low,Pump Station B,Critical threshold broken for Flow_Low,Низкий расход. Проверить задвижки и состояние рабочего колеса.,0
Medium,2026-05-08,05:18:49.322,2026-05-08T05:18:49.322,Lube_Oil_Press_Low,Compressor Station A,Critical threshold broken for Lube_Oil_Press_Low,Давление смазочного масла ниже нормы. Проверить масляный насос и фильтры.,0
Medium,2026-05-08,05:20:01.613,2026-05-08T05:20:01.613,Bearing_Temp_High,Compressor Station A,Critical threshold broken for Bearing_Temp_High,Перегрев подшипника. Недостаточная смазка или повреждение обоймы.,0
Medium,2026-05-08,05:20:16.776,2026-05-08T05:20:16.776,Lube_Oil_Press_Low,Compressor Station A,Critical threshold broken for Lube_Oil_Press_Low,Давление смазочного масла ниже нормы. Проверить масляный насос и фильтры.,0
High,2026-05-08,05:25:41.249,2026-05-08T05:25:41.249,Vib_Sensor_04_Err,Compressor Station A,Critical threshold broken for Vib_Sensor_04_Err,Вибрация превысила критический порог. Возможный износ подшипника или дисбаланс ротора.,1
High,2026-05-08,05:34:09.965,2026-05-08T05:34:09.965,Steam_Press_High,Boiler Unit,Critical threshold broken for Steam_Press_High,Давление пара превышает норму. Проверить регулятор давления и предохранительный клапан.,1
Medium,2026-05-08,05:35:59.922,2026-05-08T05:35:59.922,Valve_Stuck_Close,Boiler Unit,Critical threshold broken for Valve_Stuck_Close,Клапан не открывается. Механическая блокировка или отказ привода.,0
Medium,2026-05-08,06:13:51.241,2026-05-08T06:13:51.241,Lube_Oil_Press_Low,Compressor Station A,Critical threshold broken for Lube_Oil_Press_Low,Давление смазочного масла ниже нормы. Проверить масляный насос и фильтры.,0
High,2026-05-08,06:24:53.569,2026-05-08T06:24:53.569,HX_FoulingAlarm,Heat Exchanger C,Critical threshold broken for HX_FoulingAlarm,Загрязнение теплообменника. Снижение КПД — требуется промывка.,1
Medium,2026-05-08,06:26:17.470,2026-05-08T06:26:17.470,Lube_Oil_Press_Low,Compressor Station A,Critical threshold broken for Lube_Oil_Press_Low,Давление смазочного масла ниже нормы. Проверить масляный насос и фильтры.,0
Low,2026-05-08,06:26:36.351,2026-05-08T06:26:36.351,Valve_Slow,Compressor Station A,Critical threshold broken for Valve_Slow,Запаздывание клапана. Загрязнение привода или износ уплотнений.,0
Medium,2026-05-08,06:27:16.915,2026-05-08T06:27:16.915,Bearing_Temp_High,Compressor Station A,Critical threshold broken for Bearing_Temp_High,Перегрев подшипника. Недостаточная смазка или повреждение обоймы.,0
Medium,2026-05-08,06:28:48.397,2026-05-08T06:28:48.397,Bearing_Temp_High,Compressor Station A,Critical threshold broken for Bearing_Temp_High,Перегрев подшипника. Недостаточная смазка или повреждение обоймы.,0
Medium,2026-05-08,06:31:21.042,2026-05-08T06:31:21.042,Bearing_Temp_High,Compressor Station A,Critical threshold broken for Bearing_Temp_High,Перегрев подшипника. Недостаточная смазка или повреждение обоймы.,0
High,2026-05-08,06:31:39.512,2026-05-08T06:31:39.512,Vib_Sensor_04_Err,Compressor Station A,Critical threshold broken for Vib_Sensor_04_Err,Вибрация превысила критический порог. Возможный износ подшипника или дисбаланс ротора.,1
High,2026-05-08,06:39:19.667,2026-05-08T06:39:19.667,Vib_Sensor_04_Err,Compressor Station A,Critical threshold broken for Vib_Sensor_04_Err,Вибрация превысила критический порог. Возможный износ подшипника или дисбаланс ротора.,1
Low,2026-05-08,06:43:37.381,2026-05-08T06:43:37.381,Valve_Slow,Compressor Station A,Critical threshold broken for Valve_Slow,Запаздывание клапана. Загрязнение привода или износ уплотнений.,0
Low,2026-05-08,06:48:24.970,2026-05-08T06:48:24.970,Valve_Slow,Compressor Station A,Critical threshold broken for Valve_Slow,Запаздывание клапана. Загрязнение привода или износ уплотнений.,0
Medium,2026-05-08,06:49:38.159,2026-05-08T06:49:38.159,Lube_Oil_Press_Low,Compressor Station A,Critical threshold broken for Lube_Oil_Press_Low,Давление смазочного масла ниже нормы. Проверить масляный насос и фильтры.,0
High,2026-05-08,06:57:12.982,2026-05-08T06:57:12.982,Vib_Sensor_04_Err,Compressor Station A,Critical threshold broken for Vib_Sensor_04_Err,Вибрация превысила критический порог. Возможный износ подшипника или дисбаланс ротора.,1
High,2026-05-08,07:01:29.857,2026-05-08T07:01:29.857,Vib_Sensor_04_Err,Compressor Station A,Critical threshold broken for Vib_Sensor_04_Err,Вибрация превысила критический порог. Возможный износ подшипника или дисбаланс ротора.,1
High,2026-05-08,07:03:46.364,2026-05-08T07:03:46.364,Pump_Cavitation,Pump Station B,Critical threshold broken for Pump_Cavitation,Кавитация насоса. Снизить производительность или повысить давление на входе.,1
High,2026-05-08,07:05:56.674,2026-05-08T07:05:56.674,Vib_Sensor_04_Err,Compressor Station A,Critical threshold broken for Vib_Sensor_04_Err,Вибрация превысила критический порог. Возможный износ подшипника или дисбаланс ротора.,1
Medium,2026-05-08,07:11:19.636,2026-05-08T07:11:19.636,Lube_Oil_Press_Low,Compressor Station A,Critical threshold broken for Lube_Oil_Press_Low,Давление смазочного масла ниже нормы. Проверить масляный насос и фильтры.,0
Medium,2026-05-08,07:12:11.169,2026-05-08T07:12:11.169,Flow_Low,Pump Station B,Critical threshold broken for Flow_Low,Низкий расход. Проверить задвижки и состояние рабочего колеса.,0
Low,2026-05-08,07:13:35.552,2026-05-08T07:13:35.552,Flow_Variance,Boiler Unit,Critical threshold broken for Flow_Variance,Нестабильный расход. Частичное засорение трубопровода.,0
Medium,2026-05-08,07:16:29.616,2026-05-08T07:16:29.616,Lube_Oil_Press_Low,Compressor Station A,Critical threshold broken for Lube_Oil_Press_Low,Давление смазочного масла ниже нормы. Проверить масляный насос и фильтры.,0
Medium,2026-05-08,07:19:45.270,2026-05-08T07:19:45.270,Lube_Oil_Press_Low,Compressor Station A,Critical threshold broken for Lube_Oil_Press_Low,Давление смазочного масла ниже нормы. Проверить масляный насос и фильтры.,0
Medium,2026-05-08,07:24:09.819,2026-05-08T07:24:09.819,Lube_Oil_Press_Low,Compressor Station A,Critical threshold broken for Lube_Oil_Press_Low,Давление смазочного масла ниже нормы. Проверить масляный насос и фильтры.,0
Medium,2026-05-08,07:25:34.227,2026-05-08T07:25:34.227,Lube_Oil_Press_Low,Compressor Station A,Critical threshold broken for Lube_Oil_Press_Low,Давление смазочного масла ниже нормы. Проверить масляный насос и фильтры.,0
High,2026-05-08,07:25:36.001,2026-05-08T07:25:36.001,Vib_Sensor_04_Err,Compressor Station A,Critical threshold broken for Vib_Sensor_04_Err,Вибрация превысила критический порог. Возможный износ подшипника или дисбаланс ротора.,1
High,2026-05-08,07:34:45.276,2026-05-08T07:34:45.276,Vib_Sensor_04_Err,Compressor Station A,Critical threshold broken for Vib_Sensor_04_Err,Вибрация превысила критический порог. Возможный износ подшипника или дисбаланс ротора.,1
Medium,2026-05-08,07:37:00.000,2026-05-08T07:37:00.000,Lube_Oil_Press_Low,Compressor Station A,Critical threshold broken for Lube_Oil_Press_Low,Давление смазочного масла ниже нормы. Проверить масляный насос и фильтры.,0
Low,2026-05-08,07:38:10.793,2026-05-08T07:38:10.793,Flow_Variance,Boiler Unit,Critical threshold broken for Flow_Variance,Нестабильный расход. Частичное засорение трубопровода.,0
Low,2026-05-08,07:45:35.777,2026-05-08T07:45:35.777,Valve_Slow,Compressor Station A,Critical threshold broken for Valve_Slow,Запаздывание клапана. Загрязнение привода или износ уплотнений.,0
Medium,2026-05-08,07:55:41.235,2026-05-08T07:55:41.235,Lube_Oil_Press_Low,Compressor Station A,Critical threshold broken for Lube_Oil_Press_Low,Давление смазочного масла ниже нормы. Проверить масляный насос и фильтры.,0
Medium,2026-05-08,07:56:42.725,2026-05-08T07:56:42.725,Lube_Oil_Press_Low,Compressor Station A,Critical threshold broken for Lube_Oil_Press_Low,Давление смазочного масла ниже нормы. Проверить масляный насос и фильтры.,0
Medium,2026-05-08,07:58:52.633,2026-05-08T07:58:52.633,Bearing_Temp_High,Compressor Station A,Critical threshold broken for Bearing_Temp_High,Перегрев подшипника. Недостаточная смазка или повреждение обоймы.,0
High,2026-05-08,07:59:55.000,2026-05-08T07:59:55.000,Pump_Cavitation,Pump Station B,Critical threshold broken for Pump_Cavitation,Кавитация насоса. Снизить производительность или повысить давление на входе.,1
Medium,2026-05-08,08:03:29.365,2026-05-08T08:03:29.365,Temp_Delta_High,Heat Exchanger C,Critical threshold broken for Temp_Delta_High,Высокая разница температур. Нарушение режима теплопередачи.,0
High,2026-05-08,08:17:36.690,2026-05-08T08:17:36.690,Vib_Sensor_04_Err,Compressor Station A,Critical threshold broken for Vib_Sensor_04_Err,Вибрация превысила критический порог. Возможный износ подшипника или дисбаланс ротора.,1
High,2026-05-08,08:30:51.570,2026-05-08T08:30:51.570,Vib_Sensor_04_Err,Compressor Station A,Critical threshold broken for Vib_Sensor_04_Err,Вибрация превысила критический порог. Возможный износ подшипника или дисбаланс ротора.,1
High,2026-05-08,08:37:04.691,2026-05-08T08:37:04.691,Vib_Sensor_04_Err,Compressor Station A,Critical threshold broken for Vib_Sensor_04_Err,Вибрация превысила критический порог. Возможный износ подшипника или дисбаланс ротора.,1
High,2026-05-08,08:49:10.947,2026-05-08T08:49:10.947,Pump_Cavitation,Pump Station B,Critical threshold broken for Pump_Cavitation,Кавитация насоса. Снизить производительность или повысить давление на входе.,1
High,2026-05-08,08:55:54.950,2026-05-08T08:55:54.950,Vib_Sensor_04_Err,Compressor Station A,Critical threshold broken for Vib_Sensor_04_Err,Вибрация превысила критический порог. Возможный износ подшипника или дисбаланс ротора.,1
High,2026-05-08,08:56:36.386,2026-05-08T08:56:36.386,Vib_Sensor_04_Err,Compressor Station A,Critical threshold broken for Vib_Sensor_04_Err,Вибрация превысила критический порог. Возможный износ подшипника или дисбаланс ротора.,1
Medium,2026-05-08,09:11:02.961,2026-05-08T09:11:02.961,Lube_Oil_Press_Low,Compressor Station A,Critical threshold broken for Lube_Oil_Press_Low,Давление смазочного масла ниже нормы. Проверить масляный насос и фильтры.,0
Medium,2026-05-08,09:12:40.424,2026-05-08T09:12:40.424,Valve_Stuck_Close,Boiler Unit,Critical threshold broken for Valve_Stuck_Close,Клапан не открывается. Механическая блокировка или отказ привода.,0
Medium,2026-05-08,09:20:23.788,2026-05-08T09:20:23.788,Lube_Oil_Press_Low,Compressor Station A,Critical threshold broken for Lube_Oil_Press_Low,Давление смазочного масла ниже нормы. Проверить масляный насос и фильтры.,0
Medium,2026-05-08,09:24:53.553,2026-05-08T09:24:53.553,Temp_Delta_High,Heat Exchanger C,Critical threshold broken for Temp_Delta_High,Высокая разница температур. Нарушение режима теплопередачи.,0
High,2026-05-08,09:36:00.813,2026-05-08T09:36:00.813,Vib_Sensor_04_Err,Compressor Station A,Critical threshold broken for Vib_Sensor_04_Err,Вибрация превысила критический порог. Возможный износ подшипника или дисбаланс ротора.,1
Medium,2026-05-08,09:36:34.157,2026-05-08T09:36:34.157,Pressure_Drop,Pump Station B,Critical threshold broken for Pressure_Drop,Падение давления. Возможна утечка или засорение фильтра.,0
Medium,2026-05-08,09:36:50.842,2026-05-08T09:36:50.842,Lube_Oil_Press_Low,Compressor Station A,Critical threshold broken for Lube_Oil_Press_Low,Давление смазочного масла ниже нормы. Проверить масляный насос и фильтры.,0
Medium,2026-05-08,09:38:18.510,2026-05-08T09:38:18.510,Bearing_Temp_High,Compressor Station A,Critical threshold broken for Bearing_Temp_High,Перегрев подшипника. Недостаточная смазка или повреждение обоймы.,0
Medium,2026-05-08,09:40:32.359,2026-05-08T09:40:32.359,Lube_Oil_Press_Low,Compressor Station A,Critical threshold broken for Lube_Oil_Press_Low,Давление смазочного масла ниже нормы. Проверить масляный насос и фильтры.,0
Medium,2026-05-08,10:01:02.989,2026-05-08T10:01:02.989,Lube_Oil_Press_Low,Compressor Station A,Critical threshold broken for Lube_Oil_Press_Low,Давление смазочного масла ниже нормы. Проверить масляный насос и фильтры.,0
Medium,2026-05-08,10:03:07.094,2026-05-08T10:03:07.094,Lube_Oil_Press_Low,Compressor Station A,Critical threshold broken for Lube_Oil_Press_Low,Давление смазочного масла ниже нормы. Проверить масляный насос и фильтры.,0
Medium,2026-05-08,10:04:28.374,2026-05-08T10:04:28.374,Shaft_Displacement,Compressor Station A,Critical threshold broken for Shaft_Displacement,Осевое смещение вала за пределами допуска. Проверить муфту и опоры.,0
Low,2026-05-08,10:06:37.575,2026-05-08T10:06:37.575,Valve_Slow,Compressor Station A,Critical threshold broken for Valve_Slow,Запаздывание клапана. Загрязнение привода или износ уплотнений.,0
Medium,2026-05-08,10:09:53.464,2026-05-08T10:09:53.464,Pressure_Drop,Pump Station B,Critical threshold broken for Pressure_Drop,Падение давления. Возможна утечка или засорение фильтра.,0
High,2026-05-08,10:12:31.754,2026-05-08T10:12:31.754,Pump_Cavitation,Pump Station B,Critical threshold broken for Pump_Cavitation,Кавитация насоса. Снизить производительность или повысить давление на входе.,1
Medium,2026-05-08,10:27:23.232,2026-05-08T10:27:23.232,Lube_Oil_Press_Low,Compressor Station A,Critical threshold broken for Lube_Oil_Press_Low,Давление смазочного масла ниже нормы. Проверить масляный насос и фильтры.,0
High,2026-05-08,10:30:23.031,2026-05-08T10:30:23.031,Vib_Sensor_04_Err,Compressor Station A,Critical threshold broken for Vib_Sensor_04_Err,Вибрация превысила критический порог. Возможный износ подшипника или дисбаланс ротора.,1
Medium,2026-05-08,10:31:32.118,2026-05-08T10:31:32.118,Bearing_Temp_High,Compressor Station A,Critical threshold broken for Bearing_Temp_High,Перегрев подшипника. Недостаточная смазка или повреждение обоймы.,0
High,2026-05-08,10:38:24.167,2026-05-08T10:38:24.167,HX_FoulingAlarm,Heat Exchanger C,Critical threshold broken for HX_FoulingAlarm,Загрязнение теплообменника. Снижение КПД — требуется промывка.,1
High,2026-05-08,10:41:53.492,2026-05-08T10:41:53.492,HX_FoulingAlarm,Heat Exchanger C,Critical threshold broken for HX_FoulingAlarm,Загрязнение теплообменника. Снижение КПД — требуется промывка.,1
Medium,2026-05-08,10:43:55.819,2026-05-08T10:43:55.819,Flow_Low,Pump Station B,Critical threshold broken for Flow_Low,Низкий расход. Проверить задвижки и состояние рабочего колеса.,0
High,2026-05-08,10:55:10.792,2026-05-08T10:55:10.792,Steam_Press_High,Boiler Unit,Critical threshold broken for Steam_Press_High,Давление пара превышает норму. Проверить регулятор давления и предохранительный клапан.,1
Medium,2026-05-08,11:05:15.355,2026-05-08T11:05:15.355,Temp_Delta_High,Heat Exchanger C,Critical threshold broken for Temp_Delta_High,Высокая разница температур. Нарушение режима теплопередачи.,0
High,2026-05-08,11:06:01.880,2026-05-08T11:06:01.880,Vib_Sensor_04_Err,Compressor Station A,Critical threshold broken for Vib_Sensor_04_Err,Вибрация превысила критический порог. Возможный износ подшипника или дисбаланс ротора.,1
Medium,2026-05-08,11:27:20.194,2026-05-08T11:27:20.194,Flow_Low,Pump Station B,Critical threshold broken for Flow_Low,Низкий расход. Проверить задвижки и состояние рабочего колеса.,0
High,2026-05-08,11:32:48.259,2026-05-08T11:32:48.259,Vib_Sensor_04_Err,Compressor Station A,Critical threshold broken for Vib_Sensor_04_Err,Вибрация превысила критический порог. Возможный износ подшипника или дисбаланс ротора.,1
Low,2026-05-08,11:34:48.800,2026-05-08T11:34:48.800,Flow_Restrict,Heat Exchanger C,Critical threshold broken for Flow_Restrict,Ограничение потока. Частичное перекрытие прохода.,0
Medium,2026-05-08,11:54:09.799,2026-05-08T11:54:09.799,Pressure_Drop,Pump Station B,Critical threshold broken for Pressure_Drop,Падение давления. Возможна утечка или засорение фильтра.,0
High,2026-05-08,11:54:51.444,2026-05-08T11:54:51.444,Vib_Sensor_04_Err,Compressor Station A,Critical threshold broken for Vib_Sensor_04_Err,Вибрация превысила критический порог. Возможный износ подшипника или дисбаланс ротора.,1
Low,2026-05-08,11:55:29.333,2026-05-08T11:55:29.333,Flow_Restrict,Heat Exchanger C,Critical threshold broken for Flow_Restrict,Ограничение потока. Частичное перекрытие прохода.,0
High,2026-05-08,12:05:41.859,2026-05-08T12:05:41.859,Vib_Sensor_04_Err,Compressor Station A,Critical threshold broken for Vib_Sensor_04_Err,Вибрация превысила критический порог. Возможный износ подшипника или дисбаланс ротора.,1
High,2026-05-08,12:11:12.117,2026-05-08T12:11:12.117,Pump_Cavitation,Pump Station B,Critical threshold broken for Pump_Cavitation,Кавитация насоса. Снизить производительность или повысить давление на входе.,1
Low,2026-05-08,12:11:59.217,2026-05-08T12:11:59.217,Temp_Crit_B,Boiler Unit,Critical threshold broken for Temp_Crit_B,Критическая температура в зоне B. Нарушение теплообмена.,0
Low,2026-05-08,12:22:27.348,2026-05-08T12:22:27.348,Temp_Crit_B,Boiler Unit,Critical threshold broken for Temp_Crit_B,Критическая температура в зоне B. Нарушение теплообмена.,0
High,2026-05-08,12:35:50.937,2026-05-08T12:35:50.937,HX_FoulingAlarm,Heat Exchanger C,Critical threshold broken for HX_FoulingAlarm,Загрязнение теплообменника. Снижение КПД — требуется промывка.,1
Medium,2026-05-08,12:40:48.113,2026-05-08T12:40:48.113,Lube_Oil_Press_Low,Compressor Station A,Critical threshold broken for Lube_Oil_Press_Low,Давление смазочного масла ниже нормы. Проверить масляный насос и фильтры.,0
Medium,2026-05-08,12:50:14.194,2026-05-08T12:50:14.194,Valve_Stuck_Close,Boiler Unit,Critical threshold broken for Valve_Stuck_Close,Клапан не открывается. Механическая блокировка или отказ привода.,0
Medium,2026-05-08,13:06:42.891,2026-05-08T13:06:42.891,Shaft_Displacement,Compressor Station A,Critical threshold broken for Shaft_Displacement,Осевое смещение вала за пределами допуска. Проверить муфту и опоры.,0
Medium,2026-05-08,13:08:00.611,2026-05-08T13:08:00.611,Shaft_Displacement,Compressor Station A,Critical threshold broken for Shaft_Displacement,Осевое смещение вала за пределами допуска. Проверить муфту и опоры.,0
Medium,2026-05-08,13:09:22.672,2026-05-08T13:09:22.672,Lube_Oil_Press_Low,Compressor Station A,Critical threshold broken for Lube_Oil_Press_Low,Давление смазочного масла ниже нормы. Проверить масляный насос и фильтры.,0
High,2026-05-08,13:30:04.286,2026-05-08T13:30:04.286,Steam_Press_High,Boiler Unit,Critical threshold broken for Steam_Press_High,Давление пара превышает норму. Проверить регулятор давления и предохранительный клапан.,1
Medium,2026-05-08,13:30:51.581,2026-05-08T13:30:51.581,Lube_Oil_Press_Low,Compressor Station A,Critical threshold broken for Lube_Oil_Press_Low,Давление смазочного масла ниже нормы. Проверить масляный насос и фильтры.,0
High,2026-05-08,13:34:55.265,2026-05-08T13:34:55.265,Pump_Cavitation,Pump Station B,Critical threshold broken for Pump_Cavitation,Кавитация насоса. Снизить производительность или повысить давление на входе.,1
High,2026-05-08,13:44:47.578,2026-05-08T13:44:47.578,Vib_Sensor_04_Err,Compressor Station A,Critical threshold broken for Vib_Sensor_04_Err,Вибрация превысила критический порог. Возможный износ подшипника или дисбаланс ротора.,1
Low,2026-05-08,13:49:43.829,2026-05-08T13:49:43.829,Flow_Restrict,Heat Exchanger C,Critical threshold broken for Flow_Restrict,Ограничение потока. Частичное перекрытие прохода.,0
High,2026-05-08,13:52:51.979,2026-05-08T13:52:51.979,Vib_Sensor_04_Err,Compressor Station A,Critical threshold broken for Vib_Sensor_04_Err,Вибрация превысила критический порог. Возможный износ подшипника или дисбаланс ротора.,1
Low,2026-05-08,13:53:25.454,2026-05-08T13:53:25.454,Temp_Crit_B,Boiler Unit,Critical threshold broken for Temp_Crit_B,Критическая температура в зоне B. Нарушение теплообмена.,0
Medium,2026-05-08,13:54:08.368,2026-05-08T13:54:08.368,Lube_Oil_Press_Low,Compressor Station A,Critical threshold broken for Lube_Oil_Press_Low,Давление смазочного масла ниже нормы. Проверить масляный насос и фильтры.,0
Low,2026-05-08,13:54:35.079,2026-05-08T13:54:35.079,Valve_Slow,Compressor Station A,Critical threshold broken for Valve_Slow,Запаздывание клапана. Загрязнение привода или износ уплотнений.,0
Low,2026-05-08,13:55:00.301,2026-05-08T13:55:00.301,Flow_Variance,Boiler Unit,Critical threshold broken for Flow_Variance,Нестабильный расход. Частичное засорение трубопровода.,0
High,2026-05-08,13:55:06.225,2026-05-08T13:55:06.225,Vib_Sensor_04_Err,Compressor Station A,Critical threshold broken for Vib_Sensor_04_Err,Вибрация превысила критический порог. Возможный износ подшипника или дисбаланс ротора.,1
Low,2026-05-08,13:55:38.839,2026-05-08T13:55:38.839,Flow_Variance,Boiler Unit,Critical threshold broken for Flow_Variance,Нестабильный расход. Частичное засорение трубопровода.,0
Medium,2026-05-08,13:56:32.523,2026-05-08T13:56:32.523,Lube_Oil_Press_Low,Compressor Station A,Critical threshold broken for Lube_Oil_Press_Low,Давление смазочного масла ниже нормы. Проверить масляный насос и фильтры.,0
Medium,2026-05-08,13:58:45.238,2026-05-08T13:58:45.238,Lube_Oil_Press_Low,Compressor Station A,Critical threshold broken for Lube_Oil_Press_Low,Давление смазочного масла ниже нормы. Проверить масляный насос и фильтры.,0
Medium,2026-05-08,13:59:01.364,2026-05-08T13:59:01.364,Lube_Oil_Press_Low,Compressor Station A,Critical threshold broken for Lube_Oil_Press_Low,Давление смазочного масла ниже нормы. Проверить масляный насос и фильтры.,0
High,2026-05-08,14:00:28.691,2026-05-08T14:00:28.691,Vib_Sensor_04_Err,Compressor Station A,Critical threshold broken for Vib_Sensor_04_Err,Вибрация превысила критический порог. Возможный износ подшипника или дисбаланс ротора.,1
Medium,2026-05-08,14:00:48.230,2026-05-08T14:00:48.230,Lube_Oil_Press_Low,Compressor Station A,Critical threshold broken for Lube_Oil_Press_Low,Давление смазочного масла ниже нормы. Проверить масляный насос и фильтры.,0
Medium,2026-05-08,14:00:52.342,2026-05-08T14:00:52.342,Flow_Low,Pump Station B,Critical threshold broken for Flow_Low,Низкий расход. Проверить задвижки и состояние рабочего колеса.,0
Medium,2026-05-08,14:00:55.084,2026-05-08T14:00:55.084,Flow_Low,Pump Station B,Critical threshold broken for Flow_Low,Низкий расход. Проверить задвижки и состояние рабочего колеса.,0
Medium,2026-05-08,14:01:05.203,2026-05-08T14:01:05.203,Bearing_Temp_High,Compressor Station A,Critical threshold broken for Bearing_Temp_High,Перегрев подшипника. Недостаточная смазка или повреждение обоймы.,0
Medium,2026-05-08,14:01:21.493,2026-05-08T14:01:21.493,Flow_Low,Pump Station B,Critical threshold broken for Flow_Low,Низкий расход. Проверить задвижки и состояние рабочего колеса.,0
High,2026-05-08,14:01:51.984,2026-05-08T14:01:51.984,Steam_Press_High,Boiler Unit,Critical threshold broken for Steam_Press_High,Давление пара превышает норму. Проверить регулятор давления и предохранительный клапан.,1
High,2026-05-08,14:02:28.647,2026-05-08T14:02:28.647,Vib_Sensor_04_Err,Compressor Station A,Critical threshold broken for Vib_Sensor_04_Err,Вибрация превысила критический порог. Возможный износ подшипника или дисбаланс ротора.,1
High,2026-05-08,14:03:16.740,2026-05-08T14:03:16.740,Pump_Cavitation,Pump Station B,Critical threshold broken for Pump_Cavitation,Кавитация насоса. Снизить производительность или повысить давление на входе.,1
High,2026-05-08,14:03:21.665,2026-05-08T14:03:21.665,Vib_Sensor_04_Err,Compressor Station A,Critical threshold broken for Vib_Sensor_04_Err,Вибрация превысила критический порог. Возможный износ подшипника или дисбаланс ротора.,1
Low,2026-05-08,14:03:32.022,2026-05-08T14:03:32.022,Flow_Variance,Boiler Unit,Critical threshold broken for Flow_Variance,Нестабильный расход. Частичное засорение трубопровода.,0
Medium,2026-05-08,14:04:10.989,2026-05-08T14:04:10.989,Flow_Low,Pump Station B,Critical threshold broken for Flow_Low,Низкий расход. Проверить задвижки и состояние рабочего колеса.,0
Medium,2026-05-08,14:04:18.047,2026-05-08T14:04:18.047,Lube_Oil_Press_Low,Compressor Station A,Critical threshold broken for Lube_Oil_Press_Low,Давление смазочного масла ниже нормы. Проверить масляный насос и фильтры.,0
High,2026-05-08,14:04:26.500,2026-05-08T14:04:26.500,HX_FoulingAlarm,Heat Exchanger C,Critical threshold broken for HX_FoulingAlarm,Загрязнение теплообменника. Снижение КПД — требуется промывка.,1
High,2026-05-08,14:05:06.243,2026-05-08T14:05:06.243,Vib_Sensor_04_Err,Compressor Station A,Critical threshold broken for Vib_Sensor_04_Err,Вибрация превысила критический порог. Возможный износ подшипника или дисбаланс ротора.,1
High,2026-05-08,14:07:00.167,2026-05-08T14:07:00.167,Pump_Cavitation,Pump Station B,Critical threshold broken for Pump_Cavitation,Кавитация насоса. Снизить производительность или повысить давление на входе.,1
High,2026-05-08,14:07:04.333,2026-05-08T14:07:04.333,Vib_Sensor_04_Err,Compressor Station A,Critical threshold broken for Vib_Sensor_04_Err,Вибрация превысила критический порог. Возможный износ подшипника или дисбаланс ротора.,1
Medium,2026-05-08,14:07:16.292,2026-05-08T14:07:16.292,Lube_Oil_Press_Low,Compressor Station A,Critical threshold broken for Lube_Oil_Press_Low,Давление смазочного масла ниже нормы. Проверить масляный насос и фильтры.,0
Low,2026-05-08,14:07:46.749,2026-05-08T14:07:46.749,Valve_Slow,Compressor Station A,Critical threshold broken for Valve_Slow,Запаздывание клапана. Загрязнение привода или износ уплотнений.,0
Low,2026-05-08,14:08:20.650,2026-05-08T14:08:20.650,Flow_Restrict,Heat Exchanger C,Critical threshold broken for Flow_Restrict,Ограничение потока. Частичное перекрытие прохода.,0
Medium,2026-05-08,14:08:24.323,2026-05-08T14:08:24.323,Valve_Stuck_Close,Boiler Unit,Critical threshold broken for Valve_Stuck_Close,Клапан не открывается. Механическая блокировка или отказ привода.,0
High,2026-05-08,14:08:47.038,2026-05-08T14:08:47.038,Vib_Sensor_04_Err,Compressor Station A,Critical threshold broken for Vib_Sensor_04_Err,Вибрация превысила критический порог. Возможный износ подшипника или дисбаланс ротора.,1
Medium,2026-05-08,14:08:53.027,2026-05-08T14:08:53.027,Lube_Oil_Press_Low,Compressor Station A,Critical threshold broken for Lube_Oil_Press_Low,Давление смазочного масла ниже нормы. Проверить масляный насос и фильтры.,0
Medium,2026-05-08,14:09:40.735,2026-05-08T14:09:40.735,Lube_Oil_Press_Low,Compressor Station A,Critical threshold broken for Lube_Oil_Press_Low,Давление смазочного масла ниже нормы. Проверить масляный насос и фильтры.,0
Medium,2026-05-08,14:10:01.046,2026-05-08T14:10:01.046,Shaft_Displacement,Compressor Station A,Critical threshold broken for Shaft_Displacement,Осевое смещение вала за пределами допуска. Проверить муфту и опоры.,0
Medium,2026-05-08,14:10:03.916,2026-05-08T14:10:03.916,Lube_Oil_Press_Low,Compressor Station A,Critical threshold broken for Lube_Oil_Press_Low,Давление смазочного масла ниже нормы. Проверить масляный насос и фильтры.,0
Medium,2026-05-08,14:10:18.640,2026-05-08T14:10:18.640,Lube_Oil_Press_Low,Compressor Station A,Critical threshold broken for Lube_Oil_Press_Low,Давление смазочного масла ниже нормы. Проверить масляный насос и фильтры.,0
Medium,2026-05-08,14:10:20.006,2026-05-08T14:10:20.006,Shaft_Displacement,Compressor Station A,Critical threshold broken for Shaft_Displacement,Осевое смещение вала за пределами допуска. Проверить муфту и опоры.,0
High,2026-05-08,14:11:25.263,2026-05-08T14:11:25.263,Vib_Sensor_04_Err,Compressor Station A,Critical threshold broken for Vib_Sensor_04_Err,Вибрация превысила критический порог. Возможный износ подшипника или дисбаланс ротора.,1
Medium,2026-05-08,14:12:11.387,2026-05-08T14:12:11.387,Lube_Oil_Press_Low,Compressor Station A,Critical threshold broken for Lube_Oil_Press_Low,Давление смазочного масла ниже нормы. Проверить масляный насос и фильтры.,0
High,2026-05-08,14:12:14.415,2026-05-08T14:12:14.415,HX_FoulingAlarm,Heat Exchanger C,Critical threshold broken for HX_FoulingAlarm,Загрязнение теплообменника. Снижение КПД — требуется промывка.,1
High,2026-05-08,14:14:08.665,2026-05-08T14:14:08.665,Vib_Sensor_04_Err,Compressor Station A,Critical threshold broken for Vib_Sensor_04_Err,Вибрация превысила критический порог. Возможный износ подшипника или дисбаланс ротора.,1
Low,2026-05-08,14:14:36.121,2026-05-08T14:14:36.121,Valve_Slow,Compressor Station A,Critical threshold broken for Valve_Slow,Запаздывание клапана. Загрязнение привода или износ уплотнений.,0
Medium,2026-05-08,14:15:08.295,2026-05-08T14:15:08.295,Flow_Low,Pump Station B,Critical threshold broken for Flow_Low,Низкий расход. Проверить задвижки и состояние рабочего колеса.,0
High,2026-05-08,14:15:15.577,2026-05-08T14:15:15.577,Vib_Sensor_04_Err,Compressor Station A,Critical threshold broken for Vib_Sensor_04_Err,Вибрация превысила критический порог. Возможный износ подшипника или дисбаланс ротора.,1
High,2026-05-08,14:15:15.804,2026-05-08T14:15:15.804,Steam_Press_High,Boiler Unit,Critical threshold broken for Steam_Press_High,Давление пара превышает норму. Проверить регулятор давления и предохранительный клапан.,1
Medium,2026-05-08,14:15:22.637,2026-05-08T14:15:22.637,Bearing_Temp_High,Compressor Station A,Critical threshold broken for Bearing_Temp_High,Перегрев подшипника. Недостаточная смазка или повреждение обоймы.,0
Medium,2026-05-08,14:15:27.101,2026-05-08T14:15:27.101,Temp_Delta_High,Heat Exchanger C,Critical threshold broken for Temp_Delta_High,Высокая разница температур. Нарушение режима теплопередачи.,0
High,2026-05-08,14:15:53.123,2026-05-08T14:15:53.123,Vib_Sensor_04_Err,Compressor Station A,Critical threshold broken for Vib_Sensor_04_Err,Вибрация превысила критический порог. Возможный износ подшипника или дисбаланс ротора.,1
Medium,2026-05-08,14:15:57.182,2026-05-08T14:15:57.182,Lube_Oil_Press_Low,Compressor Station A,Critical threshold broken for Lube_Oil_Press_Low,Давление смазочного масла ниже нормы. Проверить масляный насос и фильтры.,0
High,2026-05-08,14:16:59.665,2026-05-08T14:16:59.665,Vib_Sensor_04_Err,Compressor Station A,Critical threshold broken for Vib_Sensor_04_Err,Вибрация превысила критический порог. Возможный износ подшипника или дисбаланс ротора.,1
Medium,2026-05-08,14:17:32.970,2026-05-08T14:17:32.970,Shaft_Displacement,Compressor Station A,Critical threshold broken for Shaft_Displacement,Осевое смещение вала за пределами допуска. Проверить муфту и опоры.,0
Medium,2026-05-08,14:17:36.162,2026-05-08T14:17:36.162,Bearing_Temp_High,Compressor Station A,Critical threshold broken for Bearing_Temp_High,Перегрев подшипника. Недостаточная смазка или повреждение обоймы.,0
Medium,2026-05-08,14:17:43.336,2026-05-08T14:17:43.336,Bearing_Temp_High,Compressor Station A,Critical threshold broken for Bearing_Temp_High,Перегрев подшипника. Недостаточная смазка или повреждение обоймы.,0
High,2026-05-08,14:17:50.723,2026-05-08T14:17:50.723,Vib_Sensor_04_Err,Compressor Station A,Critical threshold broken for Vib_Sensor_04_Err,Вибрация превысила критический порог. Возможный износ подшипника или дисбаланс ротора.,1
High,2026-05-08,14:18:16.160,2026-05-08T14:18:16.160,Vib_Sensor_04_Err,Compressor Station A,Critical threshold broken for Vib_Sensor_04_Err,Вибрация превысила критический порог. Возможный износ подшипника или дисбаланс ротора.,1
High,2026-05-08,14:18:30.702,2026-05-08T14:18:30.702,Vib_Sensor_04_Err,Compressor Station A,Critical threshold broken for Vib_Sensor_04_Err,Вибрация превысила критический порог. Возможный износ подшипника или дисбаланс ротора.,1
Medium,2026-05-08,14:18:57.022,2026-05-08T14:18:57.022,Shaft_Displacement,Compressor Station A,Critical threshold broken for Shaft_Displacement,Осевое смещение вала за пределами допуска. Проверить муфту и опоры.,0
High,2026-05-08,14:19:03.948,2026-05-08T14:19:03.948,HX_FoulingAlarm,Heat Exchanger C,Critical threshold broken for HX_FoulingAlarm,Загрязнение теплообменника. Снижение КПД — требуется промывка.,1
Medium,2026-05-08,14:19:22.215,2026-05-08T14:19:22.215,Lube_Oil_Press_Low,Compressor Station A,Critical threshold broken for Lube_Oil_Press_Low,Давление смазочного масла ниже нормы. Проверить масляный насос и фильтры.,0
Medium,2026-05-08,14:19:30.473,2026-05-08T14:19:30.473,Valve_Stuck_Close,Boiler Unit,Critical threshold broken for Valve_Stuck_Close,Клапан не открывается. Механическая блокировка или отказ привода.,0
Medium,2026-05-08,14:19:42.695,2026-05-08T14:19:42.695,Lube_Oil_Press_Low,Compressor Station A,Critical threshold broken for Lube_Oil_Press_Low,Давление смазочного масла ниже нормы. Проверить масляный насос и фильтры.,0
High,2026-05-08,14:19:44.983,2026-05-08T14:19:44.983,Vib_Sensor_04_Err,Compressor Station A,Critical threshold broken for Vib_Sensor_04_Err,Вибрация превысила критический порог. Возможный износ подшипника или дисбаланс ротора.,1
High,2026-05-08,14:19:46.448,2026-05-08T14:19:46.448,Vib_Sensor_04_Err,Compressor Station A,Critical threshold broken for Vib_Sensor_04_Err,Вибрация превысила критический порог. Возможный износ подшипника или дисбаланс ротора.,1
Medium,2026-05-08,14:19:52.694,2026-05-08T14:19:52.694,Bearing_Temp_High,Compressor Station A,Critical threshold broken for Bearing_Temp_High,Перегрев подшипника. Недостаточная смазка или повреждение обоймы.,0
Low,2026-05-08,14:19:53.130,2026-05-08T14:19:53.130,Valve_Slow,Compressor Station A,Critical threshold broken for Valve_Slow,Запаздывание клапана. Загрязнение привода или износ уплотнений.,0
High,2026-05-08,14:19:54.636,2026-05-08T14:19:54.636,Steam_Press_High,Boiler Unit,Critical threshold broken for Steam_Press_High,Давление пара превышает норму. Проверить регулятор давления и предохранительный клапан.,1
High,2026-05-08,14:20:26.009,2026-05-08T14:20:26.009,HX_FoulingAlarm,Heat Exchanger C,Critical threshold broken for HX_FoulingAlarm,Загрязнение теплообменника. Снижение КПД — требуется промывка.,1
High,2026-05-08,14:21:07.974,2026-05-08T14:21:07.974,Vib_Sensor_04_Err,Compressor Station A,Critical threshold broken for Vib_Sensor_04_Err,Вибрация превысила критический порог. Возможный износ подшипника или дисбаланс ротора.,1
High,2026-05-08,14:21:35.674,2026-05-08T14:21:35.674,Vib_Sensor_04_Err,Compressor Station A,Critical threshold broken for Vib_Sensor_04_Err,Вибрация превысила критический порог. Возможный износ подшипника или дисбаланс ротора.,1
High,2026-05-08,14:22:02.700,2026-05-08T14:22:02.700,Vib_Sensor_04_Err,Compressor Station A,Critical threshold broken for Vib_Sensor_04_Err,Вибрация превысила критический порог. Возможный износ подшипника или дисбаланс ротора.,1
Medium,2026-05-08,14:22:26.150,2026-05-08T14:22:26.150,Lube_Oil_Press_Low,Compressor Station A,Critical threshold broken for Lube_Oil_Press_Low,Давление смазочного масла ниже нормы. Проверить масляный насос и фильтры.,0
High,2026-05-08,14:22:34.067,2026-05-08T14:22:34.067,HX_FoulingAlarm,Heat Exchanger C,Critical threshold broken for HX_FoulingAlarm,Загрязнение теплообменника. Снижение КПД — требуется промывка.,1
Medium,2026-05-08,14:22:43.775,2026-05-08T14:22:43.775,Bearing_Temp_High,Compressor Station A,Critical threshold broken for Bearing_Temp_High,Перегрев подшипника. Недостаточная смазка или повреждение обоймы.,0
High,2026-05-08,14:23:44.996,2026-05-08T14:23:44.996,Vib_Sensor_04_Err,Compressor Station A,Critical threshold broken for Vib_Sensor_04_Err,Вибрация превысила критический порог. Возможный износ подшипника или дисбаланс ротора.,1
High,2026-05-08,14:23:45.876,2026-05-08T14:23:45.876,Vib_Sensor_04_Err,Compressor Station A,Critical threshold broken for Vib_Sensor_04_Err,Вибрация превысила критический порог. Возможный износ подшипника или дисбаланс ротора.,1
Medium,2026-05-08,14:24:07.547,2026-05-08T14:24:07.547,Bearing_Temp_High,Compressor Station A,Critical threshold broken for Bearing_Temp_High,Перегрев подшипника. Недостаточная смазка или повреждение обоймы.,0
High,2026-05-08,14:24:09.162,2026-05-08T14:24:09.162,Steam_Press_High,Boiler Unit,Critical threshold broken for Steam_Press_High,Давление пара превышает норму. Проверить регулятор давления и предохранительный клапан.,1
Medium,2026-05-08,14:24:11.589,2026-05-08T14:24:11.589,Valve_Stuck_Close,Boiler Unit,Critical threshold broken for Valve_Stuck_Close,Клапан не открывается. Механическая блокировка или отказ привода.,0
Low,2026-05-08,14:24:18.619,2026-05-08T14:24:18.619,Flow_Variance,Boiler Unit,Critical threshold broken for Flow_Variance,Нестабильный расход. Частичное засорение трубопровода.,0
Low,2026-05-08,14:24:20.080,2026-05-08T14:24:20.080,Temp_Crit_B,Boiler Unit,Critical threshold broken for Temp_Crit_B,Критическая температура в зоне B. Нарушение теплообмена.,0
Medium,2026-05-08,14:24:28.512,2026-05-08T14:24:28.512,Lube_Oil_Press_Low,Compressor Station A,Critical threshold broken for Lube_Oil_Press_Low,Давление смазочного масла ниже нормы. Проверить масляный насос и фильтры.,0
High,2026-05-08,14:25:05.518,2026-05-08T14:25:05.518,Vib_Sensor_04_Err,Compressor Station A,Critical threshold broken for Vib_Sensor_04_Err,Вибрация превысила критический порог. Возможный износ подшипника или дисбаланс ротора.,1
Medium,2026-05-08,14:25:06.562,2026-05-08T14:25:06.562,Lube_Oil_Press_Low,Compressor Station A,Critical threshold broken for Lube_Oil_Press_Low,Давление смазочного масла ниже нормы. Проверить масляный насос и фильтры.,0
Low,2026-05-08,14:25:07.392,2026-05-08T14:25:07.392,Temp_Crit_B,Boiler Unit,Critical threshold broken for Temp_Crit_B,Критическая температура в зоне B. Нарушение теплообмена.,0
Medium,2026-05-08,14:25:15.551,2026-05-08T14:25:15.551,Valve_Stuck_Close,Boiler Unit,Critical threshold broken for Valve_Stuck_Close,Клапан не открывается. Механическая блокировка или отказ привода.,0
Medium,2026-05-08,14:25:32.614,2026-05-08T14:25:32.614,Lube_Oil_Press_Low,Compressor Station A,Critical threshold broken for Lube_Oil_Press_Low,Давление смазочного масла ниже нормы. Проверить масляный насос и фильтры.,0
High,2026-05-08,14:25:43.300,2026-05-08T14:25:43.300,Vib_Sensor_04_Err,Compressor Station A,Critical threshold broken for Vib_Sensor_04_Err,Вибрация превысила критический порог. Возможный износ подшипника или дисбаланс ротора.,1
Medium,2026-05-08,14:25:47.707,2026-05-08T14:25:47.707,Bearing_Temp_High,Compressor Station A,Critical threshold broken for Bearing_Temp_High,Перегрев подшипника. Недостаточная смазка или повреждение обоймы.,0
Medium,2026-05-08,14:26:09.716,2026-05-08T14:26:09.716,Lube_Oil_Press_Low,Compressor Station A,Critical threshold broken for Lube_Oil_Press_Low,Давление смазочного масла ниже нормы. Проверить масляный насос и фильтры.,0
High,2026-05-08,14:26:26.760,2026-05-08T14:26:26.760,Vib_Sensor_04_Err,Compressor Station A,Critical threshold broken for Vib_Sensor_04_Err,Вибрация превысила критический порог. Возможный износ подшипника или дисбаланс ротора.,1
High,2026-05-08,14:26:27.664,2026-05-08T14:26:27.664,Vib_Sensor_04_Err,Compressor Station A,Critical threshold broken for Vib_Sensor_04_Err,Вибрация превысила критический порог. Возможный износ подшипника или дисбаланс ротора.,1
High,2026-05-08,14:27:05.942,2026-05-08T14:27:05.942,HX_FoulingAlarm,Heat Exchanger C,Critical threshold broken for HX_FoulingAlarm,Загрязнение теплообменника. Снижение КПД — требуется промывка.,1
High,2026-05-08,14:27:11.419,2026-05-08T14:27:11.419,Vib_Sensor_04_Err,Compressor Station A,Critical threshold broken for Vib_Sensor_04_Err,Вибрация превысила критический порог. Возможный износ подшипника или дисбаланс ротора.,1
High,2026-05-08,14:27:34.232,2026-05-08T14:27:34.232,Vib_Sensor_04_Err,Compressor Station A,Critical threshold broken for Vib_Sensor_04_Err,Вибрация превысила критический порог. Возможный износ подшипника или дисбаланс ротора.,1
Medium,2026-05-08,14:27:58.341,2026-05-08T14:27:58.341,Shaft_Displacement,Compressor Station A,Critical threshold broken for Shaft_Displacement,Осевое смещение вала за пределами допуска. Проверить муфту и опоры.,0
Low,2026-05-08,14:28:38.855,2026-05-08T14:28:38.855,Valve_Slow,Compressor Station A,Critical threshold broken for Valve_Slow,Запаздывание клапана. Загрязнение привода или износ уплотнений.,0
Medium,2026-05-08,14:29:04.437,2026-05-08T14:29:04.437,Bearing_Temp_High,Compressor Station A,Critical threshold broken for Bearing_Temp_High,Перегрев подшипника. Недостаточная смазка или повреждение обоймы.,0
High,2026-05-08,14:29:06.342,2026-05-08T14:29:06.342,Vib_Sensor_04_Err,Compressor Station A,Critical threshold broken for Vib_Sensor_04_Err,Вибрация превысила критический порог. Возможный износ подшипника или дисбаланс ротора.,1
Medium,2026-05-08,14:29:20.627,2026-05-08T14:29:20.627,Lube_Oil_Press_Low,Compressor Station A,Critical threshold broken for Lube_Oil_Press_Low,Давление смазочного масла ниже нормы. Проверить масляный насос и фильтры.,0
High,2026-05-08,14:29:21.462,2026-05-08T14:29:21.462,Vib_Sensor_04_Err,Compressor Station A,Critical threshold broken for Vib_Sensor_04_Err,Вибрация превысила критический порог. Возможный износ подшипника или дисбаланс ротора.,1
Medium,2026-05-08,14:29:33.222,2026-05-08T14:29:33.222,Shaft_Displacement,Compressor Station A,Critical threshold broken for Shaft_Displacement,Осевое смещение вала за пределами допуска. Проверить муфту и опоры.,0
Medium,2026-05-08,14:29:37.275,2026-05-08T14:29:37.275,Lube_Oil_Press_Low,Compressor Station A,Critical threshold broken for Lube_Oil_Press_Low,Давление смазочного масла ниже нормы. Проверить масляный насос и фильтры.,0
High,2026-05-08,14:29:48.827,2026-05-08T14:29:48.827,Pump_Cavitation,Pump Station B,Critical threshold broken for Pump_Cavitation,Кавитация насоса. Снизить производительность или повысить давление на входе.,1
Medium,2026-05-08,14:29:55.684,2026-05-08T14:29:55.684,Bearing_Temp_High,Compressor Station A,Critical threshold broken for Bearing_Temp_High,Перегрев подшипника. Недостаточная смазка или повреждение обоймы.,0
Medium,2026-05-08,14:29:58.882,2026-05-08T14:29:58.882,Lube_Oil_Press_Low,Compressor Station A,Critical threshold broken for Lube_Oil_Press_Low,Давление смазочного масла ниже нормы. Проверить масляный насос и фильтры.,0
Medium,2026-05-08,14:30:00.305,2026-05-08T14:30:00.305,Temp_Delta_High,Heat Exchanger C,Critical threshold broken for Temp_Delta_High,Высокая разница температур. Нарушение режима теплопередачи.,0
High,2026-05-08,14:30:06.242,2026-05-08T14:30:06.242,Vib_Sensor_04_Err,Compressor Station A,Critical threshold broken for Vib_Sensor_04_Err,Вибрация превысила критический порог. Возможный износ подшипника или дисбаланс ротора.,1
Medium,2026-05-08,14:30:10.949,2026-05-08T14:30:10.949,Lube_Oil_Press_Low,Compressor Station A,Critical threshold broken for Lube_Oil_Press_Low,Давление смазочного масла ниже нормы. Проверить масляный насос и фильтры.,0
Low,2026-05-08,14:30:24.386,2026-05-08T14:30:24.386,Valve_Slow,Compressor Station A,Critical threshold broken for Valve_Slow,Запаздывание клапана. Загрязнение привода или износ уплотнений.,0
High,2026-05-08,14:30:30.763,2026-05-08T14:30:30.763,Vib_Sensor_04_Err,Compressor Station A,Critical threshold broken for Vib_Sensor_04_Err,Вибрация превысила критический порог. Возможный износ подшипника или дисбаланс ротора.,1
Medium,2026-05-08,14:30:46.965,2026-05-08T14:30:46.965,Bearing_Temp_High,Compressor Station A,Critical threshold broken for Bearing_Temp_High,Перегрев подшипника. Недостаточная смазка или повреждение обоймы.,0
High,2026-05-08,14:31:01.595,2026-05-08T14:31:01.595,Pump_Cavitation,Pump Station B,Critical threshold broken for Pump_Cavitation,Кавитация насоса. Снизить производительность или повысить давление на входе.,1
High,2026-05-08,14:31:20.645,2026-05-08T14:31:20.645,Vib_Sensor_04_Err,Compressor Station A,Critical threshold broken for Vib_Sensor_04_Err,Вибрация превысила критический порог. Возможный износ подшипника или дисбаланс ротора.,1
Medium,2026-05-08,14:31:24.277,2026-05-08T14:31:24.277,Lube_Oil_Press_Low,Compressor Station A,Critical threshold broken for Lube_Oil_Press_Low,Давление смазочного масла ниже нормы. Проверить масляный насос и фильтры.,0
High,2026-05-08,14:31:42.475,2026-05-08T14:31:42.475,HX_FoulingAlarm,Heat Exchanger C,Critical threshold broken for HX_FoulingAlarm,Загрязнение теплообменника. Снижение КПД — требуется промывка.,1
High,2026-05-08,14:31:43.525,2026-05-08T14:31:43.525,Steam_Press_High,Boiler Unit,Critical threshold broken for Steam_Press_High,Давление пара превышает норму. Проверить регулятор давления и предохранительный клапан.,1
Medium,2026-05-08,14:31:46.865,2026-05-08T14:31:46.865,Shaft_Displacement,Compressor Station A,Critical threshold broken for Shaft_Displacement,Осевое смещение вала за пределами допуска. Проверить муфту и опоры.,0
Medium,2026-05-08,14:31:47.821,2026-05-08T14:31:47.821,Bearing_Temp_High,Compressor Station A,Critical threshold broken for Bearing_Temp_High,Перегрев подшипника. Недостаточная смазка или повреждение обоймы.,0
Medium,2026-05-08,14:32:10.940,2026-05-08T14:32:10.940,Lube_Oil_Press_Low,Compressor Station A,Critical threshold broken for Lube_Oil_Press_Low,Давление смазочного масла ниже нормы. Проверить масляный насос и фильтры.,0
High,2026-05-08,14:32:30.675,2026-05-08T14:32:30.675,Vib_Sensor_04_Err,Compressor Station A,Critical threshold broken for Vib_Sensor_04_Err,Вибрация превысила критический порог. Возможный износ подшипника или дисбаланс ротора.,1
High,2026-05-08,14:33:00.654,2026-05-08T14:33:00.654,Vib_Sensor_04_Err,Compressor Station A,Critical threshold broken for Vib_Sensor_04_Err,Вибрация превысила критический порог. Возможный износ подшипника или дисбаланс ротора.,1
Medium,2026-05-08,14:33:24.347,2026-05-08T14:33:24.347,Shaft_Displacement,Compressor Station A,Critical threshold broken for Shaft_Displacement,Осевое смещение вала за пределами допуска. Проверить муфту и опоры.,0
Medium,2026-05-08,14:33:54.651,2026-05-08T14:33:54.651,Shaft_Displacement,Compressor Station A,Critical threshold broken for Shaft_Displacement,Осевое смещение вала за пределами допуска. Проверить муфту и опоры.,0
Medium,2026-05-08,14:33:57.143,2026-05-08T14:33:57.143,Flow_Low,Pump Station B,Critical threshold broken for Flow_Low,Низкий расход. Проверить задвижки и состояние рабочего колеса.,0
High,2026-05-08,14:34:04.247,2026-05-08T14:34:04.247,Vib_Sensor_04_Err,Compressor Station A,Critical threshold broken for Vib_Sensor_04_Err,Вибрация превысила критический порог. Возможный износ подшипника или дисбаланс ротора.,1
High,2026-05-08,14:34:19.954,2026-05-08T14:34:19.954,HX_FoulingAlarm,Heat Exchanger C,Critical threshold broken for HX_FoulingAlarm,Загрязнение теплообменника. Снижение КПД — требуется промывка.,1
Medium,2026-05-08,14:34:30.979,2026-05-08T14:34:30.979,Temp_Delta_High,Heat Exchanger C,Critical threshold broken for Temp_Delta_High,Высокая разница температур. Нарушение режима теплопередачи.,0
High,2026-05-08,14:34:31.861,2026-05-08T14:34:31.861,Vib_Sensor_04_Err,Compressor Station A,Critical threshold broken for Vib_Sensor_04_Err,Вибрация превысила критический порог. Возможный износ подшипника или дисбаланс ротора.,1
Medium,2026-05-08,14:34:32.230,2026-05-08T14:34:32.230,Bearing_Temp_High,Compressor Station A,Critical threshold broken for Bearing_Temp_High,Перегрев подшипника. Недостаточная смазка или повреждение обоймы.,0
Medium,2026-05-08,14:34:43.503,2026-05-08T14:34:43.503,Lube_Oil_Press_Low,Compressor Station A,Critical threshold broken for Lube_Oil_Press_Low,Давление смазочного масла ниже нормы. Проверить масляный насос и фильтры.,0
Medium,2026-05-08,14:34:57.375,2026-05-08T14:34:57.375,Bearing_Temp_High,Compressor Station A,Critical threshold broken for Bearing_Temp_High,Перегрев подшипника. Недостаточная смазка или повреждение обоймы.,0
Medium,2026-05-08,14:35:24.452,2026-05-08T14:35:24.452,Lube_Oil_Press_Low,Compressor Station A,Critical threshold broken for Lube_Oil_Press_Low,Давление смазочного масла ниже нормы. Проверить масляный насос и фильтры.,0
Medium,2026-05-08,14:35:26.105,2026-05-08T14:35:26.105,Pressure_Drop,Pump Station B,Critical threshold broken for Pressure_Drop,Падение давления. Возможна утечка или засорение фильтра.,0
Medium,2026-05-08,14:35:31.178,2026-05-08T14:35:31.178,Lube_Oil_Press_Low,Compressor Station A,Critical threshold broken for Lube_Oil_Press_Low,Давление смазочного масла ниже нормы. Проверить масляный насос и фильтры.,0
Medium,2026-05-08,14:35:38.442,2026-05-08T14:35:38.442,Lube_Oil_Press_Low,Compressor Station A,Critical threshold broken for Lube_Oil_Press_Low,Давление смазочного масла ниже нормы. Проверить масляный насос и фильтры.,0
High,2026-05-08,14:35:40.675,2026-05-08T14:35:40.675,Vib_Sensor_04_Err,Compressor Station A,Critical threshold broken for Vib_Sensor_04_Err,Вибрация превысила критический порог. Возможный износ подшипника или дисбаланс ротора.,1
Low,2026-05-08,14:35:54.535,2026-05-08T14:35:54.535,Temp_Crit_B,Boiler Unit,Critical threshold broken for Temp_Crit_B,Критическая температура в зоне B. Нарушение теплообмена.,0
Medium,2026-05-08,14:36:06.195,2026-05-08T14:36:06.195,Bearing_Temp_High,Compressor Station A,Critical threshold broken for Bearing_Temp_High,Перегрев подшипника. Недостаточная смазка или повреждение обоймы.,0
Medium,2026-05-08,14:36:07.837,2026-05-08T14:36:07.837,Lube_Oil_Press_Low,Compressor Station A,Critical threshold broken for Lube_Oil_Press_Low,Давление смазочного масла ниже нормы. Проверить масляный насос и фильтры.,0
High,2026-05-08,14:36:07.942,2026-05-08T14:36:07.942,Steam_Press_High,Boiler Unit,Critical threshold broken for Steam_Press_High,Давление пара превышает норму. Проверить регулятор давления и предохранительный клапан.,1
Medium,2026-05-08,14:36:27.112,2026-05-08T14:36:27.112,Valve_Stuck_Close,Boiler Unit,Critical threshold broken for Valve_Stuck_Close,Клапан не открывается. Механическая блокировка или отказ привода.,0
Medium,2026-05-08,14:36:40.641,2026-05-08T14:36:40.641,Bearing_Temp_High,Compressor Station A,Critical threshold broken for Bearing_Temp_High,Перегрев подшипника. Недостаточная смазка или повреждение обоймы.,0
Medium,2026-05-08,14:36:42.085,2026-05-08T14:36:42.085,Flow_Low,Pump Station B,Critical threshold broken for Flow_Low,Низкий расход. Проверить задвижки и состояние рабочего колеса.,0
High,2026-05-08,14:36:43.992,2026-05-08T14:36:43.992,Vib_Sensor_04_Err,Compressor Station A,Critical threshold broken for Vib_Sensor_04_Err,Вибрация превысила критический порог. Возможный износ подшипника или дисбаланс ротора.,1
Medium,2026-05-08,14:36:52.232,2026-05-08T14:36:52.232,Bearing_Temp_High,Compressor Station A,Critical threshold broken for Bearing_Temp_High,Перегрев подшипника. Недостаточная смазка или повреждение обоймы.,0
High,2026-05-08,14:37:04.697,2026-05-08T14:37:04.697,Vib_Sensor_04_Err,Compressor Station A,Critical threshold broken for Vib_Sensor_04_Err,Вибрация превысила критический порог. Возможный износ подшипника или дисбаланс ротора.,1
High,2026-05-08,14:37:08.703,2026-05-08T14:37:08.703,Vib_Sensor_04_Err,Compressor Station A,Critical threshold broken for Vib_Sensor_04_Err,Вибрация превысила критический порог. Возможный износ подшипника или дисбаланс ротора.,1
High,2026-05-08,14:37:12.129,2026-05-08T14:37:12.129,Vib_Sensor_04_Err,Compressor Station A,Critical threshold broken for Vib_Sensor_04_Err,Вибрация превысила критический порог. Возможный износ подшипника или дисбаланс ротора.,1
Low,2026-05-08,14:37:17.872,2026-05-08T14:37:17.872,Temp_Crit_B,Boiler Unit,Critical threshold broken for Temp_Crit_B,Критическая температура в зоне B. Нарушение теплообмена.,0
High,2026-05-08,14:37:43.701,2026-05-08T14:37:43.701,Vib_Sensor_04_Err,Compressor Station A,Critical threshold broken for Vib_Sensor_04_Err,Вибрация превысила критический порог. Возможный износ подшипника или дисбаланс ротора.,1
High,2026-05-08,14:37:54.989,2026-05-08T14:37:54.989,Steam_Press_High,Boiler Unit,Critical threshold broken for Steam_Press_High,Давление пара превышает норму. Проверить регулятор давления и предохранительный клапан.,1
Medium,2026-05-08,14:38:02.958,2026-05-08T14:38:02.958,Lube_Oil_Press_Low,Compressor Station A,Critical threshold broken for Lube_Oil_Press_Low,Давление смазочного масла ниже нормы. Проверить масляный насос и фильтры.,0
Medium,2026-05-08,14:38:39.350,2026-05-08T14:38:39.350,Flow_Low,Pump Station B,Critical threshold broken for Flow_Low,Низкий расход. Проверить задвижки и состояние рабочего колеса.,0
High,2026-05-08,14:38:45.068,2026-05-08T14:38:45.068,Vib_Sensor_04_Err,Compressor Station A,Critical threshold broken for Vib_Sensor_04_Err,Вибрация превысила критический порог. Возможный износ подшипника или дисбаланс ротора.,1
High,2026-05-08,14:39:09.098,2026-05-08T14:39:09.098,Vib_Sensor_04_Err,Compressor Station A,Critical threshold broken for Vib_Sensor_04_Err,Вибрация превысила критический порог. Возможный износ подшипника или дисбаланс ротора.,1
High,2026-05-08,14:39:26.824,2026-05-08T14:39:26.824,Vib_Sensor_04_Err,Compressor Station A,Critical threshold broken for Vib_Sensor_04_Err,Вибрация превысила критический порог. Возможный износ подшипника или дисбаланс ротора.,1
Medium,2026-05-08,14:39:26.977,2026-05-08T14:39:26.977,Shaft_Displacement,Compressor Station A,Critical threshold broken for Shaft_Displacement,Осевое смещение вала за пределами допуска. Проверить муфту и опоры.,0
Medium,2026-05-08,14:39:32.984,2026-05-08T14:39:32.984,Flow_Low,Pump Station B,Critical threshold broken for Flow_Low,Низкий расход. Проверить задвижки и состояние рабочего колеса.,0
Medium,2026-05-08,14:39:38.538,2026-05-08T14:39:38.538,Temp_Delta_High,Heat Exchanger C,Critical threshold broken for Temp_Delta_High,Высокая разница температур. Нарушение режима теплопередачи.,0
High,2026-05-08,14:39:43.023,2026-05-08T14:39:43.023,Vib_Sensor_04_Err,Compressor Station A,Critical threshold broken for Vib_Sensor_04_Err,Вибрация превысила критический порог. Возможный износ подшипника или дисбаланс ротора.,1
Low,2026-05-08,14:39:45.082,2026-05-08T14:39:45.082,Flow_Restrict,Heat Exchanger C,Critical threshold broken for Flow_Restrict,Ограничение потока. Частичное перекрытие прохода.,0
Medium,2026-05-08,14:39:52.224,2026-05-08T14:39:52.224,Valve_Stuck_Close,Boiler Unit,Critical threshold broken for Valve_Stuck_Close,Клапан не открывается. Механическая блокировка или отказ привода.,0
Medium,2026-05-08,14:39:56.336,2026-05-08T14:39:56.336,Bearing_Temp_High,Compressor Station A,Critical threshold broken for Bearing_Temp_High,Перегрев подшипника. Недостаточная смазка или повреждение обоймы.,0
High,2026-05-08,14:40:05.545,2026-05-08T14:40:05.545,Vib_Sensor_04_Err,Compressor Station A,Critical threshold broken for Vib_Sensor_04_Err,Вибрация превысила критический порог. Возможный износ подшипника или дисбаланс ротора.,1
Medium,2026-05-08,14:40:22.515,2026-05-08T14:40:22.515,Lube_Oil_Press_Low,Compressor Station A,Critical threshold broken for Lube_Oil_Press_Low,Давление смазочного масла ниже нормы. Проверить масляный насос и фильтры.,0
High,2026-05-08,14:40:26.046,2026-05-08T14:40:26.046,Vib_Sensor_04_Err,Compressor Station A,Critical threshold broken for Vib_Sensor_04_Err,Вибрация превысила критический порог. Возможный износ подшипника или дисбаланс ротора.,1
Medium,2026-05-08,14:40:58.213,2026-05-08T14:40:58.213,Shaft_Displacement,Compressor Station A,Critical threshold broken for Shaft_Displacement,Осевое смещение вала за пределами допуска. Проверить муфту и опоры.,0
Low,2026-05-08,14:41:07.086,2026-05-08T14:41:07.086,Valve_Slow,Compressor Station A,Critical threshold broken for Valve_Slow,Запаздывание клапана. Загрязнение привода или износ уплотнений.,0
High,2026-05-08,14:41:11.453,2026-05-08T14:41:11.453,HX_FoulingAlarm,Heat Exchanger C,Critical threshold broken for HX_FoulingAlarm,Загрязнение теплообменника. Снижение КПД — требуется промывка.,1
High,2026-05-08,14:41:19.640,2026-05-08T14:41:19.640,Steam_Press_High,Boiler Unit,Critical threshold broken for Steam_Press_High,Давление пара превышает норму. Проверить регулятор давления и предохранительный клапан.,1
Medium,2026-05-08,14:41:20.160,2026-05-08T14:41:20.160,Shaft_Displacement,Compressor Station A,Critical threshold broken for Shaft_Displacement,Осевое смещение вала за пределами допуска. Проверить муфту и опоры.,0
High,2026-05-08,14:41:31.774,2026-05-08T14:41:31.774,Pump_Cavitation,Pump Station B,Critical threshold broken for Pump_Cavitation,Кавитация насоса. Снизить производительность или повысить давление на входе.,1
Medium,2026-05-08,14:41:38.994,2026-05-08T14:41:38.994,Lube_Oil_Press_Low,Compressor Station A,Critical threshold broken for Lube_Oil_Press_Low,Давление смазочного масла ниже нормы. Проверить масляный насос и фильтры.,0
Low,2026-05-08,14:42:01.574,2026-05-08T14:42:01.574,Flow_Restrict,Heat Exchanger C,Critical threshold broken for Flow_Restrict,Ограничение потока. Частичное перекрытие прохода.,0
Medium,2026-05-08,14:43:06.147,2026-05-08T14:43:06.147,Lube_Oil_Press_Low,Compressor Station A,Critical threshold broken for Lube_Oil_Press_Low,Давление смазочного масла ниже нормы. Проверить масляный насос и фильтры.,0
Low,2026-05-08,14:43:13.827,2026-05-08T14:43:13.827,Temp_Crit_B,Boiler Unit,Critical threshold broken for Temp_Crit_B,Критическая температура в зоне B. Нарушение теплообмена.,0
High,2026-05-08,14:43:20.129,2026-05-08T14:43:20.129,Steam_Press_High,Boiler Unit,Critical threshold broken for Steam_Press_High,Давление пара превышает норму. Проверить регулятор давления и предохранительный клапан.,1
Medium,2026-05-08,14:43:34.199,2026-05-08T14:43:34.199,Bearing_Temp_High,Compressor Station A,Critical threshold broken for Bearing_Temp_High,Перегрев подшипника. Недостаточная смазка или повреждение обоймы.,0
Medium,2026-05-08,14:43:53.132,2026-05-08T14:43:53.132,Valve_Stuck_Close,Boiler Unit,Critical threshold broken for Valve_Stuck_Close,Клапан не открывается. Механическая блокировка или отказ привода.,0
Medium,2026-05-08,14:43:54.642,2026-05-08T14:43:54.642,Lube_Oil_Press_Low,Compressor Station A,Critical threshold broken for Lube_Oil_Press_Low,Давление смазочного масла ниже нормы. Проверить масляный насос и фильтры.,0
High,2026-05-08,14:43:58.414,2026-05-08T14:43:58.414,Vib_Sensor_04_Err,Compressor Station A,Critical threshold broken for Vib_Sensor_04_Err,Вибрация превысила критический порог. Возможный износ подшипника или дисбаланс ротора.,1
High,2026-05-08,14:44:03.415,2026-05-08T14:44:03.415,HX_FoulingAlarm,Heat Exchanger C,Critical threshold broken for HX_FoulingAlarm,Загрязнение теплообменника. Снижение КПД — требуется промывка.,1
Medium,2026-05-08,14:44:05.226,2026-05-08T14:44:05.226,Lube_Oil_Press_Low,Compressor Station A,Critical threshold broken for Lube_Oil_Press_Low,Давление смазочного масла ниже нормы. Проверить масляный насос и фильтры.,0
Medium,2026-05-08,14:44:10.563,2026-05-08T14:44:10.563,Lube_Oil_Press_Low,Compressor Station A,Critical threshold broken for Lube_Oil_Press_Low,Давление смазочного масла ниже нормы. Проверить масляный насос и фильтры.,0
High,2026-05-08,14:44:17.374,2026-05-08T14:44:17.374,Vib_Sensor_04_Err,Compressor Station A,Critical threshold broken for Vib_Sensor_04_Err,Вибрация превысила критический порог. Возможный износ подшипника или дисбаланс ротора.,1
High,2026-05-08,14:44:26.233,2026-05-08T14:44:26.233,Vib_Sensor_04_Err,Compressor Station A,Critical threshold broken for Vib_Sensor_04_Err,Вибрация превысила критический порог. Возможный износ подшипника или дисбаланс ротора.,1
Medium,2026-05-08,14:44:39.112,2026-05-08T14:44:39.112,Lube_Oil_Press_Low,Compressor Station A,Critical threshold broken for Lube_Oil_Press_Low,Давление смазочного масла ниже нормы. Проверить масляный насос и фильтры.,0
Medium,2026-05-08,14:44:46.059,2026-05-08T14:44:46.059,Lube_Oil_Press_Low,Compressor Station A,Critical threshold broken for Lube_Oil_Press_Low,Давление смазочного масла ниже нормы. Проверить масляный насос и фильтры.,0
High,2026-05-08,14:44:49.313,2026-05-08T14:44:49.313,Vib_Sensor_04_Err,Compressor Station A,Critical threshold broken for Vib_Sensor_04_Err,Вибрация превысила критический порог. Возможный износ подшипника или дисбаланс ротора.,1
Medium,2026-05-08,14:44:51.313,2026-05-08T14:44:51.313,Valve_Stuck_Close,Boiler Unit,Critical threshold broken for Valve_Stuck_Close,Клапан не открывается. Механическая блокировка или отказ привода.,0
Medium,2026-05-08,14:44:52.267,2026-05-08T14:44:52.267,Pressure_Drop,Pump Station B,Critical threshold broken for Pressure_Drop,Падение давления. Возможна утечка или засорение фильтра.,0
Medium,2026-05-08,14:45:04.375,2026-05-08T14:45:04.375,Lube_Oil_Press_Low,Compressor Station A,Critical threshold broken for Lube_Oil_Press_Low,Давление смазочного масла ниже нормы. Проверить масляный насос и фильтры.,0
Medium,2026-05-08,14:45:11.762,2026-05-08T14:45:11.762,Bearing_Temp_High,Compressor Station A,Critical threshold broken for Bearing_Temp_High,Перегрев подшипника. Недостаточная смазка или повреждение обоймы.,0
Medium,2026-05-08,14:45:12.449,2026-05-08T14:45:12.449,Lube_Oil_Press_Low,Compressor Station A,Critical threshold broken for Lube_Oil_Press_Low,Давление смазочного масла ниже нормы. Проверить масляный насос и фильтры.,0
Medium,2026-05-08,14:45:21.797,2026-05-08T14:45:21.797,Bearing_Temp_High,Compressor Station A,Critical threshold broken for Bearing_Temp_High,Перегрев подшипника. Недостаточная смазка или повреждение обоймы.,0
Medium,2026-05-08,14:45:37.946,2026-05-08T14:45:37.946,Flow_Low,Pump Station B,Critical threshold broken for Flow_Low,Низкий расход. Проверить задвижки и состояние рабочего колеса.,0
High,2026-05-08,14:45:40.028,2026-05-08T14:45:40.028,Vib_Sensor_04_Err,Compressor Station A,Critical threshold broken for Vib_Sensor_04_Err,Вибрация превысила критический порог. Возможный износ подшипника или дисбаланс ротора.,1
Medium,2026-05-08,14:46:18.077,2026-05-08T14:46:18.077,Bearing_Temp_High,Compressor Station A,Critical threshold broken for Bearing_Temp_High,Перегрев подшипника. Недостаточная смазка или повреждение обоймы.,0
Medium,2026-05-08,14:46:30.984,2026-05-08T14:46:30.984,Bearing_Temp_High,Compressor Station A,Critical threshold broken for Bearing_Temp_High,Перегрев подшипника. Недостаточная смазка или повреждение обоймы.,0
Low,2026-05-08,14:46:34.259,2026-05-08T14:46:34.259,Flow_Variance,Boiler Unit,Critical threshold broken for Flow_Variance,Нестабильный расход. Частичное засорение трубопровода.,0
High,2026-05-08,14:46:51.620,2026-05-08T14:46:51.620,Vib_Sensor_04_Err,Compressor Station A,Critical threshold broken for Vib_Sensor_04_Err,Вибрация превысила критический порог. Возможный износ подшипника или дисбаланс ротора.,1
High,2026-05-08,14:46:54.557,2026-05-08T14:46:54.557,Vib_Sensor_04_Err,Compressor Station A,Critical threshold broken for Vib_Sensor_04_Err,Вибрация превысила критический порог. Возможный износ подшипника или дисбаланс ротора.,1
High,2026-05-08,14:47:02.637,2026-05-08T14:47:02.637,Vib_Sensor_04_Err,Compressor Station A,Critical threshold broken for Vib_Sensor_04_Err,Вибрация превысила критический порог. Возможный износ подшипника или дисбаланс ротора.,1
Medium,2026-05-08,14:47:05.524,2026-05-08T14:47:05.524,Lube_Oil_Press_Low,Compressor Station A,Critical threshold broken for Lube_Oil_Press_Low,Давление смазочного масла ниже нормы. Проверить масляный насос и фильтры.,0
Low,2026-05-08,14:47:07.128,2026-05-08T14:47:07.128,Flow_Variance,Boiler Unit,Critical threshold broken for Flow_Variance,Нестабильный расход. Частичное засорение трубопровода.,0
Low,2026-05-08,14:47:24.473,2026-05-08T14:47:24.473,Flow_Restrict,Heat Exchanger C,Critical threshold broken for Flow_Restrict,Ограничение потока. Частичное перекрытие прохода.,0
Medium,2026-05-08,14:47:44.605,2026-05-08T14:47:44.605,Shaft_Displacement,Compressor Station A,Critical threshold broken for Shaft_Displacement,Осевое смещение вала за пределами допуска. Проверить муфту и опоры.,0
High,2026-05-08,14:47:46.672,2026-05-08T14:47:46.672,Vib_Sensor_04_Err,Compressor Station A,Critical threshold broken for Vib_Sensor_04_Err,Вибрация превысила критический порог. Возможный износ подшипника или дисбаланс ротора.,1
Low,2026-05-08,14:47:51.462,2026-05-08T14:47:51.462,Valve_Slow,Compressor Station A,Critical threshold broken for Valve_Slow,Запаздывание клапана. Загрязнение привода или износ уплотнений.,0
Medium,2026-05-08,14:48:01.771,2026-05-08T14:48:01.771,Lube_Oil_Press_Low,Compressor Station A,Critical threshold broken for Lube_Oil_Press_Low,Давление смазочного масла ниже нормы. Проверить масляный насос и фильтры.,0
Medium,2026-05-08,14:48:07.865,2026-05-08T14:48:07.865,Lube_Oil_Press_Low,Compressor Station A,Critical threshold broken for Lube_Oil_Press_Low,Давление смазочного масла ниже нормы. Проверить масляный насос и фильтры.,0
High,2026-05-08,14:48:22.622,2026-05-08T14:48:22.622,HX_FoulingAlarm,Heat Exchanger C,Critical threshold broken for HX_FoulingAlarm,Загрязнение теплообменника. Снижение КПД — требуется промывка.,1
High,2026-05-08,14:48:49.406,2026-05-08T14:48:49.406,Vib_Sensor_04_Err,Compressor Station A,Critical threshold broken for Vib_Sensor_04_Err,Вибрация превысила критический порог. Возможный износ подшипника или дисбаланс ротора.,1
High,2026-05-08,14:49:01.848,2026-05-08T14:49:01.848,Steam_Press_High,Boiler Unit,Critical threshold broken for Steam_Press_High,Давление пара превышает норму. Проверить регулятор давления и предохранительный клапан.,1
High,2026-05-08,14:49:14.870,2026-05-08T14:49:14.870,Steam_Press_High,Boiler Unit,Critical threshold broken for Steam_Press_High,Давление пара превышает норму. Проверить регулятор давления и предохранительный клапан.,1
Medium,2026-05-08,14:49:17.760,2026-05-08T14:49:17.760,Valve_Stuck_Close,Boiler Unit,Critical threshold broken for Valve_Stuck_Close,Клапан не открывается. Механическая блокировка или отказ привода.,0
High,2026-05-08,14:49:19.860,2026-05-08T14:49:19.860,Vib_Sensor_04_Err,Compressor Station A,Critical threshold broken for Vib_Sensor_04_Err,Вибрация превысила критический порог. Возможный износ подшипника или дисбаланс ротора.,1
High,2026-05-08,14:49:23.664,2026-05-08T14:49:23.664,Vib_Sensor_04_Err,Compressor Station A,Critical threshold broken for Vib_Sensor_04_Err,Вибрация превысила критический порог. Возможный износ подшипника или дисбаланс ротора.,1
High,2026-05-08,14:49:26.466,2026-05-08T14:49:26.466,Vib_Sensor_04_Err,Compressor Station A,Critical threshold broken for Vib_Sensor_04_Err,Вибрация превысила критический порог. Возможный износ подшипника или дисбаланс ротора.,1
Medium,2026-05-08,14:49:32.293,2026-05-08T14:49:32.293,Lube_Oil_Press_Low,Compressor Station A,Critical threshold broken for Lube_Oil_Press_Low,Давление смазочного масла ниже нормы. Проверить масляный насос и фильтры.,0
High,2026-05-08,14:49:50.339,2026-05-08T14:49:50.339,Steam_Press_High,Boiler Unit,Critical threshold broken for Steam_Press_High,Давление пара превышает норму. Проверить регулятор давления и предохранительный клапан.,1
High,2026-05-08,14:49:51.684,2026-05-08T14:49:51.684,Pump_Cavitation,Pump Station B,Critical threshold broken for Pump_Cavitation,Кавитация насоса. Снизить производительность или повысить давление на входе.,1
Medium,2026-05-08,14:50:05.552,2026-05-08T14:50:05.552,Shaft_Displacement,Compressor Station A,Critical threshold broken for Shaft_Displacement,Осевое смещение вала за пределами допуска. Проверить муфту и опоры.,0
Medium,2026-05-08,14:50:06.383,2026-05-08T14:50:06.383,Lube_Oil_Press_Low,Compressor Station A,Critical threshold broken for Lube_Oil_Press_Low,Давление смазочного масла ниже нормы. Проверить масляный насос и фильтры.,0
Medium,2026-05-08,14:50:56.928,2026-05-08T14:50:56.928,Bearing_Temp_High,Compressor Station A,Critical threshold broken for Bearing_Temp_High,Перегрев подшипника. Недостаточная смазка или повреждение обоймы.,0
Medium,2026-05-08,14:51:42.418,2026-05-08T14:51:42.418,Valve_Stuck_Close,Boiler Unit,Critical threshold broken for Valve_Stuck_Close,Клапан не открывается. Механическая блокировка или отказ привода.,0
Medium,2026-05-08,14:52:06.056,2026-05-08T14:52:06.056,Valve_Stuck_Close,Boiler Unit,Critical threshold broken for Valve_Stuck_Close,Клапан не открывается. Механическая блокировка или отказ привода.,0
Medium,2026-05-08,14:52:07.703,2026-05-08T14:52:07.703,Lube_Oil_Press_Low,Compressor Station A,Critical threshold broken for Lube_Oil_Press_Low,Давление смазочного масла ниже нормы. Проверить масляный насос и фильтры.,0
Medium,2026-05-08,14:52:20.895,2026-05-08T14:52:20.895,Bearing_Temp_High,Compressor Station A,Critical threshold broken for Bearing_Temp_High,Перегрев подшипника. Недостаточная смазка или повреждение обоймы.,0
Medium,2026-05-08,14:52:42.836,2026-05-08T14:52:42.836,Lube_Oil_Press_Low,Compressor Station A,Critical threshold broken for Lube_Oil_Press_Low,Давление смазочного масла ниже нормы. Проверить масляный насос и фильтры.,0
Medium,2026-05-08,14:52:49.629,2026-05-08T14:52:49.629,Lube_Oil_Press_Low,Compressor Station A,Critical threshold broken for Lube_Oil_Press_Low,Давление смазочного масла ниже нормы. Проверить масляный насос и фильтры.,0
Medium,2026-05-08,14:52:54.880,2026-05-08T14:52:54.880,Valve_Stuck_Close,Boiler Unit,Critical threshold broken for Valve_Stuck_Close,Клапан не открывается. Механическая блокировка или отказ привода.,0
High,2026-05-08,14:53:17.628,2026-05-08T14:53:17.628,HX_FoulingAlarm,Heat Exchanger C,Critical threshold broken for HX_FoulingAlarm,Загрязнение теплообменника. Снижение КПД — требуется промывка.,1
High,2026-05-08,14:54:05.645,2026-05-08T14:54:05.645,Steam_Press_High,Boiler Unit,Critical threshold broken for Steam_Press_High,Давление пара превышает норму. Проверить регулятор давления и предохранительный клапан.,1
Medium,2026-05-08,14:54:34.531,2026-05-08T14:54:34.531,Lube_Oil_Press_Low,Compressor Station A,Critical threshold broken for Lube_Oil_Press_Low,Давление смазочного масла ниже нормы. Проверить масляный насос и фильтры.,0
High,2026-05-08,14:54:34.672,2026-05-08T14:54:34.672,Vib_Sensor_04_Err,Compressor Station A,Critical threshold broken for Vib_Sensor_04_Err,Вибрация превысила критический порог. Возможный износ подшипника или дисбаланс ротора.,1
Medium,2026-05-08,14:54:41.607,2026-05-08T14:54:41.607,Shaft_Displacement,Compressor Station A,Critical threshold broken for Shaft_Displacement,Осевое смещение вала за пределами допуска. Проверить муфту и опоры.,0
Medium,2026-05-08,14:55:22.183,2026-05-08T14:55:22.183,Flow_Low,Pump Station B,Critical threshold broken for Flow_Low,Низкий расход. Проверить задвижки и состояние рабочего колеса.,0
Medium,2026-05-08,14:55:48.558,2026-05-08T14:55:48.558,Temp_Delta_High,Heat Exchanger C,Critical threshold broken for Temp_Delta_High,Высокая разница температур. Нарушение режима теплопередачи.,0
Medium,2026-05-08,14:55:48.636,2026-05-08T14:55:48.636,Bearing_Temp_High,Compressor Station A,Critical threshold broken for Bearing_Temp_High,Перегрев подшипника. Недостаточная смазка или повреждение обоймы.,0
Medium,2026-05-08,14:56:01.612,2026-05-08T14:56:01.612,Bearing_Temp_High,Compressor Station A,Critical threshold broken for Bearing_Temp_High,Перегрев подшипника. Недостаточная смазка или повреждение обоймы.,0
Medium,2026-05-08,14:56:28.767,2026-05-08T14:56:28.767,Lube_Oil_Press_Low,Compressor Station A,Critical threshold broken for Lube_Oil_Press_Low,Давление смазочного масла ниже нормы. Проверить масляный насос и фильтры.,0
Low,2026-05-08,14:56:55.217,2026-05-08T14:56:55.217,Valve_Slow,Compressor Station A,Critical threshold broken for Valve_Slow,Запаздывание клапана. Загрязнение привода или износ уплотнений.,0
High,2026-05-08,14:56:58.226,2026-05-08T14:56:58.226,Steam_Press_High,Boiler Unit,Critical threshold broken for Steam_Press_High,Давление пара превышает норму. Проверить регулятор давления и предохранительный клапан.,1
Medium,2026-05-08,14:57:47.890,2026-05-08T14:57:47.890,Bearing_Temp_High,Compressor Station A,Critical threshold broken for Bearing_Temp_High,Перегрев подшипника. Недостаточная смазка или повреждение обоймы.,0
High,2026-05-08,14:57:48.142,2026-05-08T14:57:48.142,Vib_Sensor_04_Err,Compressor Station A,Critical threshold broken for Vib_Sensor_04_Err,Вибрация превысила критический порог. Возможный износ подшипника или дисбаланс ротора.,1
High,2026-05-08,14:57:49.288,2026-05-08T14:57:49.288,Vib_Sensor_04_Err,Compressor Station A,Critical threshold broken for Vib_Sensor_04_Err,Вибрация превысила критический порог. Возможный износ подшипника или дисбаланс ротора.,1
Medium,2026-05-08,14:58:08.577,2026-05-08T14:58:08.577,Pressure_Drop,Pump Station B,Critical threshold broken for Pressure_Drop,Падение давления. Возможна утечка или засорение фильтра.,0
Medium,2026-05-08,14:58:12.883,2026-05-08T14:58:12.883,Flow_Low,Pump Station B,Critical threshold broken for Flow_Low,Низкий расход. Проверить задвижки и состояние рабочего колеса.,0
Medium,2026-05-08,14:58:15.141,2026-05-08T14:58:15.141,Flow_Low,Pump Station B,Critical threshold broken for Flow_Low,Низкий расход. Проверить задвижки и состояние рабочего колеса.,0
Medium,2026-05-08,14:58:15.975,2026-05-08T14:58:15.975,Pressure_Drop,Pump Station B,Critical threshold broken for Pressure_Drop,Падение давления. Возможна утечка или засорение фильтра.,0
High,2026-05-08,14:58:40.657,2026-05-08T14:58:40.657,Vib_Sensor_04_Err,Compressor Station A,Critical threshold broken for Vib_Sensor_04_Err,Вибрация превысила критический порог. Возможный износ подшипника или дисбаланс ротора.,1
Medium,2026-05-08,14:58:42.319,2026-05-08T14:58:42.319,Bearing_Temp_High,Compressor Station A,Critical threshold broken for Bearing_Temp_High,Перегрев подшипника. Недостаточная смазка или повреждение обоймы.,0
Medium,2026-05-08,14:59:03.439,2026-05-08T14:59:03.439,Flow_Low,Pump Station B,Critical threshold broken for Flow_Low,Низкий расход. Проверить задвижки и состояние рабочего колеса.,0
High,2026-05-08,14:59:27.862,2026-05-08T14:59:27.862,HX_FoulingAlarm,Heat Exchanger C,Critical threshold broken for HX_FoulingAlarm,Загрязнение теплообменника. Снижение КПД — требуется промывка.,1
Medium,2026-05-08,14:59:43.955,2026-05-08T14:59:43.955,Lube_Oil_Press_Low,Compressor Station A,Critical threshold broken for Lube_Oil_Press_Low,Давление смазочного масла ниже нормы. Проверить масляный насос и фильтры.,0
High,2026-05-08,15:00:29.151,2026-05-08T15:00:29.151,Vib_Sensor_04_Err,Compressor Station A,Critical threshold broken for Vib_Sensor_04_Err,Вибрация превысила критический порог. Возможный износ подшипника или дисбаланс ротора.,1
Medium,2026-05-08,15:00:38.040,2026-05-08T15:00:38.040,Shaft_Displacement,Compressor Station A,Critical threshold broken for Shaft_Displacement,Осевое смещение вала за пределами допуска. Проверить муфту и опоры.,0
Medium,2026-05-08,15:00:46.282,2026-05-08T15:00:46.282,Bearing_Temp_High,Compressor Station A,Critical threshold broken for Bearing_Temp_High,Перегрев подшипника. Недостаточная смазка или повреждение обоймы.,0
Medium,2026-05-08,15:00:55.129,2026-05-08T15:00:55.129,Lube_Oil_Press_Low,Compressor Station A,Critical threshold broken for Lube_Oil_Press_Low,Давление смазочного масла ниже нормы. Проверить масляный насос и фильтры.,0
Medium,2026-05-08,15:01:40.202,2026-05-08T15:01:40.202,Temp_Delta_High,Heat Exchanger C,Critical threshold broken for Temp_Delta_High,Высокая разница температур. Нарушение режима теплопередачи.,0
High,2026-05-08,15:01:56.846,2026-05-08T15:01:56.846,Pump_Cavitation,Pump Station B,Critical threshold broken for Pump_Cavitation,Кавитация насоса. Снизить производительность или повысить давление на входе.,1
High,2026-05-08,15:03:12.431,2026-05-08T15:03:12.431,Vib_Sensor_04_Err,Compressor Station A,Critical threshold broken for Vib_Sensor_04_Err,Вибрация превысила критический порог. Возможный износ подшипника или дисбаланс ротора.,1
Medium,2026-05-08,15:03:50.710,2026-05-08T15:03:50.710,Lube_Oil_Press_Low,Compressor Station A,Critical threshold broken for Lube_Oil_Press_Low,Давление смазочного масла ниже нормы. Проверить масляный насос и фильтры.,0
High,2026-05-08,15:04:01.585,2026-05-08T15:04:01.585,Vib_Sensor_04_Err,Compressor Station A,Critical threshold broken for Vib_Sensor_04_Err,Вибрация превысила критический порог. Возможный износ подшипника или дисбаланс ротора.,1
High,2026-05-08,15:04:29.558,2026-05-08T15:04:29.558,Pump_Cavitation,Pump Station B,Critical threshold broken for Pump_Cavitation,Кавитация насоса. Снизить производительность или повысить давление на входе.,1
High,2026-05-08,15:04:59.238,2026-05-08T15:04:59.238,Vib_Sensor_04_Err,Compressor Station A,Critical threshold broken for Vib_Sensor_04_Err,Вибрация превысила критический порог. Возможный износ подшипника или дисбаланс ротора.,1
High,2026-05-08,15:05:09.951,2026-05-08T15:05:09.951,Vib_Sensor_04_Err,Compressor Station A,Critical threshold broken for Vib_Sensor_04_Err,Вибрация превысила критический порог. Возможный износ подшипника или дисбаланс ротора.,1
High,2026-05-08,15:05:45.699,2026-05-08T15:05:45.699,Steam_Press_High,Boiler Unit,Critical threshold broken for Steam_Press_High,Давление пара превышает норму. Проверить регулятор давления и предохранительный клапан.,1
High,2026-05-08,15:05:47.968,2026-05-08T15:05:47.968,Steam_Press_High,Boiler Unit,Critical threshold broken for Steam_Press_High,Давление пара превышает норму. Проверить регулятор давления и предохранительный клапан.,1
Medium,2026-05-08,15:05:55.386,2026-05-08T15:05:55.386,Shaft_Displacement,Compressor Station A,Critical threshold broken for Shaft_Displacement,Осевое смещение вала за пределами допуска. Проверить муфту и опоры.,0
High,2026-05-08,15:06:04.603,2026-05-08T15:06:04.603,Vib_Sensor_04_Err,Compressor Station A,Critical threshold broken for Vib_Sensor_04_Err,Вибрация превысила критический порог. Возможный износ подшипника или дисбаланс ротора.,1
Low,2026-05-08,15:06:40.458,2026-05-08T15:06:40.458,Valve_Slow,Compressor Station A,Critical threshold broken for Valve_Slow,Запаздывание клапана. Загрязнение привода или износ уплотнений.,0
Medium,2026-05-08,15:06:53.972,2026-05-08T15:06:53.972,Bearing_Temp_High,Compressor Station A,Critical threshold broken for Bearing_Temp_High,Перегрев подшипника. Недостаточная смазка или повреждение обоймы.,0
Medium,2026-05-08,15:07:02.228,2026-05-08T15:07:02.228,Lube_Oil_Press_Low,Compressor Station A,Critical threshold broken for Lube_Oil_Press_Low,Давление смазочного масла ниже нормы. Проверить масляный насос и фильтры.,0
Medium,2026-05-08,15:07:49.348,2026-05-08T15:07:49.348,Lube_Oil_Press_Low,Compressor Station A,Critical threshold broken for Lube_Oil_Press_Low,Давление смазочного масла ниже нормы. Проверить масляный насос и фильтры.,0
Low,2026-05-08,15:08:25.812,2026-05-08T15:08:25.812,Valve_Slow,Compressor Station A,Critical threshold broken for Valve_Slow,Запаздывание клапана. Загрязнение привода или износ уплотнений.,0
Medium,2026-05-08,15:08:38.028,2026-05-08T15:08:38.028,Valve_Stuck_Close,Boiler Unit,Critical threshold broken for Valve_Stuck_Close,Клапан не открывается. Механическая блокировка или отказ привода.,0
Low,2026-05-08,15:08:41.313,2026-05-08T15:08:41.313,Temp_Crit_B,Boiler Unit,Critical threshold broken for Temp_Crit_B,Критическая температура в зоне B. Нарушение теплообмена.,0
High,2026-05-08,15:08:49.423,2026-05-08T15:08:49.423,Vib_Sensor_04_Err,Compressor Station A,Critical threshold broken for Vib_Sensor_04_Err,Вибрация превысила критический порог. Возможный износ подшипника или дисбаланс ротора.,1
High,2026-05-08,15:09:06.944,2026-05-08T15:09:06.944,Vib_Sensor_04_Err,Compressor Station A,Critical threshold broken for Vib_Sensor_04_Err,Вибрация превысила критический порог. Возможный износ подшипника или дисбаланс ротора.,1
Low,2026-05-08,15:09:29.942,2026-05-08T15:09:29.942,Temp_Crit_B,Boiler Unit,Critical threshold broken for Temp_Crit_B,Критическая температура в зоне B. Нарушение теплообмена.,0
High,2026-05-08,15:10:18.112,2026-05-08T15:10:18.112,Vib_Sensor_04_Err,Compressor Station A,Critical threshold broken for Vib_Sensor_04_Err,Вибрация превысила критический порог. Возможный износ подшипника или дисбаланс ротора.,1
Medium,2026-05-08,15:11:12.743,2026-05-08T15:11:12.743,Flow_Low,Pump Station B,Critical threshold broken for Flow_Low,Низкий расход. Проверить задвижки и состояние рабочего колеса.,0
High,2026-05-08,15:11:31.669,2026-05-08T15:11:31.669,Steam_Press_High,Boiler Unit,Critical threshold broken for Steam_Press_High,Давление пара превышает норму. Проверить регулятор давления и предохранительный клапан.,1
High,2026-05-08,15:11:37.904,2026-05-08T15:11:37.904,Vib_Sensor_04_Err,Compressor Station A,Critical threshold broken for Vib_Sensor_04_Err,Вибрация превысила критический порог. Возможный износ подшипника или дисбаланс ротора.,1
Medium,2026-05-08,15:11:39.411,2026-05-08T15:11:39.411,Shaft_Displacement,Compressor Station A,Critical threshold broken for Shaft_Displacement,Осевое смещение вала за пределами допуска. Проверить муфту и опоры.,0
Medium,2026-05-08,15:12:08.333,2026-05-08T15:12:08.333,Lube_Oil_Press_Low,Compressor Station A,Critical threshold broken for Lube_Oil_Press_Low,Давление смазочного масла ниже нормы. Проверить масляный насос и фильтры.,0
Medium,2026-05-08,15:12:09.926,2026-05-08T15:12:09.926,Lube_Oil_Press_Low,Compressor Station A,Critical threshold broken for Lube_Oil_Press_Low,Давление смазочного масла ниже нормы. Проверить масляный насос и фильтры.,0
High,2026-05-08,15:12:51.164,2026-05-08T15:12:51.164,Vib_Sensor_04_Err,Compressor Station A,Critical threshold broken for Vib_Sensor_04_Err,Вибрация превысила критический порог. Возможный износ подшипника или дисбаланс ротора.,1
Medium,2026-05-08,15:12:56.475,2026-05-08T15:12:56.475,Pressure_Drop,Pump Station B,Critical threshold broken for Pressure_Drop,Падение давления. Возможна утечка или засорение фильтра.,0
High,2026-05-08,15:13:02.644,2026-05-08T15:13:02.644,Vib_Sensor_04_Err,Compressor Station A,Critical threshold broken for Vib_Sensor_04_Err,Вибрация превысила критический порог. Возможный износ подшипника или дисбаланс ротора.,1
Medium,2026-05-08,15:13:13.011,2026-05-08T15:13:13.011,Lube_Oil_Press_Low,Compressor Station A,Critical threshold broken for Lube_Oil_Press_Low,Давление смазочного масла ниже нормы. Проверить масляный насос и фильтры.,0
High,2026-05-08,15:13:35.385,2026-05-08T15:13:35.385,Steam_Press_High,Boiler Unit,Critical threshold broken for Steam_Press_High,Давление пара превышает норму. Проверить регулятор давления и предохранительный клапан.,1
High,2026-05-08,15:13:56.492,2026-05-08T15:13:56.492,Vib_Sensor_04_Err,Compressor Station A,Critical threshold broken for Vib_Sensor_04_Err,Вибрация превысила критический порог. Возможный износ подшипника или дисбаланс ротора.,1
Medium,2026-05-08,15:15:09.627,2026-05-08T15:15:09.627,Lube_Oil_Press_Low,Compressor Station A,Critical threshold broken for Lube_Oil_Press_Low,Давление смазочного масла ниже нормы. Проверить масляный насос и фильтры.,0
Medium,2026-05-08,15:16:12.446,2026-05-08T15:16:12.446,Valve_Stuck_Close,Boiler Unit,Critical threshold broken for Valve_Stuck_Close,Клапан не открывается. Механическая блокировка или отказ привода.,0
High,2026-05-08,15:17:48.014,2026-05-08T15:17:48.014,Pump_Cavitation,Pump Station B,Critical threshold broken for Pump_Cavitation,Кавитация насоса. Снизить производительность или повысить давление на входе.,1
High,2026-05-08,15:18:05.659,2026-05-08T15:18:05.659,Vib_Sensor_04_Err,Compressor Station A,Critical threshold broken for Vib_Sensor_04_Err,Вибрация превысила критический порог. Возможный износ подшипника или дисбаланс ротора.,1
Medium,2026-05-08,15:18:23.350,2026-05-08T15:18:23.350,Lube_Oil_Press_Low,Compressor Station A,Critical threshold broken for Lube_Oil_Press_Low,Давление смазочного масла ниже нормы. Проверить масляный насос и фильтры.,0
Medium,2026-05-08,15:19:10.454,2026-05-08T15:19:10.454,Bearing_Temp_High,Compressor Station A,Critical threshold broken for Bearing_Temp_High,Перегрев подшипника. Недостаточная смазка или повреждение обоймы.,0
High,2026-05-08,15:19:16.189,2026-05-08T15:19:16.189,Vib_Sensor_04_Err,Compressor Station A,Critical threshold broken for Vib_Sensor_04_Err,Вибрация превысила критический порог. Возможный износ подшипника или дисбаланс ротора.,1
High,2026-05-08,15:20:46.762,2026-05-08T15:20:46.762,Vib_Sensor_04_Err,Compressor Station A,Critical threshold broken for Vib_Sensor_04_Err,Вибрация превысила критический порог. Возможный износ подшипника или дисбаланс ротора.,1
High,2026-05-08,15:20:49.216,2026-05-08T15:20:49.216,Vib_Sensor_04_Err,Compressor Station A,Critical threshold broken for Vib_Sensor_04_Err,Вибрация превысила критический порог. Возможный износ подшипника или дисбаланс ротора.,1
High,2026-05-08,15:21:08.569,2026-05-08T15:21:08.569,Vib_Sensor_04_Err,Compressor Station A,Critical threshold broken for Vib_Sensor_04_Err,Вибрация превысила критический порог. Возможный износ подшипника или дисбаланс ротора.,1
Medium,2026-05-08,15:21:56.553,2026-05-08T15:21:56.553,Pressure_Drop,Pump Station B,Critical threshold broken for Pressure_Drop,Падение давления. Возможна утечка или засорение фильтра.,0
Medium,2026-05-08,15:22:37.781,2026-05-08T15:22:37.781,Lube_Oil_Press_Low,Compressor Station A,Critical threshold broken for Lube_Oil_Press_Low,Давление смазочного масла ниже нормы. Проверить масляный насос и фильтры.,0
Medium,2026-05-08,15:24:07.920,2026-05-08T15:24:07.920,Shaft_Displacement,Compressor Station A,Critical threshold broken for Shaft_Displacement,Осевое смещение вала за пределами допуска. Проверить муфту и опоры.,0
Low,2026-05-08,15:24:39.402,2026-05-08T15:24:39.402,Temp_Crit_B,Boiler Unit,Critical threshold broken for Temp_Crit_B,Критическая температура в зоне B. Нарушение теплообмена.,0
Medium,2026-05-08,15:26:08.487,2026-05-08T15:26:08.487,Temp_Delta_High,Heat Exchanger C,Critical threshold broken for Temp_Delta_High,Высокая разница температур. Нарушение режима теплопередачи.,0
High,2026-05-08,15:26:18.685,2026-05-08T15:26:18.685,Vib_Sensor_04_Err,Compressor Station A,Critical threshold broken for Vib_Sensor_04_Err,Вибрация превысила критический порог. Возможный износ подшипника или дисбаланс ротора.,1
Low,2026-05-08,15:26:51.815,2026-05-08T15:26:51.815,Temp_Crit_B,Boiler Unit,Critical threshold broken for Temp_Crit_B,Критическая температура в зоне B. Нарушение теплообмена.,0
Medium,2026-05-08,15:26:58.521,2026-05-08T15:26:58.521,Shaft_Displacement,Compressor Station A,Critical threshold broken for Shaft_Displacement,Осевое смещение вала за пределами допуска. Проверить муфту и опоры.,0
Medium,2026-05-08,15:28:20.074,2026-05-08T15:28:20.074,Flow_Low,Pump Station B,Critical threshold broken for Flow_Low,Низкий расход. Проверить задвижки и состояние рабочего колеса.,0
Medium,2026-05-08,15:29:14.998,2026-05-08T15:29:14.998,Bearing_Temp_High,Compressor Station A,Critical threshold broken for Bearing_Temp_High,Перегрев подшипника. Недостаточная смазка или повреждение обоймы.,0
High,2026-05-08,15:29:26.142,2026-05-08T15:29:26.142,Vib_Sensor_04_Err,Compressor Station A,Critical threshold broken for Vib_Sensor_04_Err,Вибрация превысила критический порог. Возможный износ подшипника или дисбаланс ротора.,1
Medium,2026-05-08,15:29:44.842,2026-05-08T15:29:44.842,Bearing_Temp_High,Compressor Station A,Critical threshold broken for Bearing_Temp_High,Перегрев подшипника. Недостаточная смазка или повреждение обоймы.,0
Medium,2026-05-08,15:30:20.015,2026-05-08T15:30:20.015,Lube_Oil_Press_Low,Compressor Station A,Critical threshold broken for Lube_Oil_Press_Low,Давление смазочного масла ниже нормы. Проверить масляный насос и фильтры.,0
Medium,2026-05-08,15:30:26.611,2026-05-08T15:30:26.611,Lube_Oil_Press_Low,Compressor Station A,Critical threshold broken for Lube_Oil_Press_Low,Давление смазочного масла ниже нормы. Проверить масляный насос и фильтры.,0
Medium,2026-05-08,15:34:04.851,2026-05-08T15:34:04.851,Lube_Oil_Press_Low,Compressor Station A,Critical threshold broken for Lube_Oil_Press_Low,Давление смазочного масла ниже нормы. Проверить масляный насос и фильтры.,0
Medium,2026-05-08,15:34:49.761,2026-05-08T15:34:49.761,Lube_Oil_Press_Low,Compressor Station A,Critical threshold broken for Lube_Oil_Press_Low,Давление смазочного масла ниже нормы. Проверить масляный насос и фильтры.,0
Medium,2026-05-08,15:36:58.934,2026-05-08T15:36:58.934,Lube_Oil_Press_Low,Compressor Station A,Critical threshold broken for Lube_Oil_Press_Low,Давление смазочного масла ниже нормы. Проверить масляный насос и фильтры.,0
High,2026-05-08,15:38:46.572,2026-05-08T15:38:46.572,HX_FoulingAlarm,Heat Exchanger C,Critical threshold broken for HX_FoulingAlarm,Загрязнение теплообменника. Снижение КПД — требуется промывка.,1
High,2026-05-08,15:43:20.951,2026-05-08T15:43:20.951,Vib_Sensor_04_Err,Compressor Station A,Critical threshold broken for Vib_Sensor_04_Err,Вибрация превысила критический порог. Возможный износ подшипника или дисбаланс ротора.,1
High,2026-05-08,15:44:19.858,2026-05-08T15:44:19.858,Steam_Press_High,Boiler Unit,Critical threshold broken for Steam_Press_High,Давление пара превышает норму. Проверить регулятор давления и предохранительный клапан.,1
Medium,2026-05-08,15:45:35.519,2026-05-08T15:45:35.519,Flow_Low,Pump Station B,Critical threshold broken for Flow_Low,Низкий расход. Проверить задвижки и состояние рабочего колеса.,0
Medium,2026-05-08,15:48:05.126,2026-05-08T15:48:05.126,Lube_Oil_Press_Low,Compressor Station A,Critical threshold broken for Lube_Oil_Press_Low,Давление смазочного масла ниже нормы. Проверить масляный насос и фильтры.,0
High,2026-05-08,15:49:29.385,2026-05-08T15:49:29.385,Vib_Sensor_04_Err,Compressor Station A,Critical threshold broken for Vib_Sensor_04_Err,Вибрация превысила критический порог. Возможный износ подшипника или дисбаланс ротора.,1
Low,2026-05-08,15:50:00.180,2026-05-08T15:50:00.180,Valve_Slow,Compressor Station A,Critical threshold broken for Valve_Slow,Запаздывание клапана. Загрязнение привода или износ уплотнений.,0
Medium,2026-05-08,15:52:14.011,2026-05-08T15:52:14.011,Shaft_Displacement,Compressor Station A,Critical threshold broken for Shaft_Displacement,Осевое смещение вала за пределами допуска. Проверить муфту и опоры.,0
High,2026-05-08,15:56:24.933,2026-05-08T15:56:24.933,Vib_Sensor_04_Err,Compressor Station A,Critical threshold broken for Vib_Sensor_04_Err,Вибрация превысила критический порог. Возможный износ подшипника или дисбаланс ротора.,1
Medium,2026-05-08,15:56:58.870,2026-05-08T15:56:58.870,Lube_Oil_Press_Low,Compressor Station A,Critical threshold broken for Lube_Oil_Press_Low,Давление смазочного масла ниже нормы. Проверить масляный насос и фильтры.,0
Medium,2026-05-08,16:03:48.596,2026-05-08T16:03:48.596,Lube_Oil_Press_Low,Compressor Station A,Critical threshold broken for Lube_Oil_Press_Low,Давление смазочного масла ниже нормы. Проверить масляный насос и фильтры.,0
Medium,2026-05-08,16:04:14.326,2026-05-08T16:04:14.326,Temp_Delta_High,Heat Exchanger C,Critical threshold broken for Temp_Delta_High,Высокая разница температур. Нарушение режима теплопередачи.,0
Medium,2026-05-08,16:05:06.490,2026-05-08T16:05:06.490,Lube_Oil_Press_Low,Compressor Station A,Critical threshold broken for Lube_Oil_Press_Low,Давление смазочного масла ниже нормы. Проверить масляный насос и фильтры.,0
Medium,2026-05-08,16:07:33.455,2026-05-08T16:07:33.455,Lube_Oil_Press_Low,Compressor Station A,Critical threshold broken for Lube_Oil_Press_Low,Давление смазочного масла ниже нормы. Проверить масляный насос и фильтры.,0
High,2026-05-08,16:12:28.020,2026-05-08T16:12:28.020,Vib_Sensor_04_Err,Compressor Station A,Critical threshold broken for Vib_Sensor_04_Err,Вибрация превысила критический порог. Возможный износ подшипника или дисбаланс ротора.,1
Medium,2026-05-08,16:34:35.979,2026-05-08T16:34:35.979,Temp_Delta_High,Heat Exchanger C,Critical threshold broken for Temp_Delta_High,Высокая разница температур. Нарушение режима теплопередачи.,0
Medium,2026-05-08,16:48:24.328,2026-05-08T16:48:24.328,Pressure_Drop,Pump Station B,Critical threshold broken for Pressure_Drop,Падение давления. Возможна утечка или засорение фильтра.,0
High,2026-05-08,16:49:26.143,2026-05-08T16:49:26.143,Steam_Press_High,Boiler Unit,Critical threshold broken for Steam_Press_High,Давление пара превышает норму. Проверить регулятор давления и предохранительный клапан.,1
High,2026-05-08,17:02:12.994,2026-05-08T17:02:12.994,Steam_Press_High,Boiler Unit,Critical threshold broken for Steam_Press_High,Давление пара превышает норму. Проверить регулятор давления и предохранительный клапан.,1
High,2026-05-08,17:12:09.011,2026-05-08T17:12:09.011,HX_FoulingAlarm,Heat Exchanger C,Critical threshold broken for HX_FoulingAlarm,Загрязнение теплообменника. Снижение КПД — требуется промывка.,1
Medium,2026-05-08,17:12:24.668,2026-05-08T17:12:24.668,Lube_Oil_Press_Low,Compressor Station A,Critical threshold broken for Lube_Oil_Press_Low,Давление смазочного масла ниже нормы. Проверить масляный насос и фильтры.,0
Low,2026-05-08,17:29:47.906,2026-05-08T17:29:47.906,Valve_Slow,Compressor Station A,Critical threshold broken for Valve_Slow,Запаздывание клапана. Загрязнение привода или износ уплотнений.,0
High,2026-05-08,17:34:38.805,2026-05-08T17:34:38.805,Vib_Sensor_04_Err,Compressor Station A,Critical threshold broken for Vib_Sensor_04_Err,Вибрация превысила критический порог. Возможный износ подшипника или дисбаланс ротора.,1
Low,2026-05-08,17:37:17.013,2026-05-08T17:37:17.013,Temp_Crit_B,Boiler Unit,Critical threshold broken for Temp_Crit_B,Критическая температура в зоне B. Нарушение теплообмена.,0
High,2026-05-08,17:42:14.835,2026-05-08T17:42:14.835,Vib_Sensor_04_Err,Compressor Station A,Critical threshold broken for Vib_Sensor_04_Err,Вибрация превысила критический порог. Возможный износ подшипника или дисбаланс ротора.,1
Medium,2026-05-08,18:24:22.688,2026-05-08T18:24:22.688,Lube_Oil_Press_Low,Compressor Station A,Critical threshold broken for Lube_Oil_Press_Low,Давление смазочного масла ниже нормы. Проверить масляный насос и фильтры.,0
Medium,2026-05-08,18:29:09.226,2026-05-08T18:29:09.226,Lube_Oil_Press_Low,Compressor Station A,Critical threshold broken for Lube_Oil_Press_Low,Давление смазочного масла ниже нормы. Проверить масляный насос и фильтры.,0
Medium,2026-05-08,18:40:03.613,2026-05-08T18:40:03.613,Shaft_Displacement,Compressor Station A,Critical threshold broken for Shaft_Displacement,Осевое смещение вала за пределами допуска. Проверить муфту и опоры.,0
Medium,2026-05-08,18:46:03.647,2026-05-08T18:46:03.647,Bearing_Temp_High,Compressor Station A,Critical threshold broken for Bearing_Temp_High,Перегрев подшипника. Недостаточная смазка или повреждение обоймы.,0
Medium,2026-05-08,18:52:49.191,2026-05-08T18:52:49.191,Temp_Delta_High,Heat Exchanger C,Critical threshold broken for Temp_Delta_High,Высокая разница температур. Нарушение режима теплопередачи.,0
High,2026-05-08,18:53:31.538,2026-05-08T18:53:31.538,Vib_Sensor_04_Err,Compressor Station A,Critical threshold broken for Vib_Sensor_04_Err,Вибрация превысила критический порог. Возможный износ подшипника или дисбаланс ротора.,1
Medium,2026-05-08,19:04:30.022,2026-05-08T19:04:30.022,Lube_Oil_Press_Low,Compressor Station A,Critical threshold broken for Lube_Oil_Press_Low,Давление смазочного масла ниже нормы. Проверить масляный насос и фильтры.,0
High,2026-05-08,19:14:58.087,2026-05-08T19:14:58.087,Vib_Sensor_04_Err,Compressor Station A,Critical threshold broken for Vib_Sensor_04_Err,Вибрация превысила критический порог. Возможный износ подшипника или дисбаланс ротора.,1
Low,2026-05-08,19:27:08.703,2026-05-08T19:27:08.703,Flow_Variance,Boiler Unit,Critical threshold broken for Flow_Variance,Нестабильный расход. Частичное засорение трубопровода.,0
Medium,2026-05-08,19:31:56.019,2026-05-08T19:31:56.019,Bearing_Temp_High,Compressor Station A,Critical threshold broken for Bearing_Temp_High,Перегрев подшипника. Недостаточная смазка или повреждение обоймы.,0
High,2026-05-08,19:48:35.010,2026-05-08T19:48:35.010,HX_FoulingAlarm,Heat Exchanger C,Critical threshold broken for HX_FoulingAlarm,Загрязнение теплообменника. Снижение КПД — требуется промывка.,1
Medium,2026-05-08,19:58:15.947,2026-05-08T19:58:15.947,Bearing_Temp_High,Compressor Station A,Critical threshold broken for Bearing_Temp_High,Перегрев подшипника. Недостаточная смазка или повреждение обоймы.,0
Medium,2026-05-08,19:58:52.747,2026-05-08T19:58:52.747,Lube_Oil_Press_Low,Compressor Station A,Critical threshold broken for Lube_Oil_Press_Low,Давление смазочного масла ниже нормы. Проверить масляный насос и фильтры.,0
Medium,2026-05-08,20:02:04.239,2026-05-08T20:02:04.239,Bearing_Temp_High,Compressor Station A,Critical threshold broken for Bearing_Temp_High,Перегрев подшипника. Недостаточная смазка или повреждение обоймы.,0
Medium,2026-05-08,20:04:27.008,2026-05-08T20:04:27.008,Valve_Stuck_Close,Boiler Unit,Critical threshold broken for Valve_Stuck_Close,Клапан не открывается. Механическая блокировка или отказ привода.,0
Low,2026-05-08,20:10:15.819,2026-05-08T20:10:15.819,Valve_Slow,Compressor Station A,Critical threshold broken for Valve_Slow,Запаздывание клапана. Загрязнение привода или износ уплотнений.,0
Low,2026-05-08,20:16:22.407,2026-05-08T20:16:22.407,Temp_Crit_B,Boiler Unit,Critical threshold broken for Temp_Crit_B,Критическая температура в зоне B. Нарушение теплообмена.,0
Low,2026-05-08,20:29:04.171,2026-05-08T20:29:04.171,Flow_Restrict,Heat Exchanger C,Critical threshold broken for Flow_Restrict,Ограничение потока. Частичное перекрытие прохода.,0
High,2026-05-08,20:29:54.811,2026-05-08T20:29:54.811,Vib_Sensor_04_Err,Compressor Station A,Critical threshold broken for Vib_Sensor_04_Err,Вибрация превысила критический порог. Возможный износ подшипника или дисбаланс ротора.,1
Medium,2026-05-08,20:30:22.781,2026-05-08T20:30:22.781,Shaft_Displacement,Compressor Station A,Critical threshold broken for Shaft_Displacement,Осевое смещение вала за пределами допуска. Проверить муфту и опоры.,0
Medium,2026-05-08,20:30:47.830,2026-05-08T20:30:47.830,Bearing_Temp_High,Compressor Station A,Critical threshold broken for Bearing_Temp_High,Перегрев подшипника. Недостаточная смазка или повреждение обоймы.,0
High,2026-05-08,20:33:47.138,2026-05-08T20:33:47.138,Vib_Sensor_04_Err,Compressor Station A,Critical threshold broken for Vib_Sensor_04_Err,Вибрация превысила критический порог. Возможный износ подшипника или дисбаланс ротора.,1
Medium,2026-05-08,20:38:39.309,2026-05-08T20:38:39.309,Bearing_Temp_High,Compressor Station A,Critical threshold broken for Bearing_Temp_High,Перегрев подшипника. Недостаточная смазка или повреждение обоймы.,0
Medium,2026-05-08,20:42:33.760,2026-05-08T20:42:33.760,Bearing_Temp_High,Compressor Station A,Critical threshold broken for Bearing_Temp_High,Перегрев подшипника. Недостаточная смазка или повреждение обоймы.,0
High,2026-05-08,20:44:56.589,2026-05-08T20:44:56.589,Vib_Sensor_04_Err,Compressor Station A,Critical threshold broken for Vib_Sensor_04_Err,Вибрация превысила критический порог. Возможный износ подшипника или дисбаланс ротора.,1
High,2026-05-08,20:45:40.640,2026-05-08T20:45:40.640,Vib_Sensor_04_Err,Compressor Station A,Critical threshold broken for Vib_Sensor_04_Err,Вибрация превысила критический порог. Возможный износ подшипника или дисбаланс ротора.,1
High,2026-05-08,20:50:54.970,2026-05-08T20:50:54.970,Steam_Press_High,Boiler Unit,Critical threshold broken for Steam_Press_High,Давление пара превышает норму. Проверить регулятор давления и предохранительный клапан.,1
Medium,2026-05-08,21:02:54.063,2026-05-08T21:02:54.063,Lube_Oil_Press_Low,Compressor Station A,Critical threshold broken for Lube_Oil_Press_Low,Давление смазочного масла ниже нормы. Проверить масляный насос и фильтры.,0
High,2026-05-08,21:10:56.145,2026-05-08T21:10:56.145,Vib_Sensor_04_Err,Compressor Station A,Critical threshold broken for Vib_Sensor_04_Err,Вибрация превысила критический порог. Возможный износ подшипника или дисбаланс ротора.,1
High,2026-05-08,21:11:35.319,2026-05-08T21:11:35.319,Vib_Sensor_04_Err,Compressor Station A,Critical threshold broken for Vib_Sensor_04_Err,Вибрация превысила критический порог. Возможный износ подшипника или дисбаланс ротора.,1
Medium,2026-05-08,21:15:52.345,2026-05-08T21:15:52.345,Lube_Oil_Press_Low,Compressor Station A,Critical threshold broken for Lube_Oil_Press_Low,Давление смазочного масла ниже нормы. Проверить масляный насос и фильтры.,0
Low,2026-05-08,21:15:59.459,2026-05-08T21:15:59.459,Temp_Crit_B,Boiler Unit,Critical threshold broken for Temp_Crit_B,Критическая температура в зоне B. Нарушение теплообмена.,0
Medium,2026-05-08,21:19:03.621,2026-05-08T21:19:03.621,Bearing_Temp_High,Compressor Station A,Critical threshold broken for Bearing_Temp_High,Перегрев подшипника. Недостаточная смазка или повреждение обоймы.,0
Medium,2026-05-08,21:19:57.417,2026-05-08T21:19:57.417,Lube_Oil_Press_Low,Compressor Station A,Critical threshold broken for Lube_Oil_Press_Low,Давление смазочного масла ниже нормы. Проверить масляный насос и фильтры.,0
High,2026-05-08,21:20:20.614,2026-05-08T21:20:20.614,Vib_Sensor_04_Err,Compressor Station A,Critical threshold broken for Vib_Sensor_04_Err,Вибрация превысила критический порог. Возможный износ подшипника или дисбаланс ротора.,1
Medium,2026-05-08,21:22:41.956,2026-05-08T21:22:41.956,Shaft_Displacement,Compressor Station A,Critical threshold broken for Shaft_Displacement,Осевое смещение вала за пределами допуска. Проверить муфту и опоры.,0
Medium,2026-05-08,21:47:57.319,2026-05-08T21:47:57.319,Lube_Oil_Press_Low,Compressor Station A,Critical threshold broken for Lube_Oil_Press_Low,Давление смазочного масла ниже нормы. Проверить масляный насос и фильтры.,0
Low,2026-05-08,21:57:05.426,2026-05-08T21:57:05.426,Flow_Variance,Boiler Unit,Critical threshold broken for Flow_Variance,Нестабильный расход. Частичное засорение трубопровода.,0
Medium,2026-05-08,21:58:54.975,2026-05-08T21:58:54.975,Flow_Low,Pump Station B,Critical threshold broken for Flow_Low,Низкий расход. Проверить задвижки и состояние рабочего колеса.,0
Low,2026-05-08,22:13:58.273,2026-05-08T22:13:58.273,Flow_Restrict,Heat Exchanger C,Critical threshold broken for Flow_Restrict,Ограничение потока. Частичное перекрытие прохода.,0
High,2026-05-08,22:14:57.152,2026-05-08T22:14:57.152,Steam_Press_High,Boiler Unit,Critical threshold broken for Steam_Press_High,Давление пара превышает норму. Проверить регулятор давления и предохранительный клапан.,1
High,2026-05-08,22:15:02.730,2026-05-08T22:15:02.730,Vib_Sensor_04_Err,Compressor Station A,Critical threshold broken for Vib_Sensor_04_Err,Вибрация превысила критический порог. Возможный износ подшипника или дисбаланс ротора.,1
High,2026-05-08,22:34:04.007,2026-05-08T22:34:04.007,Vib_Sensor_04_Err,Compressor Station A,Critical threshold broken for Vib_Sensor_04_Err,Вибрация превысила критический порог. Возможный износ подшипника или дисбаланс ротора.,1
High,2026-05-08,22:34:24.747,2026-05-08T22:34:24.747,Vib_Sensor_04_Err,Compressor Station A,Critical threshold broken for Vib_Sensor_04_Err,Вибрация превысила критический порог. Возможный износ подшипника или дисбаланс ротора.,1
High,2026-05-08,22:35:48.519,2026-05-08T22:35:48.519,Pump_Cavitation,Pump Station B,Critical threshold broken for Pump_Cavitation,Кавитация насоса. Снизить производительность или повысить давление на входе.,1
High,2026-05-08,22:36:52.772,2026-05-08T22:36:52.772,Vib_Sensor_04_Err,Compressor Station A,Critical threshold broken for Vib_Sensor_04_Err,Вибрация превысила критический порог. Возможный износ подшипника или дисбаланс ротора.,1
Low,2026-05-08,22:37:17.236,2026-05-08T22:37:17.236,Valve_Slow,Compressor Station A,Critical threshold broken for Valve_Slow,Запаздывание клапана. Загрязнение привода или износ уплотнений.,0
Medium,2026-05-08,22:42:48.636,2026-05-08T22:42:48.636,Shaft_Displacement,Compressor Station A,Critical threshold broken for Shaft_Displacement,Осевое смещение вала за пределами допуска. Проверить муфту и опоры.,0
Medium,2026-05-08,23:04:02.547,2026-05-08T23:04:02.547,Bearing_Temp_High,Compressor Station A,Critical threshold broken for Bearing_Temp_High,Перегрев подшипника. Недостаточная смазка или повреждение обоймы.,0
Medium,2026-05-08,23:08:30.718,2026-05-08T23:08:30.718,Lube_Oil_Press_Low,Compressor Station A,Critical threshold broken for Lube_Oil_Press_Low,Давление смазочного масла ниже нормы. Проверить масляный насос и фильтры.,0
Medium,2026-05-08,23:30:51.871,2026-05-08T23:30:51.871,Lube_Oil_Press_Low,Compressor Station A,Critical threshold broken for Lube_Oil_Press_Low,Давление смазочного масла ниже нормы. Проверить масляный насос и фильтры.,0
High,2026-05-08,23:31:05.315,2026-05-08T23:31:05.315,Vib_Sensor_04_Err,Compressor Station A,Critical threshold broken for Vib_Sensor_04_Err,Вибрация превысила критический порог. Возможный износ подшипника или дисбаланс ротора.,1
High,2026-05-08,23:31:57.362,2026-05-08T23:31:57.362,Vib_Sensor_04_Err,Compressor Station A,Critical threshold broken for Vib_Sensor_04_Err,Вибрация превысила критический порог. Возможный износ подшипника или дисбаланс ротора.,1
Medium,2026-05-08,23:34:59.597,2026-05-08T23:34:59.597,Pressure_Drop,Pump Station B,Critical threshold broken for Pressure_Drop,Падение давления. Возможна утечка или засорение фильтра.,0
Medium,2026-05-08,23:39:10.488,2026-05-08T23:39:10.488,Lube_Oil_Press_Low,Compressor Station A,Critical threshold broken for Lube_Oil_Press_Low,Давление смазочного масла ниже нормы. Проверить масляный насос и фильтры.,0
High,2026-05-08,23:45:53.198,2026-05-08T23:45:53.198,Vib_Sensor_04_Err,Compressor Station A,Critical threshold broken for Vib_Sensor_04_Err,Вибрация превысила критический порог. Возможный износ подшипника или дисбаланс ротора.,1
Medium,2026-05-08,23:54:26.028,2026-05-08T23:54:26.028,Bearing_Temp_High,Compressor Station A,Critical threshold broken for Bearing_Temp_High,Перегрев подшипника. Недостаточная смазка или повреждение обоймы.,0
High,2026-05-08,23:55:43.735,2026-05-08T23:55:43.735,Vib_Sensor_04_Err,Compressor Station A,Critical threshold broken for Vib_Sensor_04_Err,Вибрация превысила критический порог. Возможный износ подшипника или дисбаланс ротора.,1
High,2026-05-08,23:56:46.666,2026-05-08T23:56:46.666,Steam_Press_High,Boiler Unit,Critical threshold broken for Steam_Press_High,Давление пара превышает норму. Проверить регулятор давления и предохранительный клапан.,1
High,2026-05-08,23:57:11.146,2026-05-08T23:57:11.146,Pump_Cavitation,Pump Station B,Critical threshold broken for Pump_Cavitation,Кавитация насоса. Снизить производительность или повысить давление на входе.,1
Medium,2026-05-09,00:26:29.563,2026-05-09T00:26:29.563,Lube_Oil_Press_Low,Compressor Station A,Critical threshold broken for Lube_Oil_Press_Low,Давление смазочного масла ниже нормы. Проверить масляный насос и фильтры.,0
Low,2026-05-09,00:37:04.197,2026-05-09T00:37:04.197,Valve_Slow,Compressor Station A,Critical threshold broken for Valve_Slow,Запаздывание клапана. Загрязнение привода или износ уплотнений.,0
Medium,2026-05-09,01:29:15.872,2026-05-09T01:29:15.872,Bearing_Temp_High,Compressor Station A,Critical threshold broken for Bearing_Temp_High,Перегрев подшипника. Недостаточная смазка или повреждение обоймы.,0
Medium,2026-05-09,01:36:33.427,2026-05-09T01:36:33.427,Shaft_Displacement,Compressor Station A,Critical threshold broken for Shaft_Displacement,Осевое смещение вала за пределами допуска. Проверить муфту и опоры.,0
Low,2026-05-09,03:01:26.578,2026-05-09T03:01:26.578,Temp_Crit_B,Boiler Unit,Critical threshold broken for Temp_Crit_B,Критическая температура в зоне B. Нарушение теплообмена.,0
Medium,2026-05-09,03:19:04.663,2026-05-09T03:19:04.663,Valve_Stuck_Close,Boiler Unit,Critical threshold broken for Valve_Stuck_Close,Клапан не открывается. Механическая блокировка или отказ привода.,0
Medium,2026-05-09,04:20:49.849,2026-05-09T04:20:49.849,Flow_Low,Pump Station B,Critical threshold broken for Flow_Low,Низкий расход. Проверить задвижки и состояние рабочего колеса.,0
Medium,2026-05-09,04:30:37.052,2026-05-09T04:30:37.052,Flow_Low,Pump Station B,Critical threshold broken for Flow_Low,Низкий расход. Проверить задвижки и состояние рабочего колеса.,0
High,2026-05-09,05:03:19.769,2026-05-09T05:03:19.769,Vib_Sensor_04_Err,Compressor Station A,Critical threshold broken for Vib_Sensor_04_Err,Вибрация превысила критический порог. Возможный износ подшипника или дисбаланс ротора.,1
Medium,2026-05-09,05:22:17.809,2026-05-09T05:22:17.809,Lube_Oil_Press_Low,Compressor Station A,Critical threshold broken for Lube_Oil_Press_Low,Давление смазочного масла ниже нормы. Проверить масляный насос и фильтры.,0
Medium,2026-05-09,05:30:10.583,2026-05-09T05:30:10.583,Bearing_Temp_High,Compressor Station A,Critical threshold broken for Bearing_Temp_High,Перегрев подшипника. Недостаточная смазка или повреждение обоймы.,0
High,2026-05-09,05:35:31.546,2026-05-09T05:35:31.546,Vib_Sensor_04_Err,Compressor Station A,Critical threshold broken for Vib_Sensor_04_Err,Вибрация превысила критический порог. Возможный износ подшипника или дисбаланс ротора.,1
High,2026-05-09,06:31:18.905,2026-05-09T06:31:18.905,Vib_Sensor_04_Err,Compressor Station A,Critical threshold broken for Vib_Sensor_04_Err,Вибрация превысила критический порог. Возможный износ подшипника или дисбаланс ротора.,1
Medium,2026-05-09,06:36:22.564,2026-05-09T06:36:22.564,Flow_Low,Pump Station B,Critical threshold broken for Flow_Low,Низкий расход. Проверить задвижки и состояние рабочего колеса.,0
High,2026-05-09,06:56:12.099,2026-05-09T06:56:12.099,Pump_Cavitation,Pump Station B,Critical threshold broken for Pump_Cavitation,Кавитация насоса. Снизить производительность или повысить давление на входе.,1
High,2026-05-09,07:06:39.552,2026-05-09T07:06:39.552,Vib_Sensor_04_Err,Compressor Station A,Critical threshold broken for Vib_Sensor_04_Err,Вибрация превысила критический порог. Возможный износ подшипника или дисбаланс ротора.,1
Low,2026-05-09,07:43:30.018,2026-05-09T07:43:30.018,Valve_Slow,Compressor Station A,Critical threshold broken for Valve_Slow,Запаздывание клапана. Загрязнение привода или износ уплотнений.,0
High,2026-05-09,08:16:36.928,2026-05-09T08:16:36.928,Vib_Sensor_04_Err,Compressor Station A,Critical threshold broken for Vib_Sensor_04_Err,Вибрация превысила критический порог. Возможный износ подшипника или дисбаланс ротора.,1
Low,2026-05-09,08:32:30.336,2026-05-09T08:32:30.336,Flow_Variance,Boiler Unit,Critical threshold broken for Flow_Variance,Нестабильный расход. Частичное засорение трубопровода.,0
High,2026-05-09,09:00:41.470,2026-05-09T09:00:41.470,Vib_Sensor_04_Err,Compressor Station A,Critical threshold broken for Vib_Sensor_04_Err,Вибрация превысила критический порог. Возможный износ подшипника или дисбаланс ротора.,1
Low,2026-05-09,09:10:02.226,2026-05-09T09:10:02.226,Temp_Crit_B,Boiler Unit,Critical threshold broken for Temp_Crit_B,Критическая температура в зоне B. Нарушение теплообмена.,0
Low,2026-05-09,09:39:33.992,2026-05-09T09:39:33.992,Temp_Crit_B,Boiler Unit,Critical threshold broken for Temp_Crit_B,Критическая температура в зоне B. Нарушение теплообмена.,0
High,2026-05-09,09:53:16.532,2026-05-09T09:53:16.532,Vib_Sensor_04_Err,Compressor Station A,Critical threshold broken for Vib_Sensor_04_Err,Вибрация превысила критический порог. Возможный износ подшипника или дисбаланс ротора.,1
High,2026-05-09,11:33:47.650,2026-05-09T11:33:47.650,Pump_Cavitation,Pump Station B,Critical threshold broken for Pump_Cavitation,Кавитация насоса. Снизить производительность или повысить давление на входе.,1
High,2026-05-09,12:48:12.183,2026-05-09T12:48:12.183,Vib_Sensor_04_Err,Compressor Station A,Critical threshold broken for Vib_Sensor_04_Err,Вибрация превысила критический порог. Возможный износ подшипника или дисбаланс ротора.,1
High,2026-05-09,13:31:28.590,2026-05-09T13:31:28.590,Vib_Sensor_04_Err,Compressor Station A,Critical threshold broken for Vib_Sensor_04_Err,Вибрация превысила критический порог. Возможный износ подшипника или дисбаланс ротора.,1
Medium,2026-05-09,13:35:33.322,2026-05-09T13:35:33.322,Lube_Oil_Press_Low,Compressor Station A,Critical threshold broken for Lube_Oil_Press_Low,Давление смазочного масла ниже нормы. Проверить масляный насос и фильтры.,0
Medium,2026-05-09,14:09:21.095,2026-05-09T14:09:21.095,Shaft_Displacement,Compressor Station A,Critical threshold broken for Shaft_Displacement,Осевое смещение вала за пределами допуска. Проверить муфту и опоры.,0
Medium,2026-05-09,14:25:19.113,2026-05-09T14:25:19.113,Lube_Oil_Press_Low,Compressor Station A,Critical threshold broken for Lube_Oil_Press_Low,Давление смазочного масла ниже нормы. Проверить масляный насос и фильтры.,0
Medium,2026-05-09,14:29:40.336,2026-05-09T14:29:40.336,Pressure_Drop,Pump Station B,Critical threshold broken for Pressure_Drop,Падение давления. Возможна утечка или засорение фильтра.,0
High,2026-05-09,14:50:10.047,2026-05-09T14:50:10.047,HX_FoulingAlarm,Heat Exchanger C,Critical threshold broken for HX_FoulingAlarm,Загрязнение теплообменника. Снижение КПД — требуется промывка.,1
Medium,2026-05-09,15:00:40.605,2026-05-09T15:00:40.605,Lube_Oil_Press_Low,Compressor Station A,Critical threshold broken for Lube_Oil_Press_Low,Давление смазочного масла ниже нормы. Проверить масляный насос и фильтры.,0
High,2026-05-09,15:02:49.803,2026-05-09T15:02:49.803,Steam_Press_High,Boiler Unit,Critical threshold broken for Steam_Press_High,Давление пара превышает норму. Проверить регулятор давления и предохранительный клапан.,1
High,2026-05-09,15:03:09.973,2026-05-09T15:03:09.973,Vib_Sensor_04_Err,Compressor Station A,Critical threshold broken for Vib_Sensor_04_Err,Вибрация превысила критический порог. Возможный износ подшипника или дисбаланс ротора.,1
Medium,2026-05-09,15:31:00.043,2026-05-09T15:31:00.043,Lube_Oil_Press_Low,Compressor Station A,Critical threshold broken for Lube_Oil_Press_Low,Давление смазочного масла ниже нормы. Проверить масляный насос и фильтры.,0
Medium,2026-05-09,15:39:38.470,2026-05-09T15:39:38.470,Valve_Stuck_Close,Boiler Unit,Critical threshold broken for Valve_Stuck_Close,Клапан не открывается. Механическая блокировка или отказ привода.,0
Medium,2026-05-09,18:34:12.809,2026-05-09T18:34:12.809,Lube_Oil_Press_Low,Compressor Station A,Critical threshold broken for Lube_Oil_Press_Low,Давление смазочного масла ниже нормы. Проверить масляный насос и фильтры.,0
Medium,2026-05-09,18:47:08.572,2026-05-09T18:47:08.572,Shaft_Displacement,Compressor Station A,Critical threshold broken for Shaft_Displacement,Осевое смещение вала за пределами допуска. Проверить муфту и опоры.,0
High,2026-05-09,19:01:27.214,2026-05-09T19:01:27.214,HX_FoulingAlarm,Heat Exchanger C,Critical threshold broken for HX_FoulingAlarm,Загрязнение теплообменника. Снижение КПД — требуется промывка.,1
High,2026-05-09,19:48:32.374,2026-05-09T19:48:32.374,Pump_Cavitation,Pump Station B,Critical threshold broken for Pump_Cavitation,Кавитация насоса. Снизить производительность или повысить давление на входе.,1
Medium,2026-05-09,22:07:03.936,2026-05-09T22:07:03.936,Shaft_Displacement,Compressor Station A,Critical threshold broken for Shaft_Displacement,Осевое смещение вала за пределами допуска. Проверить муфту и опоры.,0
High,2026-05-09,23:39:00.539,2026-05-09T23:39:00.539,Steam_Press_High,Boiler Unit,Critical threshold broken for Steam_Press_High,Давление пара превышает норму. Проверить регулятор давления и предохранительный клапан.,1
Low,2026-05-09,23:55:56.743,2026-05-09T23:55:56.743,Flow_Restrict,Heat Exchanger C,Critical threshold broken for Flow_Restrict,Ограничение потока. Частичное перекрытие прохода.,0
Medium,2026-05-10,00:36:44.609,2026-05-10T00:36:44.609,Lube_Oil_Press_Low,Compressor Station A,Critical threshold broken for Lube_Oil_Press_Low,Давление смазочного масла ниже нормы. Проверить масляный насос и фильтры.,0
High,2026-05-10,01:38:59.360,2026-05-10T01:38:59.360,Vib_Sensor_04_Err,Compressor Station A,Critical threshold broken for Vib_Sensor_04_Err,Вибрация превысила критический порог. Возможный износ подшипника или дисбаланс ротора.,1
Low,2026-05-10,03:19:10.464,2026-05-10T03:19:10.464,Valve_Slow,Compressor Station A,Critical threshold broken for Valve_Slow,Запаздывание клапана. Загрязнение привода или износ уплотнений.,0
High,2026-05-10,03:34:27.866,2026-05-10T03:34:27.866,Vib_Sensor_04_Err,Compressor Station A,Critical threshold broken for Vib_Sensor_04_Err,Вибрация превысила критический порог. Возможный износ подшипника или дисбаланс ротора.,1
High,2026-05-10,05:16:30.158,2026-05-10T05:16:30.158,Steam_Press_High,Boiler Unit,Critical threshold broken for Steam_Press_High,Давление пара превышает норму. Проверить регулятор давления и предохранительный клапан.,1
Medium,2026-05-10,07:20:23.607,2026-05-10T07:20:23.607,Valve_Stuck_Close,Boiler Unit,Critical threshold broken for Valve_Stuck_Close,Клапан не открывается. Механическая блокировка или отказ привода.,0
Medium,2026-05-10,07:46:41.272,2026-05-10T07:46:41.272,Temp_Delta_High,Heat Exchanger C,Critical threshold broken for Temp_Delta_High,Высокая разница температур. Нарушение режима теплопередачи.,0
High,2026-05-10,07:49:11.455,2026-05-10T07:49:11.455,Vib_Sensor_04_Err,Compressor Station A,Critical threshold broken for Vib_Sensor_04_Err,Вибрация превысила критический порог. Возможный износ подшипника или дисбаланс ротора.,1
Medium,2026-05-10,08:34:33.389,2026-05-10T08:34:33.389,Bearing_Temp_High,Compressor Station A,Critical threshold broken for Bearing_Temp_High,Перегрев подшипника. Недостаточная смазка или повреждение обоймы.,0
Medium,2026-05-10,10:00:21.883,2026-05-10T10:00:21.883,Lube_Oil_Press_Low,Compressor Station A,Critical threshold broken for Lube_Oil_Press_Low,Давление смазочного масла ниже нормы. Проверить масляный насос и фильтры.,0
Low,2026-05-10,12:25:24.681,2026-05-10T12:25:24.681,Temp_Crit_B,Boiler Unit,Critical threshold broken for Temp_Crit_B,Критическая температура в зоне B. Нарушение теплообмена.,0
Medium,2026-05-10,12:26:09.014,2026-05-10T12:26:09.014,Shaft_Displacement,Compressor Station A,Critical threshold broken for Shaft_Displacement,Осевое смещение вала за пределами допуска. Проверить муфту и опоры.,0
Medium,2026-05-10,13:05:53.522,2026-05-10T13:05:53.522,Lube_Oil_Press_Low,Compressor Station A,Critical threshold broken for Lube_Oil_Press_Low,Давление смазочного масла ниже нормы. Проверить масляный насос и фильтры.,0
Low,2026-05-10,13:37:47.217,2026-05-10T13:37:47.217,Valve_Slow,Compressor Station A,Critical threshold broken for Valve_Slow,Запаздывание клапана. Загрязнение привода или износ уплотнений.,0
Medium,2026-05-10,13:43:49.232,2026-05-10T13:43:49.232,Bearing_Temp_High,Compressor Station A,Critical threshold broken for Bearing_Temp_High,Перегрев подшипника. Недостаточная смазка или повреждение обоймы.,0
Medium,2026-05-10,14:32:54.554,2026-05-10T14:32:54.554,Valve_Stuck_Close,Boiler Unit,Critical threshold broken for Valve_Stuck_Close,Клапан не открывается. Механическая блокировка или отказ привода.,0
Medium,2026-05-10,14:52:34.456,2026-05-10T14:52:34.456,Bearing_Temp_High,Compressor Station A,Critical threshold broken for Bearing_Temp_High,Перегрев подшипника. Недостаточная смазка или повреждение обоймы.,0
High,2026-05-10,15:29:11.359,2026-05-10T15:29:11.359,HX_FoulingAlarm,Heat Exchanger C,Critical threshold broken for HX_FoulingAlarm,Загрязнение теплообменника. Снижение КПД — требуется промывка.,1
High,2026-05-10,18:00:05.573,2026-05-10T18:00:05.573,Pump_Cavitation,Pump Station B,Critical threshold broken for Pump_Cavitation,Кавитация насоса. Снизить производительность или повысить давление на входе.,1
High,2026-05-10,18:09:04.048,2026-05-10T18:09:04.048,HX_FoulingAlarm,Heat Exchanger C,Critical threshold broken for HX_FoulingAlarm,Загрязнение теплообменника. Снижение КПД — требуется промывка.,1
High,2026-05-10,18:44:28.222,2026-05-10T18:44:28.222,Vib_Sensor_04_Err,Compressor Station A,Critical threshold broken for Vib_Sensor_04_Err,Вибрация превысила критический порог. Возможный износ подшипника или дисбаланс ротора.,1
High,2026-05-10,19:19:21.518,2026-05-10T19:19:21.518,Vib_Sensor_04_Err,Compressor Station A,Critical threshold broken for Vib_Sensor_04_Err,Вибрация превысила критический порог. Возможный износ подшипника или дисбаланс ротора.,1
High,2026-05-10,21:10:21.331,2026-05-10T21:10:21.331,Vib_Sensor_04_Err,Compressor Station A,Critical threshold broken for Vib_Sensor_04_Err,Вибрация превысила критический порог. Возможный износ подшипника или дисбаланс ротора.,1
Medium,2026-05-10,21:27:07.492,2026-05-10T21:27:07.492,Bearing_Temp_High,Compressor Station A,Critical threshold broken for Bearing_Temp_High,Перегрев подшипника. Недостаточная смазка или повреждение обоймы.,0
High,2026-05-10,21:27:20.025,2026-05-10T21:27:20.025,Pump_Cavitation,Pump Station B,Critical threshold broken for Pump_Cavitation,Кавитация насоса. Снизить производительность или повысить давление на входе.,1
High,2026-05-10,22:30:29.390,2026-05-10T22:30:29.390,Vib_Sensor_04_Err,Compressor Station A,Critical threshold broken for Vib_Sensor_04_Err,Вибрация превысила критический порог. Возможный износ подшипника или дисбаланс ротора.,1
High,2026-05-10,23:39:39.857,2026-05-10T23:39:39.857,Steam_Press_High,Boiler Unit,Critical threshold broken for Steam_Press_High,Давление пара превышает норму. Проверить регулятор давления и предохранительный клапан.,1
High,2026-05-11,00:02:54.108,2026-05-11T00:02:54.108,HX_FoulingAlarm,Heat Exchanger C,Critical threshold broken for HX_FoulingAlarm,Загрязнение теплообменника. Снижение КПД — требуется промывка.,1
High,2026-05-11,00:24:41.088,2026-05-11T00:24:41.088,Vib_Sensor_04_Err,Compressor Station A,Critical threshold broken for Vib_Sensor_04_Err,Вибрация превысила критический порог. Возможный износ подшипника или дисбаланс ротора.,1
High,2026-05-11,00:45:08.967,2026-05-11T00:45:08.967,Steam_Press_High,Boiler Unit,Critical threshold broken for Steam_Press_High,Давление пара превышает норму. Проверить регулятор давления и предохранительный клапан.,1
High,2026-05-11,00:47:51.946,2026-05-11T00:47:51.946,Vib_Sensor_04_Err,Compressor Station A,Critical threshold broken for Vib_Sensor_04_Err,Вибрация превысила критический порог. Возможный износ подшипника или дисбаланс ротора.,1
Medium,2026-05-11,00:54:33.031,2026-05-11T00:54:33.031,Bearing_Temp_High,Compressor Station A,Critical threshold broken for Bearing_Temp_High,Перегрев подшипника. Недостаточная смазка или повреждение обоймы.,0
High,2026-05-11,01:01:36.358,2026-05-11T01:01:36.358,Vib_Sensor_04_Err,Compressor Station A,Critical threshold broken for Vib_Sensor_04_Err,Вибрация превысила критический порог. Возможный износ подшипника или дисбаланс ротора.,1
High,2026-05-11,01:22:36.979,2026-05-11T01:22:36.979,Vib_Sensor_04_Err,Compressor Station A,Critical threshold broken for Vib_Sensor_04_Err,Вибрация превысила критический порог. Возможный износ подшипника или дисбаланс ротора.,1
Medium,2026-05-11,01:22:47.321,2026-05-11T01:22:47.321,Bearing_Temp_High,Compressor Station A,Critical threshold broken for Bearing_Temp_High,Перегрев подшипника. Недостаточная смазка или повреждение обоймы.,0
High,2026-05-11,02:00:14.885,2026-05-11T02:00:14.885,Vib_Sensor_04_Err,Compressor Station A,Critical threshold broken for Vib_Sensor_04_Err,Вибрация превысила критический порог. Возможный износ подшипника или дисбаланс ротора.,1
High,2026-05-11,02:03:35.627,2026-05-11T02:03:35.627,Vib_Sensor_04_Err,Compressor Station A,Critical threshold broken for Vib_Sensor_04_Err,Вибрация превысила критический порог. Возможный износ подшипника или дисбаланс ротора.,1
Low,2026-05-11,02:10:12.404,2026-05-11T02:10:12.404,Temp_Crit_B,Boiler Unit,Critical threshold broken for Temp_Crit_B,Критическая температура в зоне B. Нарушение теплообмена.,0
Medium,2026-05-11,03:18:09.783,2026-05-11T03:18:09.783,Temp_Delta_High,Heat Exchanger C,Critical threshold broken for Temp_Delta_High,Высокая разница температур. Нарушение режима теплопередачи.,0
High,2026-05-11,03:37:30.680,2026-05-11T03:37:30.680,Vib_Sensor_04_Err,Compressor Station A,Critical threshold broken for Vib_Sensor_04_Err,Вибрация превысила критический порог. Возможный износ подшипника или дисбаланс ротора.,1
Low,2026-05-11,05:10:24.452,2026-05-11T05:10:24.452,Flow_Variance,Boiler Unit,Critical threshold broken for Flow_Variance,Нестабильный расход. Частичное засорение трубопровода.,0
Medium,2026-05-11,05:43:03.782,2026-05-11T05:43:03.782,Valve_Stuck_Close,Boiler Unit,Critical threshold broken for Valve_Stuck_Close,Клапан не открывается. Механическая блокировка или отказ привода.,0
High,2026-05-11,06:24:24.111,2026-05-11T06:24:24.111,Pump_Cavitation,Pump Station B,Critical threshold broken for Pump_Cavitation,Кавитация насоса. Снизить производительность или повысить давление на входе.,1
High,2026-05-11,06:35:25.314,2026-05-11T06:35:25.314,Vib_Sensor_04_Err,Compressor Station A,Critical threshold broken for Vib_Sensor_04_Err,Вибрация превысила критический порог. Возможный износ подшипника или дисбаланс ротора.,1
High,2026-05-11,07:17:20.748,2026-05-11T07:17:20.748,Vib_Sensor_04_Err,Compressor Station A,Critical threshold broken for Vib_Sensor_04_Err,Вибрация превысила критический порог. Возможный износ подшипника или дисбаланс ротора.,1
High,2026-05-11,07:22:44.908,2026-05-11T07:22:44.908,Vib_Sensor_04_Err,Compressor Station A,Critical threshold broken for Vib_Sensor_04_Err,Вибрация превысила критический порог. Возможный износ подшипника или дисбаланс ротора.,1
Medium,2026-05-11,07:41:31.136,2026-05-11T07:41:31.136,Flow_Low,Pump Station B,Critical threshold broken for Flow_Low,Низкий расход. Проверить задвижки и состояние рабочего колеса.,0
High,2026-05-11,08:39:23.326,2026-05-11T08:39:23.326,Vib_Sensor_04_Err,Compressor Station A,Critical threshold broken for Vib_Sensor_04_Err,Вибрация превысила критический порог. Возможный износ подшипника или дисбаланс ротора.,1
Medium,2026-05-11,08:41:52.186,2026-05-11T08:41:52.186,Temp_Delta_High,Heat Exchanger C,Critical threshold broken for Temp_Delta_High,Высокая разница температур. Нарушение режима теплопередачи.,0
High,2026-05-11,09:29:08.824,2026-05-11T09:29:08.824,HX_FoulingAlarm,Heat Exchanger C,Critical threshold broken for HX_FoulingAlarm,Загрязнение теплообменника. Снижение КПД — требуется промывка.,1
Medium,2026-05-11,11:44:51.244,2026-05-11T11:44:51.244,Flow_Low,Pump Station B,Critical threshold broken for Flow_Low,Низкий расход. Проверить задвижки и состояние рабочего колеса.,0
Medium,2026-05-11,11:51:52.562,2026-05-11T11:51:52.562,Shaft_Displacement,Compressor Station A,Critical threshold broken for Shaft_Displacement,Осевое смещение вала за пределами допуска. Проверить муфту и опоры.,0
Low,2026-05-11,12:26:54.099,2026-05-11T12:26:54.099,Temp_Crit_B,Boiler Unit,Critical threshold broken for Temp_Crit_B,Критическая температура в зоне B. Нарушение теплообмена.,0
Medium,2026-05-11,12:31:35.958,2026-05-11T12:31:35.958,Lube_Oil_Press_Low,Compressor Station A,Critical threshold broken for Lube_Oil_Press_Low,Давление смазочного масла ниже нормы. Проверить масляный насос и фильтры.,0
High,2026-05-11,13:17:37.627,2026-05-11T13:17:37.627,Vib_Sensor_04_Err,Compressor Station A,Critical threshold broken for Vib_Sensor_04_Err,Вибрация превысила критический порог. Возможный износ подшипника или дисбаланс ротора.,1
High,2026-05-11,14:00:45.673,2026-05-11T14:00:45.673,Vib_Sensor_04_Err,Compressor Station A,Critical threshold broken for Vib_Sensor_04_Err,Вибрация превысила критический порог. Возможный износ подшипника или дисбаланс ротора.,1
High,2026-05-11,14:41:14.479,2026-05-11T14:41:14.479,Vib_Sensor_04_Err,Compressor Station A,Critical threshold broken for Vib_Sensor_04_Err,Вибрация превысила критический порог. Возможный износ подшипника или дисбаланс ротора.,1
High,2026-05-11,15:52:29.680,2026-05-11T15:52:29.680,Vib_Sensor_04_Err,Compressor Station A,Critical threshold broken for Vib_Sensor_04_Err,Вибрация превысила критический порог. Возможный износ подшипника или дисбаланс ротора.,1
Medium,2026-05-11,17:33:52.057,2026-05-11T17:33:52.057,Pressure_Drop,Pump Station B,Critical threshold broken for Pressure_Drop,Падение давления. Возможна утечка или засорение фильтра.,0
Low,2026-05-11,18:01:27.021,2026-05-11T18:01:27.021,Temp_Crit_B,Boiler Unit,Critical threshold broken for Temp_Crit_B,Критическая температура в зоне B. Нарушение теплообмена.,0
Low,2026-05-11,18:19:02.377,2026-05-11T18:19:02.377,Flow_Variance,Boiler Unit,Critical threshold broken for Flow_Variance,Нестабильный расход. Частичное засорение трубопровода.,0
Medium,2026-05-11,18:31:08.699,2026-05-11T18:31:08.699,Shaft_Displacement,Compressor Station A,Critical threshold broken for Shaft_Displacement,Осевое смещение вала за пределами допуска. Проверить муфту и опоры.,0
High,2026-05-11,18:43:11.957,2026-05-11T18:43:11.957,Vib_Sensor_04_Err,Compressor Station A,Critical threshold broken for Vib_Sensor_04_Err,Вибрация превысила критический порог. Возможный износ подшипника или дисбаланс ротора.,1
High,2026-05-11,19:34:42.042,2026-05-11T19:34:42.042,Pump_Cavitation,Pump Station B,Critical threshold broken for Pump_Cavitation,Кавитация насоса. Снизить производительность или повысить давление на входе.,1
High,2026-05-11,21:10:53.351,2026-05-11T21:10:53.351,Vib_Sensor_04_Err,Compressor Station A,Critical threshold broken for Vib_Sensor_04_Err,Вибрация превысила критический порог. Возможный износ подшипника или дисбаланс ротора.,1
High,2026-05-11,21:25:16.211,2026-05-11T21:25:16.211,Vib_Sensor_04_Err,Compressor Station A,Critical threshold broken for Vib_Sensor_04_Err,Вибрация превысила критический порог. Возможный износ подшипника или дисбаланс ротора.,1
Medium,2026-05-11,21:36:27.843,2026-05-11T21:36:27.843,Lube_Oil_Press_Low,Compressor Station A,Critical threshold broken for Lube_Oil_Press_Low,Давление смазочного масла ниже нормы. Проверить масляный насос и фильтры.,0
Medium,2026-05-11,21:36:41.003,2026-05-11T21:36:41.003,Shaft_Displacement,Compressor Station A,Critical threshold broken for Shaft_Displacement,Осевое смещение вала за пределами допуска. Проверить муфту и опоры.,0
Medium,2026-05-11,21:55:58.152,2026-05-11T21:55:58.152,Lube_Oil_Press_Low,Compressor Station A,Critical threshold broken for Lube_Oil_Press_Low,Давление смазочного масла ниже нормы. Проверить масляный насос и фильтры.,0
Medium,2026-05-11,22:30:50.888,2026-05-11T22:30:50.888,Shaft_Displacement,Compressor Station A,Critical threshold broken for Shaft_Displacement,Осевое смещение вала за пределами допуска. Проверить муфту и опоры.,0
High,2026-05-11,22:30:51.937,2026-05-11T22:30:51.937,Pump_Cavitation,Pump Station B,Critical threshold broken for Pump_Cavitation,Кавитация насоса. Снизить производительность или повысить давление на входе.,1
High,2026-05-11,22:49:50.994,2026-05-11T22:49:50.994,Vib_Sensor_04_Err,Compressor Station A,Critical threshold broken for Vib_Sensor_04_Err,Вибрация превысила критический порог. Возможный износ подшипника или дисбаланс ротора.,1
High,2026-05-11,22:55:34.557,2026-05-11T22:55:34.557,Vib_Sensor_04_Err,Compressor Station A,Critical threshold broken for Vib_Sensor_04_Err,Вибрация превысила критический порог. Возможный износ подшипника или дисбаланс ротора.,1
Low,2026-05-11,23:50:42.901,2026-05-11T23:50:42.901,Valve_Slow,Compressor Station A,Critical threshold broken for Valve_Slow,Запаздывание клапана. Загрязнение привода или износ уплотнений.,0
High,2026-05-12,00:00:00.056,2026-05-12T00:00:00.056,Vib_Sensor_04_Err,Compressor Station A,Critical threshold broken for Vib_Sensor_04_Err,Вибрация превысила критический порог. Возможный износ подшипника или дисбаланс ротора.,1
High,2026-05-12,00:00:00.124,2026-05-12T00:00:00.124,Vib_Sensor_04_Err,Compressor Station A,Critical threshold broken for Vib_Sensor_04_Err,Вибрация превысила критический порог. Возможный износ подшипника или дисбаланс ротора.,1
Low,2026-05-12,00:00:00.308,2026-05-12T00:00:00.308,Temp_Crit_B,Boiler Unit,Critical threshold broken for Temp_Crit_B,Критическая температура в зоне B. Нарушение теплообмена.,0
Medium,2026-05-12,00:00:00.421,2026-05-12T00:00:00.421,Pressure_Drop,Pump Station B,Critical threshold broken for Pressure_Drop,Падение давления. Возможна утечка или засорение фильтра.,0
High,2026-05-12,00:00:00.600,2026-05-12T00:00:00.600,Vib_Sensor_04_Err,Compressor Station A,Critical threshold broken for Vib_Sensor_04_Err,Вибрация превысила критический порог. Возможный износ подшипника или дисбаланс ротора.,1
High,2026-05-12,00:00:00.654,2026-05-12T00:00:00.654,Pump_Cavitation,Pump Station B,Critical threshold broken for Pump_Cavitation,Кавитация насоса. Снизить производительность или повысить давление на входе.,1
High,2026-05-12,00:00:00.671,2026-05-12T00:00:00.671,Steam_Press_High,Boiler Unit,Critical threshold broken for Steam_Press_High,Давление пара превышает норму. Проверить регулятор давления и предохранительный клапан.,1
Medium,2026-05-12,00:00:00.784,2026-05-12T00:00:00.784,Pressure_Drop,Pump Station B,Critical threshold broken for Pressure_Drop,Падение давления. Возможна утечка или засорение фильтра.,0
High,2026-05-12,00:00:00.795,2026-05-12T00:00:00.795,Vib_Sensor_04_Err,Compressor Station A,Critical threshold broken for Vib_Sensor_04_Err,Вибрация превысила критический порог. Возможный износ подшипника или дисбаланс ротора.,1
High,2026-05-12,00:00:00.809,2026-05-12T00:00:00.809,Vib_Sensor_04_Err,Compressor Station A,Critical threshold broken for Vib_Sensor_04_Err,Вибрация превысила критический порог. Возможный износ подшипника или дисбаланс ротора.,1
Medium,2026-05-12,00:00:15.794,2026-05-12T00:00:15.794,Bearing_Temp_High,Compressor Station A,Critical threshold broken for Bearing_Temp_High,Перегрев подшипника. Недостаточная смазка или повреждение обоймы.,0
High,2026-05-12,00:03:23.160,2026-05-12T00:03:23.160,Vib_Sensor_04_Err,Compressor Station A,Critical threshold broken for Vib_Sensor_04_Err,Вибрация превысила критический порог. Возможный износ подшипника или дисбаланс ротора.,1
Low,2026-05-12,00:04:13.338,2026-05-12T00:04:13.338,Valve_Slow,Compressor Station A,Critical threshold broken for Valve_Slow,Запаздывание клапана. Загрязнение привода или износ уплотнений.,0
Medium,2026-05-12,00:04:31.208,2026-05-12T00:04:31.208,Bearing_Temp_High,Compressor Station A,Critical threshold broken for Bearing_Temp_High,Перегрев подшипника. Недостаточная смазка или повреждение обоймы.,0
High,2026-05-12,00:04:47.833,2026-05-12T00:04:47.833,Vib_Sensor_04_Err,Compressor Station A,Critical threshold broken for Vib_Sensor_04_Err,Вибрация превысила критический порог. Возможный износ подшипника или дисбаланс ротора.,1
Medium,2026-05-12,00:07:00.484,2026-05-12T00:07:00.484,Shaft_Displacement,Compressor Station A,Critical threshold broken for Shaft_Displacement,Осевое смещение вала за пределами допуска. Проверить муфту и опоры.,0
High,2026-05-12,00:08:00.846,2026-05-12T00:08:00.846,HX_FoulingAlarm,Heat Exchanger C,Critical threshold broken for HX_FoulingAlarm,Загрязнение теплообменника. Снижение КПД — требуется промывка.,1
High,2026-05-12,00:08:25.191,2026-05-12T00:08:25.191,Vib_Sensor_04_Err,Compressor Station A,Critical threshold broken for Vib_Sensor_04_Err,Вибрация превысила критический порог. Возможный износ подшипника или дисбаланс ротора.,1
High,2026-05-12,00:08:53.365,2026-05-12T00:08:53.365,Pump_Cavitation,Pump Station B,Critical threshold broken for Pump_Cavitation,Кавитация насоса. Снизить производительность или повысить давление на входе.,1
Low,2026-05-12,00:09:30.196,2026-05-12T00:09:30.196,Temp_Crit_B,Boiler Unit,Critical threshold broken for Temp_Crit_B,Критическая температура в зоне B. Нарушение теплообмена.,0
High,2026-05-12,00:09:49.210,2026-05-12T00:09:49.210,Pump_Cavitation,Pump Station B,Critical threshold broken for Pump_Cavitation,Кавитация насоса. Снизить производительность или повысить давление на входе.,1
Low,2026-05-12,00:09:52.998,2026-05-12T00:09:52.998,Temp_Crit_B,Boiler Unit,Critical threshold broken for Temp_Crit_B,Критическая температура в зоне B. Нарушение теплообмена.,0
High,2026-05-12,00:10:01.773,2026-05-12T00:10:01.773,Vib_Sensor_04_Err,Compressor Station A,Critical threshold broken for Vib_Sensor_04_Err,Вибрация превысила критический порог. Возможный износ подшипника или дисбаланс ротора.,1
High,2026-05-12,00:10:23.612,2026-05-12T00:10:23.612,Vib_Sensor_04_Err,Compressor Station A,Critical threshold broken for Vib_Sensor_04_Err,Вибрация превысила критический порог. Возможный износ подшипника или дисбаланс ротора.,1
High,2026-05-12,00:12:18.287,2026-05-12T00:12:18.287,Pump_Cavitation,Pump Station B,Critical threshold broken for Pump_Cavitation,Кавитация насоса. Снизить производительность или повысить давление на входе.,1
Medium,2026-05-12,00:12:47.264,2026-05-12T00:12:47.264,Lube_Oil_Press_Low,Compressor Station A,Critical threshold broken for Lube_Oil_Press_Low,Давление смазочного масла ниже нормы. Проверить масляный насос и фильтры.,0
Medium,2026-05-12,00:12:59.848,2026-05-12T00:12:59.848,Lube_Oil_Press_Low,Compressor Station A,Critical threshold broken for Lube_Oil_Press_Low,Давление смазочного масла ниже нормы. Проверить масляный насос и фильтры.,0
Medium,2026-05-12,00:13:05.756,2026-05-12T00:13:05.756,Pressure_Drop,Pump Station B,Critical threshold broken for Pressure_Drop,Падение давления. Возможна утечка или засорение фильтра.,0
High,2026-05-12,00:13:10.593,2026-05-12T00:13:10.593,Vib_Sensor_04_Err,Compressor Station A,Critical threshold broken for Vib_Sensor_04_Err,Вибрация превысила критический порог. Возможный износ подшипника или дисбаланс ротора.,1
Medium,2026-05-12,00:13:18.589,2026-05-12T00:13:18.589,Lube_Oil_Press_Low,Compressor Station A,Critical threshold broken for Lube_Oil_Press_Low,Давление смазочного масла ниже нормы. Проверить масляный насос и фильтры.,0
Medium,2026-05-12,00:13:43.638,2026-05-12T00:13:43.638,Shaft_Displacement,Compressor Station A,Critical threshold broken for Shaft_Displacement,Осевое смещение вала за пределами допуска. Проверить муфту и опоры.,0
Medium,2026-05-12,00:13:55.198,2026-05-12T00:13:55.198,Shaft_Displacement,Compressor Station A,Critical threshold broken for Shaft_Displacement,Осевое смещение вала за пределами допуска. Проверить муфту и опоры.,0
Medium,2026-05-12,00:15:50.081,2026-05-12T00:15:50.081,Shaft_Displacement,Compressor Station A,Critical threshold broken for Shaft_Displacement,Осевое смещение вала за пределами допуска. Проверить муфту и опоры.,0
Medium,2026-05-12,00:16:43.522,2026-05-12T00:16:43.522,Valve_Stuck_Close,Boiler Unit,Critical threshold broken for Valve_Stuck_Close,Клапан не открывается. Механическая блокировка или отказ привода.,0
High,2026-05-12,00:16:54.887,2026-05-12T00:16:54.887,HX_FoulingAlarm,Heat Exchanger C,Critical threshold broken for HX_FoulingAlarm,Загрязнение теплообменника. Снижение КПД — требуется промывка.,1
Low,2026-05-12,00:17:15.774,2026-05-12T00:17:15.774,Temp_Crit_B,Boiler Unit,Critical threshold broken for Temp_Crit_B,Критическая температура в зоне B. Нарушение теплообмена.,0
High,2026-05-12,00:17:34.048,2026-05-12T00:17:34.048,Vib_Sensor_04_Err,Compressor Station A,Critical threshold broken for Vib_Sensor_04_Err,Вибрация превысила критический порог. Возможный износ подшипника или дисбаланс ротора.,1
Medium,2026-05-12,00:18:24.735,2026-05-12T00:18:24.735,Temp_Delta_High,Heat Exchanger C,Critical threshold broken for Temp_Delta_High,Высокая разница температур. Нарушение режима теплопередачи.,0
High,2026-05-12,00:18:53.184,2026-05-12T00:18:53.184,Pump_Cavitation,Pump Station B,Critical threshold broken for Pump_Cavitation,Кавитация насоса. Снизить производительность или повысить давление на входе.,1
High,2026-05-12,00:18:58.062,2026-05-12T00:18:58.062,Vib_Sensor_04_Err,Compressor Station A,Critical threshold broken for Vib_Sensor_04_Err,Вибрация превысила критический порог. Возможный износ подшипника или дисбаланс ротора.,1
Medium,2026-05-12,00:19:14.925,2026-05-12T00:19:14.925,Temp_Delta_High,Heat Exchanger C,Critical threshold broken for Temp_Delta_High,Высокая разница температур. Нарушение режима теплопередачи.,0
High,2026-05-12,00:19:42.072,2026-05-12T00:19:42.072,Steam_Press_High,Boiler Unit,Critical threshold broken for Steam_Press_High,Давление пара превышает норму. Проверить регулятор давления и предохранительный клапан.,1
Medium,2026-05-12,00:20:05.060,2026-05-12T00:20:05.060,Bearing_Temp_High,Compressor Station A,Critical threshold broken for Bearing_Temp_High,Перегрев подшипника. Недостаточная смазка или повреждение обоймы.,0
High,2026-05-12,00:20:16.073,2026-05-12T00:20:16.073,Steam_Press_High,Boiler Unit,Critical threshold broken for Steam_Press_High,Давление пара превышает норму. Проверить регулятор давления и предохранительный клапан.,1
High,2026-05-12,00:20:43.677,2026-05-12T00:20:43.677,Steam_Press_High,Boiler Unit,Critical threshold broken for Steam_Press_High,Давление пара превышает норму. Проверить регулятор давления и предохранительный клапан.,1
Medium,2026-05-12,00:20:54.206,2026-05-12T00:20:54.206,Shaft_Displacement,Compressor Station A,Critical threshold broken for Shaft_Displacement,Осевое смещение вала за пределами допуска. Проверить муфту и опоры.,0
High,2026-05-12,00:21:17.303,2026-05-12T00:21:17.303,Vib_Sensor_04_Err,Compressor Station A,Critical threshold broken for Vib_Sensor_04_Err,Вибрация превысила критический порог. Возможный износ подшипника или дисбаланс ротора.,1
Low,2026-05-12,00:21:22.400,2026-05-12T00:21:22.400,Flow_Variance,Boiler Unit,Critical threshold broken for Flow_Variance,Нестабильный расход. Частичное засорение трубопровода.,0
Medium,2026-05-12,00:21:46.826,2026-05-12T00:21:46.826,Lube_Oil_Press_Low,Compressor Station A,Critical threshold broken for Lube_Oil_Press_Low,Давление смазочного масла ниже нормы. Проверить масляный насос и фильтры.,0
High,2026-05-12,00:22:38.136,2026-05-12T00:22:38.136,Vib_Sensor_04_Err,Compressor Station A,Critical threshold broken for Vib_Sensor_04_Err,Вибрация превысила критический порог. Возможный износ подшипника или дисбаланс ротора.,1
Medium,2026-05-12,00:22:49.443,2026-05-12T00:22:49.443,Lube_Oil_Press_Low,Compressor Station A,Critical threshold broken for Lube_Oil_Press_Low,Давление смазочного масла ниже нормы. Проверить масляный насос и фильтры.,0
Medium,2026-05-12,00:22:51.095,2026-05-12T00:22:51.095,Lube_Oil_Press_Low,Compressor Station A,Critical threshold broken for Lube_Oil_Press_Low,Давление смазочного масла ниже нормы. Проверить масляный насос и фильтры.,0
High,2026-05-12,00:22:51.924,2026-05-12T00:22:51.924,Vib_Sensor_04_Err,Compressor Station A,Critical threshold broken for Vib_Sensor_04_Err,Вибрация превысила критический порог. Возможный износ подшипника или дисбаланс ротора.,1
Low,2026-05-12,00:23:04.205,2026-05-12T00:23:04.205,Flow_Variance,Boiler Unit,Critical threshold broken for Flow_Variance,Нестабильный расход. Частичное засорение трубопровода.,0
High,2026-05-12,00:23:19.519,2026-05-12T00:23:19.519,Vib_Sensor_04_Err,Compressor Station A,Critical threshold broken for Vib_Sensor_04_Err,Вибрация превысила критический порог. Возможный износ подшипника или дисбаланс ротора.,1
High,2026-05-12,00:23:23.737,2026-05-12T00:23:23.737,Vib_Sensor_04_Err,Compressor Station A,Critical threshold broken for Vib_Sensor_04_Err,Вибрация превысила критический порог. Возможный износ подшипника или дисбаланс ротора.,1
Medium,2026-05-12,00:23:27.140,2026-05-12T00:23:27.140,Lube_Oil_Press_Low,Compressor Station A,Critical threshold broken for Lube_Oil_Press_Low,Давление смазочного масла ниже нормы. Проверить масляный насос и фильтры.,0
Medium,2026-05-12,00:23:53.252,2026-05-12T00:23:53.252,Shaft_Displacement,Compressor Station A,Critical threshold broken for Shaft_Displacement,Осевое смещение вала за пределами допуска. Проверить муфту и опоры.,0
High,2026-05-12,00:24:19.118,2026-05-12T00:24:19.118,Vib_Sensor_04_Err,Compressor Station A,Critical threshold broken for Vib_Sensor_04_Err,Вибрация превысила критический порог. Возможный износ подшипника или дисбаланс ротора.,1
Medium,2026-05-12,00:24:27.428,2026-05-12T00:24:27.428,Lube_Oil_Press_Low,Compressor Station A,Critical threshold broken for Lube_Oil_Press_Low,Давление смазочного масла ниже нормы. Проверить масляный насос и фильтры.,0
Medium,2026-05-12,00:24:36.473,2026-05-12T00:24:36.473,Valve_Stuck_Close,Boiler Unit,Critical threshold broken for Valve_Stuck_Close,Клапан не открывается. Механическая блокировка или отказ привода.,0
High,2026-05-12,00:24:38.174,2026-05-12T00:24:38.174,HX_FoulingAlarm,Heat Exchanger C,Critical threshold broken for HX_FoulingAlarm,Загрязнение теплообменника. Снижение КПД — требуется промывка.,1
High,2026-05-12,00:25:00.820,2026-05-12T00:25:00.820,Vib_Sensor_04_Err,Compressor Station A,Critical threshold broken for Vib_Sensor_04_Err,Вибрация превысила критический порог. Возможный износ подшипника или дисбаланс ротора.,1
Medium,2026-05-12,00:25:12.738,2026-05-12T00:25:12.738,Lube_Oil_Press_Low,Compressor Station A,Critical threshold broken for Lube_Oil_Press_Low,Давление смазочного масла ниже нормы. Проверить масляный насос и фильтры.,0
Medium,2026-05-12,00:26:17.272,2026-05-12T00:26:17.272,Shaft_Displacement,Compressor Station A,Critical threshold broken for Shaft_Displacement,Осевое смещение вала за пределами допуска. Проверить муфту и опоры.,0
Medium,2026-05-12,00:26:29.990,2026-05-12T00:26:29.990,Lube_Oil_Press_Low,Compressor Station A,Critical threshold broken for Lube_Oil_Press_Low,Давление смазочного масла ниже нормы. Проверить масляный насос и фильтры.,0
High,2026-05-12,00:26:44.270,2026-05-12T00:26:44.270,Vib_Sensor_04_Err,Compressor Station A,Critical threshold broken for Vib_Sensor_04_Err,Вибрация превысила критический порог. Возможный износ подшипника или дисбаланс ротора.,1
High,2026-05-12,00:27:33.138,2026-05-12T00:27:33.138,Vib_Sensor_04_Err,Compressor Station A,Critical threshold broken for Vib_Sensor_04_Err,Вибрация превысила критический порог. Возможный износ подшипника или дисбаланс ротора.,1
High,2026-05-12,00:27:34.438,2026-05-12T00:27:34.438,Vib_Sensor_04_Err,Compressor Station A,Critical threshold broken for Vib_Sensor_04_Err,Вибрация превысила критический порог. Возможный износ подшипника или дисбаланс ротора.,1
High,2026-05-12,00:27:40.082,2026-05-12T00:27:40.082,Vib_Sensor_04_Err,Compressor Station A,Critical threshold broken for Vib_Sensor_04_Err,Вибрация превысила критический порог. Возможный износ подшипника или дисбаланс ротора.,1
High,2026-05-12,00:27:46.832,2026-05-12T00:27:46.832,Vib_Sensor_04_Err,Compressor Station A,Critical threshold broken for Vib_Sensor_04_Err,Вибрация превысила критический порог. Возможный износ подшипника или дисбаланс ротора.,1
High,2026-05-12,00:28:27.430,2026-05-12T00:28:27.430,Vib_Sensor_04_Err,Compressor Station A,Critical threshold broken for Vib_Sensor_04_Err,Вибрация превысила критический порог. Возможный износ подшипника или дисбаланс ротора.,1
Low,2026-05-12,00:28:30.953,2026-05-12T00:28:30.953,Valve_Slow,Compressor Station A,Critical threshold broken for Valve_Slow,Запаздывание клапана. Загрязнение привода или износ уплотнений.,0
High,2026-05-12,00:28:45.089,2026-05-12T00:28:45.089,Vib_Sensor_04_Err,Compressor Station A,Critical threshold broken for Vib_Sensor_04_Err,Вибрация превысила критический порог. Возможный износ подшипника или дисбаланс ротора.,1
High,2026-05-12,00:29:00.371,2026-05-12T00:29:00.371,Vib_Sensor_04_Err,Compressor Station A,Critical threshold broken for Vib_Sensor_04_Err,Вибрация превысила критический порог. Возможный износ подшипника или дисбаланс ротора.,1
Medium,2026-05-12,00:29:00.824,2026-05-12T00:29:00.824,Bearing_Temp_High,Compressor Station A,Critical threshold broken for Bearing_Temp_High,Перегрев подшипника. Недостаточная смазка или повреждение обоймы.,0
High,2026-05-12,00:29:01.827,2026-05-12T00:29:01.827,Vib_Sensor_04_Err,Compressor Station A,Critical threshold broken for Vib_Sensor_04_Err,Вибрация превысила критический порог. Возможный износ подшипника или дисбаланс ротора.,1
Medium,2026-05-12,00:29:17.541,2026-05-12T00:29:17.541,Valve_Stuck_Close,Boiler Unit,Critical threshold broken for Valve_Stuck_Close,Клапан не открывается. Механическая блокировка или отказ привода.,0
Low,2026-05-12,00:29:57.415,2026-05-12T00:29:57.415,Temp_Crit_B,Boiler Unit,Critical threshold broken for Temp_Crit_B,Критическая температура в зоне B. Нарушение теплообмена.,0
Medium,2026-05-12,00:30:20.687,2026-05-12T00:30:20.687,Pressure_Drop,Pump Station B,Critical threshold broken for Pressure_Drop,Падение давления. Возможна утечка или засорение фильтра.,0
Medium,2026-05-12,00:30:22.807,2026-05-12T00:30:22.807,Bearing_Temp_High,Compressor Station A,Critical threshold broken for Bearing_Temp_High,Перегрев подшипника. Недостаточная смазка или повреждение обоймы.,0
Medium,2026-05-12,00:30:23.352,2026-05-12T00:30:23.352,Lube_Oil_Press_Low,Compressor Station A,Critical threshold broken for Lube_Oil_Press_Low,Давление смазочного масла ниже нормы. Проверить масляный насос и фильтры.,0
Medium,2026-05-12,00:30:25.879,2026-05-12T00:30:25.879,Lube_Oil_Press_Low,Compressor Station A,Critical threshold broken for Lube_Oil_Press_Low,Давление смазочного масла ниже нормы. Проверить масляный насос и фильтры.,0
High,2026-05-12,00:31:03.727,2026-05-12T00:31:03.727,Vib_Sensor_04_Err,Compressor Station A,Critical threshold broken for Vib_Sensor_04_Err,Вибрация превысила критический порог. Возможный износ подшипника или дисбаланс ротора.,1
High,2026-05-12,00:31:06.757,2026-05-12T00:31:06.757,Vib_Sensor_04_Err,Compressor Station A,Critical threshold broken for Vib_Sensor_04_Err,Вибрация превысила критический порог. Возможный износ подшипника или дисбаланс ротора.,1
High,2026-05-12,00:31:19.155,2026-05-12T00:31:19.155,Steam_Press_High,Boiler Unit,Critical threshold broken for Steam_Press_High,Давление пара превышает норму. Проверить регулятор давления и предохранительный клапан.,1
High,2026-05-12,00:31:23.333,2026-05-12T00:31:23.333,Vib_Sensor_04_Err,Compressor Station A,Critical threshold broken for Vib_Sensor_04_Err,Вибрация превысила критический порог. Возможный износ подшипника или дисбаланс ротора.,1
High,2026-05-12,00:31:26.633,2026-05-12T00:31:26.633,Vib_Sensor_04_Err,Compressor Station A,Critical threshold broken for Vib_Sensor_04_Err,Вибрация превысила критический порог. Возможный износ подшипника или дисбаланс ротора.,1
High,2026-05-12,00:31:33.340,2026-05-12T00:31:33.340,Steam_Press_High,Boiler Unit,Critical threshold broken for Steam_Press_High,Давление пара превышает норму. Проверить регулятор давления и предохранительный клапан.,1
Medium,2026-05-12,00:31:59.669,2026-05-12T00:31:59.669,Temp_Delta_High,Heat Exchanger C,Critical threshold broken for Temp_Delta_High,Высокая разница температур. Нарушение режима теплопередачи.,0
High,2026-05-12,00:32:06.606,2026-05-12T00:32:06.606,Steam_Press_High,Boiler Unit,Critical threshold broken for Steam_Press_High,Давление пара превышает норму. Проверить регулятор давления и предохранительный клапан.,1
Medium,2026-05-12,00:32:16.545,2026-05-12T00:32:16.545,Lube_Oil_Press_Low,Compressor Station A,Critical threshold broken for Lube_Oil_Press_Low,Давление смазочного масла ниже нормы. Проверить масляный насос и фильтры.,0
High,2026-05-12,00:32:24.176,2026-05-12T00:32:24.176,Vib_Sensor_04_Err,Compressor Station A,Critical threshold broken for Vib_Sensor_04_Err,Вибрация превысила критический порог. Возможный износ подшипника или дисбаланс ротора.,1
Medium,2026-05-12,00:32:44.913,2026-05-12T00:32:44.913,Shaft_Displacement,Compressor Station A,Critical threshold broken for Shaft_Displacement,Осевое смещение вала за пределами допуска. Проверить муфту и опоры.,0
Medium,2026-05-12,00:32:49.930,2026-05-12T00:32:49.930,Lube_Oil_Press_Low,Compressor Station A,Critical threshold broken for Lube_Oil_Press_Low,Давление смазочного масла ниже нормы. Проверить масляный насос и фильтры.,0
Medium,2026-05-12,00:32:54.955,2026-05-12T00:32:54.955,Bearing_Temp_High,Compressor Station A,Critical threshold broken for Bearing_Temp_High,Перегрев подшипника. Недостаточная смазка или повреждение обоймы.,0
Low,2026-05-12,00:32:56.464,2026-05-12T00:32:56.464,Valve_Slow,Compressor Station A,Critical threshold broken for Valve_Slow,Запаздывание клапана. Загрязнение привода или износ уплотнений.,0
Medium,2026-05-12,00:33:11.498,2026-05-12T00:33:11.498,Lube_Oil_Press_Low,Compressor Station A,Critical threshold broken for Lube_Oil_Press_Low,Давление смазочного масла ниже нормы. Проверить масляный насос и фильтры.,0
Medium,2026-05-12,00:33:16.701,2026-05-12T00:33:16.701,Lube_Oil_Press_Low,Compressor Station A,Critical threshold broken for Lube_Oil_Press_Low,Давление смазочного масла ниже нормы. Проверить масляный насос и фильтры.,0
High,2026-05-12,00:33:47.133,2026-05-12T00:33:47.133,Vib_Sensor_04_Err,Compressor Station A,Critical threshold broken for Vib_Sensor_04_Err,Вибрация превысила критический порог. Возможный износ подшипника или дисбаланс ротора.,1
High,2026-05-12,00:34:15.481,2026-05-12T00:34:15.481,HX_FoulingAlarm,Heat Exchanger C,Critical threshold broken for HX_FoulingAlarm,Загрязнение теплообменника. Снижение КПД — требуется промывка.,1
High,2026-05-12,00:34:18.899,2026-05-12T00:34:18.899,Vib_Sensor_04_Err,Compressor Station A,Critical threshold broken for Vib_Sensor_04_Err,Вибрация превысила критический порог. Возможный износ подшипника или дисбаланс ротора.,1
High,2026-05-12,00:35:05.974,2026-05-12T00:35:05.974,Vib_Sensor_04_Err,Compressor Station A,Critical threshold broken for Vib_Sensor_04_Err,Вибрация превысила критический порог. Возможный износ подшипника или дисбаланс ротора.,1
High,2026-05-12,00:35:14.575,2026-05-12T00:35:14.575,Vib_Sensor_04_Err,Compressor Station A,Critical threshold broken for Vib_Sensor_04_Err,Вибрация превысила критический порог. Возможный износ подшипника или дисбаланс ротора.,1
High,2026-05-12,00:35:35.183,2026-05-12T00:35:35.183,Vib_Sensor_04_Err,Compressor Station A,Critical threshold broken for Vib_Sensor_04_Err,Вибрация превысила критический порог. Возможный износ подшипника или дисбаланс ротора.,1
High,2026-05-12,00:36:15.100,2026-05-12T00:36:15.100,Vib_Sensor_04_Err,Compressor Station A,Critical threshold broken for Vib_Sensor_04_Err,Вибрация превысила критический порог. Возможный износ подшипника или дисбаланс ротора.,1
Medium,2026-05-12,00:36:17.581,2026-05-12T00:36:17.581,Flow_Low,Pump Station B,Critical threshold broken for Flow_Low,Низкий расход. Проверить задвижки и состояние рабочего колеса.,0
High,2026-05-12,00:36:40.531,2026-05-12T00:36:40.531,Pump_Cavitation,Pump Station B,Critical threshold broken for Pump_Cavitation,Кавитация насоса. Снизить производительность или повысить давление на входе.,1
High,2026-05-12,00:36:46.463,2026-05-12T00:36:46.463,Vib_Sensor_04_Err,Compressor Station A,Critical threshold broken for Vib_Sensor_04_Err,Вибрация превысила критический порог. Возможный износ подшипника или дисбаланс ротора.,1
Medium,2026-05-12,00:37:17.987,2026-05-12T00:37:17.987,Bearing_Temp_High,Compressor Station A,Critical threshold broken for Bearing_Temp_High,Перегрев подшипника. Недостаточная смазка или повреждение обоймы.,0
Medium,2026-05-12,00:37:30.569,2026-05-12T00:37:30.569,Bearing_Temp_High,Compressor Station A,Critical threshold broken for Bearing_Temp_High,Перегрев подшипника. Недостаточная смазка или повреждение обоймы.,0
Low,2026-05-12,00:37:33.480,2026-05-12T00:37:33.480,Valve_Slow,Compressor Station A,Critical threshold broken for Valve_Slow,Запаздывание клапана. Загрязнение привода или износ уплотнений.,0
Medium,2026-05-12,00:37:40.028,2026-05-12T00:37:40.028,Shaft_Displacement,Compressor Station A,Critical threshold broken for Shaft_Displacement,Осевое смещение вала за пределами допуска. Проверить муфту и опоры.,0
High,2026-05-12,00:37:48.673,2026-05-12T00:37:48.673,Vib_Sensor_04_Err,Compressor Station A,Critical threshold broken for Vib_Sensor_04_Err,Вибрация превысила критический порог. Возможный износ подшипника или дисбаланс ротора.,1
High,2026-05-12,00:37:58.747,2026-05-12T00:37:58.747,Vib_Sensor_04_Err,Compressor Station A,Critical threshold broken for Vib_Sensor_04_Err,Вибрация превысила критический порог. Возможный износ подшипника или дисбаланс ротора.,1
Low,2026-05-12,00:37:59.549,2026-05-12T00:37:59.549,Flow_Restrict,Heat Exchanger C,Critical threshold broken for Flow_Restrict,Ограничение потока. Частичное перекрытие прохода.,0
Medium,2026-05-12,00:38:04.184,2026-05-12T00:38:04.184,Valve_Stuck_Close,Boiler Unit,Critical threshold broken for Valve_Stuck_Close,Клапан не открывается. Механическая блокировка или отказ привода.,0
Low,2026-05-12,00:38:12.987,2026-05-12T00:38:12.987,Temp_Crit_B,Boiler Unit,Critical threshold broken for Temp_Crit_B,Критическая температура в зоне B. Нарушение теплообмена.,0
Medium,2026-05-12,00:38:20.889,2026-05-12T00:38:20.889,Bearing_Temp_High,Compressor Station A,Critical threshold broken for Bearing_Temp_High,Перегрев подшипника. Недостаточная смазка или повреждение обоймы.,0
High,2026-05-12,00:38:46.042,2026-05-12T00:38:46.042,Vib_Sensor_04_Err,Compressor Station A,Critical threshold broken for Vib_Sensor_04_Err,Вибрация превысила критический порог. Возможный износ подшипника или дисбаланс ротора.,1
Low,2026-05-12,00:39:25.844,2026-05-12T00:39:25.844,Temp_Crit_B,Boiler Unit,Critical threshold broken for Temp_Crit_B,Критическая температура в зоне B. Нарушение теплообмена.,0
High,2026-05-12,00:40:05.638,2026-05-12T00:40:05.638,Vib_Sensor_04_Err,Compressor Station A,Critical threshold broken for Vib_Sensor_04_Err,Вибрация превысила критический порог. Возможный износ подшипника или дисбаланс ротора.,1
High,2026-05-12,00:40:17.075,2026-05-12T00:40:17.075,Vib_Sensor_04_Err,Compressor Station A,Critical threshold broken for Vib_Sensor_04_Err,Вибрация превысила критический порог. Возможный износ подшипника или дисбаланс ротора.,1
Medium,2026-05-12,00:40:24.806,2026-05-12T00:40:24.806,Bearing_Temp_High,Compressor Station A,Critical threshold broken for Bearing_Temp_High,Перегрев подшипника. Недостаточная смазка или повреждение обоймы.,0
Low,2026-05-12,00:40:26.072,2026-05-12T00:40:26.072,Valve_Slow,Compressor Station A,Critical threshold broken for Valve_Slow,Запаздывание клапана. Загрязнение привода или износ уплотнений.,0
Medium,2026-05-12,00:40:29.502,2026-05-12T00:40:29.502,Pressure_Drop,Pump Station B,Critical threshold broken for Pressure_Drop,Падение давления. Возможна утечка или засорение фильтра.,0
Medium,2026-05-12,00:40:39.572,2026-05-12T00:40:39.572,Flow_Low,Pump Station B,Critical threshold broken for Flow_Low,Низкий расход. Проверить задвижки и состояние рабочего колеса.,0
Medium,2026-05-12,00:40:54.522,2026-05-12T00:40:54.522,Lube_Oil_Press_Low,Compressor Station A,Critical threshold broken for Lube_Oil_Press_Low,Давление смазочного масла ниже нормы. Проверить масляный насос и фильтры.,0
Low,2026-05-12,00:41:00.650,2026-05-12T00:41:00.650,Temp_Crit_B,Boiler Unit,Critical threshold broken for Temp_Crit_B,Критическая температура в зоне B. Нарушение теплообмена.,0
High,2026-05-12,00:41:27.793,2026-05-12T00:41:27.793,Vib_Sensor_04_Err,Compressor Station A,Critical threshold broken for Vib_Sensor_04_Err,Вибрация превысила критический порог. Возможный износ подшипника или дисбаланс ротора.,1
High,2026-05-12,00:41:28.917,2026-05-12T00:41:28.917,Vib_Sensor_04_Err,Compressor Station A,Critical threshold broken for Vib_Sensor_04_Err,Вибрация превысила критический порог. Возможный износ подшипника или дисбаланс ротора.,1
Medium,2026-05-12,00:42:04.702,2026-05-12T00:42:04.702,Shaft_Displacement,Compressor Station A,Critical threshold broken for Shaft_Displacement,Осевое смещение вала за пределами допуска. Проверить муфту и опоры.,0
High,2026-05-12,00:42:10.432,2026-05-12T00:42:10.432,Vib_Sensor_04_Err,Compressor Station A,Critical threshold broken for Vib_Sensor_04_Err,Вибрация превысила критический порог. Возможный износ подшипника или дисбаланс ротора.,1
High,2026-05-12,00:42:37.817,2026-05-12T00:42:37.817,HX_FoulingAlarm,Heat Exchanger C,Critical threshold broken for HX_FoulingAlarm,Загрязнение теплообменника. Снижение КПД — требуется промывка.,1
High,2026-05-12,00:42:56.060,2026-05-12T00:42:56.060,Vib_Sensor_04_Err,Compressor Station A,Critical threshold broken for Vib_Sensor_04_Err,Вибрация превысила критический порог. Возможный износ подшипника или дисбаланс ротора.,1
Medium,2026-05-12,00:43:03.735,2026-05-12T00:43:03.735,Lube_Oil_Press_Low,Compressor Station A,Critical threshold broken for Lube_Oil_Press_Low,Давление смазочного масла ниже нормы. Проверить масляный насос и фильтры.,0
Medium,2026-05-12,00:43:04.918,2026-05-12T00:43:04.918,Shaft_Displacement,Compressor Station A,Critical threshold broken for Shaft_Displacement,Осевое смещение вала за пределами допуска. Проверить муфту и опоры.,0
High,2026-05-12,00:43:11.566,2026-05-12T00:43:11.566,HX_FoulingAlarm,Heat Exchanger C,Critical threshold broken for HX_FoulingAlarm,Загрязнение теплообменника. Снижение КПД — требуется промывка.,1
High,2026-05-12,00:43:16.564,2026-05-12T00:43:16.564,Vib_Sensor_04_Err,Compressor Station A,Critical threshold broken for Vib_Sensor_04_Err,Вибрация превысила критический порог. Возможный износ подшипника или дисбаланс ротора.,1
Medium,2026-05-12,00:43:20.929,2026-05-12T00:43:20.929,Lube_Oil_Press_Low,Compressor Station A,Critical threshold broken for Lube_Oil_Press_Low,Давление смазочного масла ниже нормы. Проверить масляный насос и фильтры.,0
High,2026-05-12,00:43:57.695,2026-05-12T00:43:57.695,Vib_Sensor_04_Err,Compressor Station A,Critical threshold broken for Vib_Sensor_04_Err,Вибрация превысила критический порог. Возможный износ подшипника или дисбаланс ротора.,1
Medium,2026-05-12,00:43:59.734,2026-05-12T00:43:59.734,Bearing_Temp_High,Compressor Station A,Critical threshold broken for Bearing_Temp_High,Перегрев подшипника. Недостаточная смазка или повреждение обоймы.,0
High,2026-05-12,00:44:02.671,2026-05-12T00:44:02.671,Vib_Sensor_04_Err,Compressor Station A,Critical threshold broken for Vib_Sensor_04_Err,Вибрация превысила критический порог. Возможный износ подшипника или дисбаланс ротора.,1
High,2026-05-12,00:44:19.084,2026-05-12T00:44:19.084,Steam_Press_High,Boiler Unit,Critical threshold broken for Steam_Press_High,Давление пара превышает норму. Проверить регулятор давления и предохранительный клапан.,1
Medium,2026-05-12,00:44:21.146,2026-05-12T00:44:21.146,Bearing_Temp_High,Compressor Station A,Critical threshold broken for Bearing_Temp_High,Перегрев подшипника. Недостаточная смазка или повреждение обоймы.,0
Medium,2026-05-12,00:44:35.445,2026-05-12T00:44:35.445,Valve_Stuck_Close,Boiler Unit,Critical threshold broken for Valve_Stuck_Close,Клапан не открывается. Механическая блокировка или отказ привода.,0
High,2026-05-12,00:44:39.500,2026-05-12T00:44:39.500,Vib_Sensor_04_Err,Compressor Station A,Critical threshold broken for Vib_Sensor_04_Err,Вибрация превысила критический порог. Возможный износ подшипника или дисбаланс ротора.,1
Medium,2026-05-12,00:44:42.845,2026-05-12T00:44:42.845,Lube_Oil_Press_Low,Compressor Station A,Critical threshold broken for Lube_Oil_Press_Low,Давление смазочного масла ниже нормы. Проверить масляный насос и фильтры.,0
Medium,2026-05-12,00:44:50.585,2026-05-12T00:44:50.585,Bearing_Temp_High,Compressor Station A,Critical threshold broken for Bearing_Temp_High,Перегрев подшипника. Недостаточная смазка или повреждение обоймы.,0
Medium,2026-05-12,00:44:54.463,2026-05-12T00:44:54.463,Lube_Oil_Press_Low,Compressor Station A,Critical threshold broken for Lube_Oil_Press_Low,Давление смазочного масла ниже нормы. Проверить масляный насос и фильтры.,0
Medium,2026-05-12,00:45:10.544,2026-05-12T00:45:10.544,Lube_Oil_Press_Low,Compressor Station A,Critical threshold broken for Lube_Oil_Press_Low,Давление смазочного масла ниже нормы. Проверить масляный насос и фильтры.,0
Medium,2026-05-12,00:45:21.017,2026-05-12T00:45:21.017,Bearing_Temp_High,Compressor Station A,Critical threshold broken for Bearing_Temp_High,Перегрев подшипника. Недостаточная смазка или повреждение обоймы.,0
Medium,2026-05-12,00:46:35.182,2026-05-12T00:46:35.182,Lube_Oil_Press_Low,Compressor Station A,Critical threshold broken for Lube_Oil_Press_Low,Давление смазочного масла ниже нормы. Проверить масляный насос и фильтры.,0
High,2026-05-12,00:46:59.726,2026-05-12T00:46:59.726,Steam_Press_High,Boiler Unit,Critical threshold broken for Steam_Press_High,Давление пара превышает норму. Проверить регулятор давления и предохранительный клапан.,1
High,2026-05-12,00:47:02.498,2026-05-12T00:47:02.498,Vib_Sensor_04_Err,Compressor Station A,Critical threshold broken for Vib_Sensor_04_Err,Вибрация превысила критический порог. Возможный износ подшипника или дисбаланс ротора.,1
High,2026-05-12,00:47:03.898,2026-05-12T00:47:03.898,HX_FoulingAlarm,Heat Exchanger C,Critical threshold broken for HX_FoulingAlarm,Загрязнение теплообменника. Снижение КПД — требуется промывка.,1
Medium,2026-05-12,00:47:05.056,2026-05-12T00:47:05.056,Pressure_Drop,Pump Station B,Critical threshold broken for Pressure_Drop,Падение давления. Возможна утечка или засорение фильтра.,0
High,2026-05-12,00:47:50.317,2026-05-12T00:47:50.317,Pump_Cavitation,Pump Station B,Critical threshold broken for Pump_Cavitation,Кавитация насоса. Снизить производительность или повысить давление на входе.,1
High,2026-05-12,00:47:52.727,2026-05-12T00:47:52.727,Vib_Sensor_04_Err,Compressor Station A,Critical threshold broken for Vib_Sensor_04_Err,Вибрация превысила критический порог. Возможный износ подшипника или дисбаланс ротора.,1
Medium,2026-05-12,00:48:07.235,2026-05-12T00:48:07.235,Valve_Stuck_Close,Boiler Unit,Critical threshold broken for Valve_Stuck_Close,Клапан не открывается. Механическая блокировка или отказ привода.,0
High,2026-05-12,00:48:13.108,2026-05-12T00:48:13.108,Vib_Sensor_04_Err,Compressor Station A,Critical threshold broken for Vib_Sensor_04_Err,Вибрация превысила критический порог. Возможный износ подшипника или дисбаланс ротора.,1
Medium,2026-05-12,00:48:19.974,2026-05-12T00:48:19.974,Bearing_Temp_High,Compressor Station A,Critical threshold broken for Bearing_Temp_High,Перегрев подшипника. Недостаточная смазка или повреждение обоймы.,0
Medium,2026-05-12,00:48:31.678,2026-05-12T00:48:31.678,Bearing_Temp_High,Compressor Station A,Critical threshold broken for Bearing_Temp_High,Перегрев подшипника. Недостаточная смазка или повреждение обоймы.,0
High,2026-05-12,00:48:42.841,2026-05-12T00:48:42.841,HX_FoulingAlarm,Heat Exchanger C,Critical threshold broken for HX_FoulingAlarm,Загрязнение теплообменника. Снижение КПД — требуется промывка.,1
High,2026-05-12,00:48:57.366,2026-05-12T00:48:57.366,HX_FoulingAlarm,Heat Exchanger C,Critical threshold broken for HX_FoulingAlarm,Загрязнение теплообменника. Снижение КПД — требуется промывка.,1
High,2026-05-12,00:49:08.886,2026-05-12T00:49:08.886,Vib_Sensor_04_Err,Compressor Station A,Critical threshold broken for Vib_Sensor_04_Err,Вибрация превысила критический порог. Возможный износ подшипника или дисбаланс ротора.,1
High,2026-05-12,00:49:18.791,2026-05-12T00:49:18.791,Vib_Sensor_04_Err,Compressor Station A,Critical threshold broken for Vib_Sensor_04_Err,Вибрация превысила критический порог. Возможный износ подшипника или дисбаланс ротора.,1
Low,2026-05-12,00:49:21.058,2026-05-12T00:49:21.058,Temp_Crit_B,Boiler Unit,Critical threshold broken for Temp_Crit_B,Критическая температура в зоне B. Нарушение теплообмена.,0
Medium,2026-05-12,00:49:54.559,2026-05-12T00:49:54.559,Bearing_Temp_High,Compressor Station A,Critical threshold broken for Bearing_Temp_High,Перегрев подшипника. Недостаточная смазка или повреждение обоймы.,0
High,2026-05-12,00:50:16.436,2026-05-12T00:50:16.436,Vib_Sensor_04_Err,Compressor Station A,Critical threshold broken for Vib_Sensor_04_Err,Вибрация превысила критический порог. Возможный износ подшипника или дисбаланс ротора.,1
High,2026-05-12,00:50:21.269,2026-05-12T00:50:21.269,Vib_Sensor_04_Err,Compressor Station A,Critical threshold broken for Vib_Sensor_04_Err,Вибрация превысила критический порог. Возможный износ подшипника или дисбаланс ротора.,1
High,2026-05-12,00:50:42.764,2026-05-12T00:50:42.764,Vib_Sensor_04_Err,Compressor Station A,Critical threshold broken for Vib_Sensor_04_Err,Вибрация превысила критический порог. Возможный износ подшипника или дисбаланс ротора.,1
Medium,2026-05-12,00:50:45.842,2026-05-12T00:50:45.842,Valve_Stuck_Close,Boiler Unit,Critical threshold broken for Valve_Stuck_Close,Клапан не открывается. Механическая блокировка или отказ привода.,0
High,2026-05-12,00:50:48.556,2026-05-12T00:50:48.556,Vib_Sensor_04_Err,Compressor Station A,Critical threshold broken for Vib_Sensor_04_Err,Вибрация превысила критический порог. Возможный износ подшипника или дисбаланс ротора.,1
High,2026-05-12,00:50:59.272,2026-05-12T00:50:59.272,Steam_Press_High,Boiler Unit,Critical threshold broken for Steam_Press_High,Давление пара превышает норму. Проверить регулятор давления и предохранительный клапан.,1
Medium,2026-05-12,00:51:08.207,2026-05-12T00:51:08.207,Bearing_Temp_High,Compressor Station A,Critical threshold broken for Bearing_Temp_High,Перегрев подшипника. Недостаточная смазка или повреждение обоймы.,0
High,2026-05-12,00:51:08.350,2026-05-12T00:51:08.350,Vib_Sensor_04_Err,Compressor Station A,Critical threshold broken for Vib_Sensor_04_Err,Вибрация превысила критический порог. Возможный износ подшипника или дисбаланс ротора.,1
High,2026-05-12,00:51:13.888,2026-05-12T00:51:13.888,Vib_Sensor_04_Err,Compressor Station A,Critical threshold broken for Vib_Sensor_04_Err,Вибрация превысила критический порог. Возможный износ подшипника или дисбаланс ротора.,1
High,2026-05-12,00:51:19.244,2026-05-12T00:51:19.244,Vib_Sensor_04_Err,Compressor Station A,Critical threshold broken for Vib_Sensor_04_Err,Вибрация превысила критический порог. Возможный износ подшипника или дисбаланс ротора.,1
Low,2026-05-12,00:51:21.607,2026-05-12T00:51:21.607,Valve_Slow,Compressor Station A,Critical threshold broken for Valve_Slow,Запаздывание клапана. Загрязнение привода или износ уплотнений.,0
High,2026-05-12,00:51:51.231,2026-05-12T00:51:51.231,Pump_Cavitation,Pump Station B,Critical threshold broken for Pump_Cavitation,Кавитация насоса. Снизить производительность или повысить давление на входе.,1
Low,2026-05-12,00:52:11.202,2026-05-12T00:52:11.202,Flow_Variance,Boiler Unit,Critical threshold broken for Flow_Variance,Нестабильный расход. Частичное засорение трубопровода.,0
Medium,2026-05-12,00:52:12.282,2026-05-12T00:52:12.282,Lube_Oil_Press_Low,Compressor Station A,Critical threshold broken for Lube_Oil_Press_Low,Давление смазочного масла ниже нормы. Проверить масляный насос и фильтры.,0
High,2026-05-12,00:52:26.181,2026-05-12T00:52:26.181,Vib_Sensor_04_Err,Compressor Station A,Critical threshold broken for Vib_Sensor_04_Err,Вибрация превысила критический порог. Возможный износ подшипника или дисбаланс ротора.,1
Medium,2026-05-12,00:52:42.055,2026-05-12T00:52:42.055,Lube_Oil_Press_Low,Compressor Station A,Critical threshold broken for Lube_Oil_Press_Low,Давление смазочного масла ниже нормы. Проверить масляный насос и фильтры.,0
Medium,2026-05-12,00:52:46.359,2026-05-12T00:52:46.359,Lube_Oil_Press_Low,Compressor Station A,Critical threshold broken for Lube_Oil_Press_Low,Давление смазочного масла ниже нормы. Проверить масляный насос и фильтры.,0
High,2026-05-12,00:52:58.798,2026-05-12T00:52:58.798,Vib_Sensor_04_Err,Compressor Station A,Critical threshold broken for Vib_Sensor_04_Err,Вибрация превысила критический порог. Возможный износ подшипника или дисбаланс ротора.,1
Medium,2026-05-12,00:53:17.760,2026-05-12T00:53:17.760,Bearing_Temp_High,Compressor Station A,Critical threshold broken for Bearing_Temp_High,Перегрев подшипника. Недостаточная смазка или повреждение обоймы.,0
High,2026-05-12,00:53:27.912,2026-05-12T00:53:27.912,Pump_Cavitation,Pump Station B,Critical threshold broken for Pump_Cavitation,Кавитация насоса. Снизить производительность или повысить давление на входе.,1
Low,2026-05-12,00:53:30.611,2026-05-12T00:53:30.611,Flow_Restrict,Heat Exchanger C,Critical threshold broken for Flow_Restrict,Ограничение потока. Частичное перекрытие прохода.,0
High,2026-05-12,00:53:32.181,2026-05-12T00:53:32.181,Vib_Sensor_04_Err,Compressor Station A,Critical threshold broken for Vib_Sensor_04_Err,Вибрация превысила критический порог. Возможный износ подшипника или дисбаланс ротора.,1
Medium,2026-05-12,00:53:37.126,2026-05-12T00:53:37.126,Pressure_Drop,Pump Station B,Critical threshold broken for Pressure_Drop,Падение давления. Возможна утечка или засорение фильтра.,0
High,2026-05-12,00:54:01.741,2026-05-12T00:54:01.741,Vib_Sensor_04_Err,Compressor Station A,Critical threshold broken for Vib_Sensor_04_Err,Вибрация превысила критический порог. Возможный износ подшипника или дисбаланс ротора.,1
Medium,2026-05-12,00:54:03.908,2026-05-12T00:54:03.908,Pressure_Drop,Pump Station B,Critical threshold broken for Pressure_Drop,Падение давления. Возможна утечка или засорение фильтра.,0
High,2026-05-12,00:54:30.569,2026-05-12T00:54:30.569,Vib_Sensor_04_Err,Compressor Station A,Critical threshold broken for Vib_Sensor_04_Err,Вибрация превысила критический порог. Возможный износ подшипника или дисбаланс ротора.,1
Medium,2026-05-12,00:54:39.843,2026-05-12T00:54:39.843,Flow_Low,Pump Station B,Critical threshold broken for Flow_Low,Низкий расход. Проверить задвижки и состояние рабочего колеса.,0
High,2026-05-12,00:54:42.408,2026-05-12T00:54:42.408,Vib_Sensor_04_Err,Compressor Station A,Critical threshold broken for Vib_Sensor_04_Err,Вибрация превысила критический порог. Возможный износ подшипника или дисбаланс ротора.,1
Medium,2026-05-12,00:55:10.042,2026-05-12T00:55:10.042,Bearing_Temp_High,Compressor Station A,Critical threshold broken for Bearing_Temp_High,Перегрев подшипника. Недостаточная смазка или повреждение обоймы.,0
High,2026-05-12,00:55:32.281,2026-05-12T00:55:32.281,Vib_Sensor_04_Err,Compressor Station A,Critical threshold broken for Vib_Sensor_04_Err,Вибрация превысила критический порог. Возможный износ подшипника или дисбаланс ротора.,1
Medium,2026-05-12,00:55:32.787,2026-05-12T00:55:32.787,Pressure_Drop,Pump Station B,Critical threshold broken for Pressure_Drop,Падение давления. Возможна утечка или засорение фильтра.,0
High,2026-05-12,00:55:59.877,2026-05-12T00:55:59.877,Vib_Sensor_04_Err,Compressor Station A,Critical threshold broken for Vib_Sensor_04_Err,Вибрация превысила критический порог. Возможный износ подшипника или дисбаланс ротора.,1
High,2026-05-12,00:56:02.096,2026-05-12T00:56:02.096,Steam_Press_High,Boiler Unit,Critical threshold broken for Steam_Press_High,Давление пара превышает норму. Проверить регулятор давления и предохранительный клапан.,1
High,2026-05-12,00:56:40.536,2026-05-12T00:56:40.536,Vib_Sensor_04_Err,Compressor Station A,Critical threshold broken for Vib_Sensor_04_Err,Вибрация превысила критический порог. Возможный износ подшипника или дисбаланс ротора.,1
Medium,2026-05-12,00:56:44.119,2026-05-12T00:56:44.119,Flow_Low,Pump Station B,Critical threshold broken for Flow_Low,Низкий расход. Проверить задвижки и состояние рабочего колеса.,0
High,2026-05-12,00:56:54.803,2026-05-12T00:56:54.803,Vib_Sensor_04_Err,Compressor Station A,Critical threshold broken for Vib_Sensor_04_Err,Вибрация превысила критический порог. Возможный износ подшипника или дисбаланс ротора.,1
High,2026-05-12,00:57:06.338,2026-05-12T00:57:06.338,Pump_Cavitation,Pump Station B,Critical threshold broken for Pump_Cavitation,Кавитация насоса. Снизить производительность или повысить давление на входе.,1
High,2026-05-12,00:57:14.941,2026-05-12T00:57:14.941,Vib_Sensor_04_Err,Compressor Station A,Critical threshold broken for Vib_Sensor_04_Err,Вибрация превысила критический порог. Возможный износ подшипника или дисбаланс ротора.,1
Medium,2026-05-12,00:57:23.915,2026-05-12T00:57:23.915,Shaft_Displacement,Compressor Station A,Critical threshold broken for Shaft_Displacement,Осевое смещение вала за пределами допуска. Проверить муфту и опоры.,0
High,2026-05-12,00:58:14.703,2026-05-12T00:58:14.703,Steam_Press_High,Boiler Unit,Critical threshold broken for Steam_Press_High,Давление пара превышает норму. Проверить регулятор давления и предохранительный клапан.,1
High,2026-05-12,00:58:16.005,2026-05-12T00:58:16.005,Steam_Press_High,Boiler Unit,Critical threshold broken for Steam_Press_High,Давление пара превышает норму. Проверить регулятор давления и предохранительный клапан.,1
Medium,2026-05-12,00:58:27.449,2026-05-12T00:58:27.449,Flow_Low,Pump Station B,Critical threshold broken for Flow_Low,Низкий расход. Проверить задвижки и состояние рабочего колеса.,0
Medium,2026-05-12,00:58:38.721,2026-05-12T00:58:38.721,Lube_Oil_Press_Low,Compressor Station A,Critical threshold broken for Lube_Oil_Press_Low,Давление смазочного масла ниже нормы. Проверить масляный насос и фильтры.,0
Medium,2026-05-12,00:58:53.006,2026-05-12T00:58:53.006,Lube_Oil_Press_Low,Compressor Station A,Critical threshold broken for Lube_Oil_Press_Low,Давление смазочного масла ниже нормы. Проверить масляный насос и фильтры.,0
Medium,2026-05-12,00:59:20.145,2026-05-12T00:59:20.145,Shaft_Displacement,Compressor Station A,Critical threshold broken for Shaft_Displacement,Осевое смещение вала за пределами допуска. Проверить муфту и опоры.,0
High,2026-05-12,00:59:21.995,2026-05-12T00:59:21.995,Vib_Sensor_04_Err,Compressor Station A,Critical threshold broken for Vib_Sensor_04_Err,Вибрация превысила критический порог. Возможный износ подшипника или дисбаланс ротора.,1
High,2026-05-12,00:59:35.556,2026-05-12T00:59:35.556,HX_FoulingAlarm,Heat Exchanger C,Critical threshold broken for HX_FoulingAlarm,Загрязнение теплообменника. Снижение КПД — требуется промывка.,1
High,2026-05-12,00:59:36.277,2026-05-12T00:59:36.277,Steam_Press_High,Boiler Unit,Critical threshold broken for Steam_Press_High,Давление пара превышает норму. Проверить регулятор давления и предохранительный клапан.,1
High,2026-05-12,00:59:59.545,2026-05-12T00:59:59.545,Pump_Cavitation,Pump Station B,Critical threshold broken for Pump_Cavitation,Кавитация насоса. Снизить производительность или повысить давление на входе.,1
Medium,2026-05-12,01:00:16.536,2026-05-12T01:00:16.536,Lube_Oil_Press_Low,Compressor Station A,Critical threshold broken for Lube_Oil_Press_Low,Давление смазочного масла ниже нормы. Проверить масляный насос и фильтры.,0
High,2026-05-12,01:00:29.005,2026-05-12T01:00:29.005,Vib_Sensor_04_Err,Compressor Station A,Critical threshold broken for Vib_Sensor_04_Err,Вибрация превысила критический порог. Возможный износ подшипника или дисбаланс ротора.,1
Medium,2026-05-12,01:01:06.490,2026-05-12T01:01:06.490,Lube_Oil_Press_Low,Compressor Station A,Critical threshold broken for Lube_Oil_Press_Low,Давление смазочного масла ниже нормы. Проверить масляный насос и фильтры.,0
High,2026-05-12,01:01:11.284,2026-05-12T01:01:11.284,Vib_Sensor_04_Err,Compressor Station A,Critical threshold broken for Vib_Sensor_04_Err,Вибрация превысила критический порог. Возможный износ подшипника или дисбаланс ротора.,1
Medium,2026-05-12,01:01:28.692,2026-05-12T01:01:28.692,Lube_Oil_Press_Low,Compressor Station A,Critical threshold broken for Lube_Oil_Press_Low,Давление смазочного масла ниже нормы. Проверить масляный насос и фильтры.,0
High,2026-05-12,01:01:34.092,2026-05-12T01:01:34.092,Vib_Sensor_04_Err,Compressor Station A,Critical threshold broken for Vib_Sensor_04_Err,Вибрация превысила критический порог. Возможный износ подшипника или дисбаланс ротора.,1
Medium,2026-05-12,01:02:18.576,2026-05-12T01:02:18.576,Lube_Oil_Press_Low,Compressor Station A,Critical threshold broken for Lube_Oil_Press_Low,Давление смазочного масла ниже нормы. Проверить масляный насос и фильтры.,0
High,2026-05-12,01:02:45.390,2026-05-12T01:02:45.390,Vib_Sensor_04_Err,Compressor Station A,Critical threshold broken for Vib_Sensor_04_Err,Вибрация превысила критический порог. Возможный износ подшипника или дисбаланс ротора.,1
Medium,2026-05-12,01:02:58.877,2026-05-12T01:02:58.877,Shaft_Displacement,Compressor Station A,Critical threshold broken for Shaft_Displacement,Осевое смещение вала за пределами допуска. Проверить муфту и опоры.,0
Medium,2026-05-12,01:03:08.266,2026-05-12T01:03:08.266,Lube_Oil_Press_Low,Compressor Station A,Critical threshold broken for Lube_Oil_Press_Low,Давление смазочного масла ниже нормы. Проверить масляный насос и фильтры.,0
Medium,2026-05-12,01:03:12.789,2026-05-12T01:03:12.789,Lube_Oil_Press_Low,Compressor Station A,Critical threshold broken for Lube_Oil_Press_Low,Давление смазочного масла ниже нормы. Проверить масляный насос и фильтры.,0
Medium,2026-05-12,01:03:13.587,2026-05-12T01:03:13.587,Lube_Oil_Press_Low,Compressor Station A,Critical threshold broken for Lube_Oil_Press_Low,Давление смазочного масла ниже нормы. Проверить масляный насос и фильтры.,0
High,2026-05-12,01:03:26.886,2026-05-12T01:03:26.886,Vib_Sensor_04_Err,Compressor Station A,Critical threshold broken for Vib_Sensor_04_Err,Вибрация превысила критический порог. Возможный износ подшипника или дисбаланс ротора.,1
High,2026-05-12,01:03:54.213,2026-05-12T01:03:54.213,HX_FoulingAlarm,Heat Exchanger C,Critical threshold broken for HX_FoulingAlarm,Загрязнение теплообменника. Снижение КПД — требуется промывка.,1
High,2026-05-12,01:04:07.845,2026-05-12T01:04:07.845,Vib_Sensor_04_Err,Compressor Station A,Critical threshold broken for Vib_Sensor_04_Err,Вибрация превысила критический порог. Возможный износ подшипника или дисбаланс ротора.,1
High,2026-05-12,01:04:35.115,2026-05-12T01:04:35.115,Vib_Sensor_04_Err,Compressor Station A,Critical threshold broken for Vib_Sensor_04_Err,Вибрация превысила критический порог. Возможный износ подшипника или дисбаланс ротора.,1
Medium,2026-05-12,01:04:53.170,2026-05-12T01:04:53.170,Bearing_Temp_High,Compressor Station A,Critical threshold broken for Bearing_Temp_High,Перегрев подшипника. Недостаточная смазка или повреждение обоймы.,0
Medium,2026-05-12,01:05:36.581,2026-05-12T01:05:36.581,Shaft_Displacement,Compressor Station A,Critical threshold broken for Shaft_Displacement,Осевое смещение вала за пределами допуска. Проверить муфту и опоры.,0
Medium,2026-05-12,01:05:41.096,2026-05-12T01:05:41.096,Shaft_Displacement,Compressor Station A,Critical threshold broken for Shaft_Displacement,Осевое смещение вала за пределами допуска. Проверить муфту и опоры.,0
High,2026-05-12,01:06:15.188,2026-05-12T01:06:15.188,Vib_Sensor_04_Err,Compressor Station A,Critical threshold broken for Vib_Sensor_04_Err,Вибрация превысила критический порог. Возможный износ подшипника или дисбаланс ротора.,1
Medium,2026-05-12,01:06:24.528,2026-05-12T01:06:24.528,Bearing_Temp_High,Compressor Station A,Critical threshold broken for Bearing_Temp_High,Перегрев подшипника. Недостаточная смазка или повреждение обоймы.,0
Medium,2026-05-12,01:06:37.845,2026-05-12T01:06:37.845,Lube_Oil_Press_Low,Compressor Station A,Critical threshold broken for Lube_Oil_Press_Low,Давление смазочного масла ниже нормы. Проверить масляный насос и фильтры.,0
Medium,2026-05-12,01:06:58.790,2026-05-12T01:06:58.790,Bearing_Temp_High,Compressor Station A,Critical threshold broken for Bearing_Temp_High,Перегрев подшипника. Недостаточная смазка или повреждение обоймы.,0
Low,2026-05-12,01:08:34.699,2026-05-12T01:08:34.699,Valve_Slow,Compressor Station A,Critical threshold broken for Valve_Slow,Запаздывание клапана. Загрязнение привода или износ уплотнений.,0
High,2026-05-12,01:08:38.084,2026-05-12T01:08:38.084,HX_FoulingAlarm,Heat Exchanger C,Critical threshold broken for HX_FoulingAlarm,Загрязнение теплообменника. Снижение КПД — требуется промывка.,1
Medium,2026-05-12,01:08:51.975,2026-05-12T01:08:51.975,Pressure_Drop,Pump Station B,Critical threshold broken for Pressure_Drop,Падение давления. Возможна утечка или засорение фильтра.,0
High,2026-05-12,01:09:02.380,2026-05-12T01:09:02.380,Vib_Sensor_04_Err,Compressor Station A,Critical threshold broken for Vib_Sensor_04_Err,Вибрация превысила критический порог. Возможный износ подшипника или дисбаланс ротора.,1
Medium,2026-05-12,01:09:06.171,2026-05-12T01:09:06.171,Lube_Oil_Press_Low,Compressor Station A,Critical threshold broken for Lube_Oil_Press_Low,Давление смазочного масла ниже нормы. Проверить масляный насос и фильтры.,0
Medium,2026-05-12,01:09:16.189,2026-05-12T01:09:16.189,Lube_Oil_Press_Low,Compressor Station A,Critical threshold broken for Lube_Oil_Press_Low,Давление смазочного масла ниже нормы. Проверить масляный насос и фильтры.,0
Medium,2026-05-12,01:10:15.991,2026-05-12T01:10:15.991,Lube_Oil_Press_Low,Compressor Station A,Critical threshold broken for Lube_Oil_Press_Low,Давление смазочного масла ниже нормы. Проверить масляный насос и фильтры.,0
Medium,2026-05-12,01:11:17.989,2026-05-12T01:11:17.989,Shaft_Displacement,Compressor Station A,Critical threshold broken for Shaft_Displacement,Осевое смещение вала за пределами допуска. Проверить муфту и опоры.,0
Low,2026-05-12,01:11:19.790,2026-05-12T01:11:19.790,Temp_Crit_B,Boiler Unit,Critical threshold broken for Temp_Crit_B,Критическая температура в зоне B. Нарушение теплообмена.,0
Medium,2026-05-12,01:11:55.529,2026-05-12T01:11:55.529,Temp_Delta_High,Heat Exchanger C,Critical threshold broken for Temp_Delta_High,Высокая разница температур. Нарушение режима теплопередачи.,0
High,2026-05-12,01:12:04.937,2026-05-12T01:12:04.937,Pump_Cavitation,Pump Station B,Critical threshold broken for Pump_Cavitation,Кавитация насоса. Снизить производительность или повысить давление на входе.,1
Medium,2026-05-12,01:12:04.972,2026-05-12T01:12:04.972,Bearing_Temp_High,Compressor Station A,Critical threshold broken for Bearing_Temp_High,Перегрев подшипника. Недостаточная смазка или повреждение обоймы.,0
Medium,2026-05-12,01:12:28.055,2026-05-12T01:12:28.055,Lube_Oil_Press_Low,Compressor Station A,Critical threshold broken for Lube_Oil_Press_Low,Давление смазочного масла ниже нормы. Проверить масляный насос и фильтры.,0
High,2026-05-12,01:12:28.933,2026-05-12T01:12:28.933,Steam_Press_High,Boiler Unit,Critical threshold broken for Steam_Press_High,Давление пара превышает норму. Проверить регулятор давления и предохранительный клапан.,1
High,2026-05-12,01:13:53.183,2026-05-12T01:13:53.183,Vib_Sensor_04_Err,Compressor Station A,Critical threshold broken for Vib_Sensor_04_Err,Вибрация превысила критический порог. Возможный износ подшипника или дисбаланс ротора.,1
High,2026-05-12,01:13:54.876,2026-05-12T01:13:54.876,Vib_Sensor_04_Err,Compressor Station A,Critical threshold broken for Vib_Sensor_04_Err,Вибрация превысила критический порог. Возможный износ подшипника или дисбаланс ротора.,1
High,2026-05-12,01:14:33.030,2026-05-12T01:14:33.030,Vib_Sensor_04_Err,Compressor Station A,Critical threshold broken for Vib_Sensor_04_Err,Вибрация превысила критический порог. Возможный износ подшипника или дисбаланс ротора.,1
High,2026-05-12,01:14:43.610,2026-05-12T01:14:43.610,Pump_Cavitation,Pump Station B,Critical threshold broken for Pump_Cavitation,Кавитация насоса. Снизить производительность или повысить давление на входе.,1
Medium,2026-05-12,01:16:02.498,2026-05-12T01:16:02.498,Bearing_Temp_High,Compressor Station A,Critical threshold broken for Bearing_Temp_High,Перегрев подшипника. Недостаточная смазка или повреждение обоймы.,0
High,2026-05-12,01:16:40.040,2026-05-12T01:16:40.040,Vib_Sensor_04_Err,Compressor Station A,Critical threshold broken for Vib_Sensor_04_Err,Вибрация превысила критический порог. Возможный износ подшипника или дисбаланс ротора.,1
Medium,2026-05-12,01:17:15.250,2026-05-12T01:17:15.250,Pressure_Drop,Pump Station B,Critical threshold broken for Pressure_Drop,Падение давления. Возможна утечка или засорение фильтра.,0
Low,2026-05-12,01:17:27.836,2026-05-12T01:17:27.836,Valve_Slow,Compressor Station A,Critical threshold broken for Valve_Slow,Запаздывание клапана. Загрязнение привода или износ уплотнений.,0
High,2026-05-12,01:17:30.973,2026-05-12T01:17:30.973,Vib_Sensor_04_Err,Compressor Station A,Critical threshold broken for Vib_Sensor_04_Err,Вибрация превысила критический порог. Возможный износ подшипника или дисбаланс ротора.,1
High,2026-05-12,01:18:07.339,2026-05-12T01:18:07.339,Steam_Press_High,Boiler Unit,Critical threshold broken for Steam_Press_High,Давление пара превышает норму. Проверить регулятор давления и предохранительный клапан.,1
Medium,2026-05-12,01:18:40.560,2026-05-12T01:18:40.560,Flow_Low,Pump Station B,Critical threshold broken for Flow_Low,Низкий расход. Проверить задвижки и состояние рабочего колеса.,0
Medium,2026-05-12,01:18:47.515,2026-05-12T01:18:47.515,Lube_Oil_Press_Low,Compressor Station A,Critical threshold broken for Lube_Oil_Press_Low,Давление смазочного масла ниже нормы. Проверить масляный насос и фильтры.,0
Low,2026-05-12,01:21:15.648,2026-05-12T01:21:15.648,Valve_Slow,Compressor Station A,Critical threshold broken for Valve_Slow,Запаздывание клапана. Загрязнение привода или износ уплотнений.,0
High,2026-05-12,01:21:46.906,2026-05-12T01:21:46.906,Pump_Cavitation,Pump Station B,Critical threshold broken for Pump_Cavitation,Кавитация насоса. Снизить производительность или повысить давление на входе.,1
Medium,2026-05-12,01:21:54.632,2026-05-12T01:21:54.632,Bearing_Temp_High,Compressor Station A,Critical threshold broken for Bearing_Temp_High,Перегрев подшипника. Недостаточная смазка или повреждение обоймы.,0
High,2026-05-12,01:22:02.327,2026-05-12T01:22:02.327,Pump_Cavitation,Pump Station B,Critical threshold broken for Pump_Cavitation,Кавитация насоса. Снизить производительность или повысить давление на входе.,1
High,2026-05-12,01:22:03.419,2026-05-12T01:22:03.419,Vib_Sensor_04_Err,Compressor Station A,Critical threshold broken for Vib_Sensor_04_Err,Вибрация превысила критический порог. Возможный износ подшипника или дисбаланс ротора.,1
Low,2026-05-12,01:23:14.182,2026-05-12T01:23:14.182,Temp_Crit_B,Boiler Unit,Critical threshold broken for Temp_Crit_B,Критическая температура в зоне B. Нарушение теплообмена.,0
High,2026-05-12,01:23:53.620,2026-05-12T01:23:53.620,Steam_Press_High,Boiler Unit,Critical threshold broken for Steam_Press_High,Давление пара превышает норму. Проверить регулятор давления и предохранительный клапан.,1
High,2026-05-12,01:24:00.727,2026-05-12T01:24:00.727,Vib_Sensor_04_Err,Compressor Station A,Critical threshold broken for Vib_Sensor_04_Err,Вибрация превысила критический порог. Возможный износ подшипника или дисбаланс ротора.,1
Low,2026-05-12,01:24:15.927,2026-05-12T01:24:15.927,Flow_Restrict,Heat Exchanger C,Critical threshold broken for Flow_Restrict,Ограничение потока. Частичное перекрытие прохода.,0
Medium,2026-05-12,01:25:02.649,2026-05-12T01:25:02.649,Lube_Oil_Press_Low,Compressor Station A,Critical threshold broken for Lube_Oil_Press_Low,Давление смазочного масла ниже нормы. Проверить масляный насос и фильтры.,0
High,2026-05-12,01:25:30.237,2026-05-12T01:25:30.237,Vib_Sensor_04_Err,Compressor Station A,Critical threshold broken for Vib_Sensor_04_Err,Вибрация превысила критический порог. Возможный износ подшипника или дисбаланс ротора.,1
Low,2026-05-12,01:25:49.367,2026-05-12T01:25:49.367,Temp_Crit_B,Boiler Unit,Critical threshold broken for Temp_Crit_B,Критическая температура в зоне B. Нарушение теплообмена.,0
High,2026-05-12,01:25:50.245,2026-05-12T01:25:50.245,Vib_Sensor_04_Err,Compressor Station A,Critical threshold broken for Vib_Sensor_04_Err,Вибрация превысила критический порог. Возможный износ подшипника или дисбаланс ротора.,1
Low,2026-05-12,01:25:55.900,2026-05-12T01:25:55.900,Flow_Restrict,Heat Exchanger C,Critical threshold broken for Flow_Restrict,Ограничение потока. Частичное перекрытие прохода.,0
Medium,2026-05-12,01:27:12.169,2026-05-12T01:27:12.169,Valve_Stuck_Close,Boiler Unit,Critical threshold broken for Valve_Stuck_Close,Клапан не открывается. Механическая блокировка или отказ привода.,0
Low,2026-05-12,01:27:45.078,2026-05-12T01:27:45.078,Valve_Slow,Compressor Station A,Critical threshold broken for Valve_Slow,Запаздывание клапана. Загрязнение привода или износ уплотнений.,0
Medium,2026-05-12,01:29:05.180,2026-05-12T01:29:05.180,Pressure_Drop,Pump Station B,Critical threshold broken for Pressure_Drop,Падение давления. Возможна утечка или засорение фильтра.,0
Medium,2026-05-12,01:30:06.621,2026-05-12T01:30:06.621,Lube_Oil_Press_Low,Compressor Station A,Critical threshold broken for Lube_Oil_Press_Low,Давление смазочного масла ниже нормы. Проверить масляный насос и фильтры.,0
Medium,2026-05-12,01:30:37.313,2026-05-12T01:30:37.313,Lube_Oil_Press_Low,Compressor Station A,Critical threshold broken for Lube_Oil_Press_Low,Давление смазочного масла ниже нормы. Проверить масляный насос и фильтры.,0
Medium,2026-05-12,01:31:11.719,2026-05-12T01:31:11.719,Shaft_Displacement,Compressor Station A,Critical threshold broken for Shaft_Displacement,Осевое смещение вала за пределами допуска. Проверить муфту и опоры.,0
High,2026-05-12,01:31:17.587,2026-05-12T01:31:17.587,Vib_Sensor_04_Err,Compressor Station A,Critical threshold broken for Vib_Sensor_04_Err,Вибрация превысила критический порог. Возможный износ подшипника или дисбаланс ротора.,1
Low,2026-05-12,01:33:14.363,2026-05-12T01:33:14.363,Temp_Crit_B,Boiler Unit,Critical threshold broken for Temp_Crit_B,Критическая температура в зоне B. Нарушение теплообмена.,0
Medium,2026-05-12,01:33:35.197,2026-05-12T01:33:35.197,Lube_Oil_Press_Low,Compressor Station A,Critical threshold broken for Lube_Oil_Press_Low,Давление смазочного масла ниже нормы. Проверить масляный насос и фильтры.,0
High,2026-05-12,01:33:42.884,2026-05-12T01:33:42.884,Vib_Sensor_04_Err,Compressor Station A,Critical threshold broken for Vib_Sensor_04_Err,Вибрация превысила критический порог. Возможный износ подшипника или дисбаланс ротора.,1
Medium,2026-05-12,01:34:05.041,2026-05-12T01:34:05.041,Lube_Oil_Press_Low,Compressor Station A,Critical threshold broken for Lube_Oil_Press_Low,Давление смазочного масла ниже нормы. Проверить масляный насос и фильтры.,0
High,2026-05-12,01:34:58.249,2026-05-12T01:34:58.249,Vib_Sensor_04_Err,Compressor Station A,Critical threshold broken for Vib_Sensor_04_Err,Вибрация превысила критический порог. Возможный износ подшипника или дисбаланс ротора.,1
High,2026-05-12,01:36:28.870,2026-05-12T01:36:28.870,HX_FoulingAlarm,Heat Exchanger C,Critical threshold broken for HX_FoulingAlarm,Загрязнение теплообменника. Снижение КПД — требуется промывка.,1
Medium,2026-05-12,01:39:41.462,2026-05-12T01:39:41.462,Lube_Oil_Press_Low,Compressor Station A,Critical threshold broken for Lube_Oil_Press_Low,Давление смазочного масла ниже нормы. Проверить масляный насос и фильтры.,0
High,2026-05-12,01:40:09.853,2026-05-12T01:40:09.853,Vib_Sensor_04_Err,Compressor Station A,Critical threshold broken for Vib_Sensor_04_Err,Вибрация превысила критический порог. Возможный износ подшипника или дисбаланс ротора.,1
High,2026-05-12,01:40:54.481,2026-05-12T01:40:54.481,Steam_Press_High,Boiler Unit,Critical threshold broken for Steam_Press_High,Давление пара превышает норму. Проверить регулятор давления и предохранительный клапан.,1
High,2026-05-12,01:40:55.865,2026-05-12T01:40:55.865,Vib_Sensor_04_Err,Compressor Station A,Critical threshold broken for Vib_Sensor_04_Err,Вибрация превысила критический порог. Возможный износ подшипника или дисбаланс ротора.,1
High,2026-05-12,01:44:40.896,2026-05-12T01:44:40.896,Vib_Sensor_04_Err,Compressor Station A,Critical threshold broken for Vib_Sensor_04_Err,Вибрация превысила критический порог. Возможный износ подшипника или дисбаланс ротора.,1
Medium,2026-05-12,01:44:57.942,2026-05-12T01:44:57.942,Lube_Oil_Press_Low,Compressor Station A,Critical threshold broken for Lube_Oil_Press_Low,Давление смазочного масла ниже нормы. Проверить масляный насос и фильтры.,0
Medium,2026-05-12,01:46:04.867,2026-05-12T01:46:04.867,Pressure_Drop,Pump Station B,Critical threshold broken for Pressure_Drop,Падение давления. Возможна утечка или засорение фильтра.,0
Medium,2026-05-12,01:48:53.581,2026-05-12T01:48:53.581,Bearing_Temp_High,Compressor Station A,Critical threshold broken for Bearing_Temp_High,Перегрев подшипника. Недостаточная смазка или повреждение обоймы.,0
High,2026-05-12,01:49:59.382,2026-05-12T01:49:59.382,Vib_Sensor_04_Err,Compressor Station A,Critical threshold broken for Vib_Sensor_04_Err,Вибрация превысила критический порог. Возможный износ подшипника или дисбаланс ротора.,1
High,2026-05-12,01:50:47.840,2026-05-12T01:50:47.840,Vib_Sensor_04_Err,Compressor Station A,Critical threshold broken for Vib_Sensor_04_Err,Вибрация превысила критический порог. Возможный износ подшипника или дисбаланс ротора.,1
Medium,2026-05-12,02:04:12.526,2026-05-12T02:04:12.526,Flow_Low,Pump Station B,Critical threshold broken for Flow_Low,Низкий расход. Проверить задвижки и состояние рабочего колеса.,0
High,2026-05-12,02:04:53.007,2026-05-12T02:04:53.007,Vib_Sensor_04_Err,Compressor Station A,Critical threshold broken for Vib_Sensor_04_Err,Вибрация превысила критический порог. Возможный износ подшипника или дисбаланс ротора.,1
High,2026-05-12,02:06:50.318,2026-05-12T02:06:50.318,Vib_Sensor_04_Err,Compressor Station A,Critical threshold broken for Vib_Sensor_04_Err,Вибрация превысила критический порог. Возможный износ подшипника или дисбаланс ротора.,1
Medium,2026-05-12,02:13:46.413,2026-05-12T02:13:46.413,Lube_Oil_Press_Low,Compressor Station A,Critical threshold broken for Lube_Oil_Press_Low,Давление смазочного масла ниже нормы. Проверить масляный насос и фильтры.,0
High,2026-05-12,02:17:43.829,2026-05-12T02:17:43.829,Vib_Sensor_04_Err,Compressor Station A,Critical threshold broken for Vib_Sensor_04_Err,Вибрация превысила критический порог. Возможный износ подшипника или дисбаланс ротора.,1
High,2026-05-12,02:18:40.437,2026-05-12T02:18:40.437,Vib_Sensor_04_Err,Compressor Station A,Critical threshold broken for Vib_Sensor_04_Err,Вибрация превысила критический порог. Возможный износ подшипника или дисбаланс ротора.,1
High,2026-05-12,02:20:33.293,2026-05-12T02:20:33.293,Vib_Sensor_04_Err,Compressor Station A,Critical threshold broken for Vib_Sensor_04_Err,Вибрация превысила критический порог. Возможный износ подшипника или дисбаланс ротора.,1
High,2026-05-12,02:25:20.797,2026-05-12T02:25:20.797,Steam_Press_High,Boiler Unit,Critical threshold broken for Steam_Press_High,Давление пара превышает норму. Проверить регулятор давления и предохранительный клапан.,1
Medium,2026-05-12,02:29:07.634,2026-05-12T02:29:07.634,Valve_Stuck_Close,Boiler Unit,Critical threshold broken for Valve_Stuck_Close,Клапан не открывается. Механическая блокировка или отказ привода.,0
Medium,2026-05-12,02:29:57.630,2026-05-12T02:29:57.630,Lube_Oil_Press_Low,Compressor Station A,Critical threshold broken for Lube_Oil_Press_Low,Давление смазочного масла ниже нормы. Проверить масляный насос и фильтры.,0
High,2026-05-12,02:32:10.272,2026-05-12T02:32:10.272,Vib_Sensor_04_Err,Compressor Station A,Critical threshold broken for Vib_Sensor_04_Err,Вибрация превысила критический порог. Возможный износ подшипника или дисбаланс ротора.,1
Medium,2026-05-12,02:42:06.408,2026-05-12T02:42:06.408,Lube_Oil_Press_Low,Compressor Station A,Critical threshold broken for Lube_Oil_Press_Low,Давление смазочного масла ниже нормы. Проверить масляный насос и фильтры.,0
High,2026-05-12,02:51:18.368,2026-05-12T02:51:18.368,Pump_Cavitation,Pump Station B,Critical threshold broken for Pump_Cavitation,Кавитация насоса. Снизить производительность или повысить давление на входе.,1
Medium,2026-05-12,02:57:05.605,2026-05-12T02:57:05.605,Flow_Low,Pump Station B,Critical threshold broken for Flow_Low,Низкий расход. Проверить задвижки и состояние рабочего колеса.,0
High,2026-05-12,02:58:23.112,2026-05-12T02:58:23.112,Vib_Sensor_04_Err,Compressor Station A,Critical threshold broken for Vib_Sensor_04_Err,Вибрация превысила критический порог. Возможный износ подшипника или дисбаланс ротора.,1
Medium,2026-05-12,02:59:45.547,2026-05-12T02:59:45.547,Lube_Oil_Press_Low,Compressor Station A,Critical threshold broken for Lube_Oil_Press_Low,Давление смазочного масла ниже нормы. Проверить масляный насос и фильтры.,0
High,2026-05-12,03:02:02.449,2026-05-12T03:02:02.449,Steam_Press_High,Boiler Unit,Critical threshold broken for Steam_Press_High,Давление пара превышает норму. Проверить регулятор давления и предохранительный клапан.,1
Medium,2026-05-12,03:06:22.257,2026-05-12T03:06:22.257,Lube_Oil_Press_Low,Compressor Station A,Critical threshold broken for Lube_Oil_Press_Low,Давление смазочного масла ниже нормы. Проверить масляный насос и фильтры.,0
High,2026-05-12,03:06:51.257,2026-05-12T03:06:51.257,Vib_Sensor_04_Err,Compressor Station A,Critical threshold broken for Vib_Sensor_04_Err,Вибрация превысила критический порог. Возможный износ подшипника или дисбаланс ротора.,1
High,2026-05-12,03:07:59.332,2026-05-12T03:07:59.332,HX_FoulingAlarm,Heat Exchanger C,Critical threshold broken for HX_FoulingAlarm,Загрязнение теплообменника. Снижение КПД — требуется промывка.,1
Medium,2026-05-12,03:11:56.316,2026-05-12T03:11:56.316,Shaft_Displacement,Compressor Station A,Critical threshold broken for Shaft_Displacement,Осевое смещение вала за пределами допуска. Проверить муфту и опоры.,0
High,2026-05-12,03:19:17.283,2026-05-12T03:19:17.283,Pump_Cavitation,Pump Station B,Critical threshold broken for Pump_Cavitation,Кавитация насоса. Снизить производительность или повысить давление на входе.,1
High,2026-05-12,03:21:40.701,2026-05-12T03:21:40.701,HX_FoulingAlarm,Heat Exchanger C,Critical threshold broken for HX_FoulingAlarm,Загрязнение теплообменника. Снижение КПД — требуется промывка.,1
Medium,2026-05-12,03:26:31.076,2026-05-12T03:26:31.076,Pressure_Drop,Pump Station B,Critical threshold broken for Pressure_Drop,Падение давления. Возможна утечка или засорение фильтра.,0
Low,2026-05-12,03:36:56.153,2026-05-12T03:36:56.153,Valve_Slow,Compressor Station A,Critical threshold broken for Valve_Slow,Запаздывание клапана. Загрязнение привода или износ уплотнений.,0
High,2026-05-12,03:39:21.408,2026-05-12T03:39:21.408,Vib_Sensor_04_Err,Compressor Station A,Critical threshold broken for Vib_Sensor_04_Err,Вибрация превысила критический порог. Возможный износ подшипника или дисбаланс ротора.,1
Medium,2026-05-12,03:45:15.015,2026-05-12T03:45:15.015,Bearing_Temp_High,Compressor Station A,Critical threshold broken for Bearing_Temp_High,Перегрев подшипника. Недостаточная смазка или повреждение обоймы.,0
Medium,2026-05-12,03:49:09.753,2026-05-12T03:49:09.753,Lube_Oil_Press_Low,Compressor Station A,Critical threshold broken for Lube_Oil_Press_Low,Давление смазочного масла ниже нормы. Проверить масляный насос и фильтры.,0
Medium,2026-05-12,03:54:39.698,2026-05-12T03:54:39.698,Bearing_Temp_High,Compressor Station A,Critical threshold broken for Bearing_Temp_High,Перегрев подшипника. Недостаточная смазка или повреждение обоймы.,0
High,2026-05-12,03:56:15.872,2026-05-12T03:56:15.872,Vib_Sensor_04_Err,Compressor Station A,Critical threshold broken for Vib_Sensor_04_Err,Вибрация превысила критический порог. Возможный износ подшипника или дисбаланс ротора.,1
High,2026-05-12,03:57:36.730,2026-05-12T03:57:36.730,Vib_Sensor_04_Err,Compressor Station A,Critical threshold broken for Vib_Sensor_04_Err,Вибрация превысила критический порог. Возможный износ подшипника или дисбаланс ротора.,1
Medium,2026-05-12,04:03:25.944,2026-05-12T04:03:25.944,Valve_Stuck_Close,Boiler Unit,Critical threshold broken for Valve_Stuck_Close,Клапан не открывается. Механическая блокировка или отказ привода.,0
Medium,2026-05-12,04:09:57.527,2026-05-12T04:09:57.527,Bearing_Temp_High,Compressor Station A,Critical threshold broken for Bearing_Temp_High,Перегрев подшипника. Недостаточная смазка или повреждение обоймы.,0
High,2026-05-12,04:11:26.418,2026-05-12T04:11:26.418,Vib_Sensor_04_Err,Compressor Station A,Critical threshold broken for Vib_Sensor_04_Err,Вибрация превысила критический порог. Возможный износ подшипника или дисбаланс ротора.,1
Low,2026-05-12,04:14:00.620,2026-05-12T04:14:00.620,Temp_Crit_B,Boiler Unit,Critical threshold broken for Temp_Crit_B,Критическая температура в зоне B. Нарушение теплообмена.,0
High,2026-05-12,04:19:37.163,2026-05-12T04:19:37.163,Vib_Sensor_04_Err,Compressor Station A,Critical threshold broken for Vib_Sensor_04_Err,Вибрация превысила критический порог. Возможный износ подшипника или дисбаланс ротора.,1
Medium,2026-05-12,04:20:41.686,2026-05-12T04:20:41.686,Shaft_Displacement,Compressor Station A,Critical threshold broken for Shaft_Displacement,Осевое смещение вала за пределами допуска. Проверить муфту и опоры.,0
Medium,2026-05-12,04:22:08.853,2026-05-12T04:22:08.853,Pressure_Drop,Pump Station B,Critical threshold broken for Pressure_Drop,Падение давления. Возможна утечка или засорение фильтра.,0
Low,2026-05-12,04:23:30.006,2026-05-12T04:23:30.006,Flow_Variance,Boiler Unit,Critical threshold broken for Flow_Variance,Нестабильный расход. Частичное засорение трубопровода.,0
High,2026-05-12,04:33:48.786,2026-05-12T04:33:48.786,Steam_Press_High,Boiler Unit,Critical threshold broken for Steam_Press_High,Давление пара превышает норму. Проверить регулятор давления и предохранительный клапан.,1
Medium,2026-05-12,04:37:06.786,2026-05-12T04:37:06.786,Valve_Stuck_Close,Boiler Unit,Critical threshold broken for Valve_Stuck_Close,Клапан не открывается. Механическая блокировка или отказ привода.,0
High,2026-05-12,04:37:43.916,2026-05-12T04:37:43.916,Vib_Sensor_04_Err,Compressor Station A,Critical threshold broken for Vib_Sensor_04_Err,Вибрация превысила критический порог. Возможный износ подшипника или дисбаланс ротора.,1
Low,2026-05-12,04:38:12.905,2026-05-12T04:38:12.905,Valve_Slow,Compressor Station A,Critical threshold broken for Valve_Slow,Запаздывание клапана. Загрязнение привода или износ уплотнений.,0
High,2026-05-12,04:47:21.751,2026-05-12T04:47:21.751,Vib_Sensor_04_Err,Compressor Station A,Critical threshold broken for Vib_Sensor_04_Err,Вибрация превысила критический порог. Возможный износ подшипника или дисбаланс ротора.,1
High,2026-05-12,04:56:34.425,2026-05-12T04:56:34.425,Vib_Sensor_04_Err,Compressor Station A,Critical threshold broken for Vib_Sensor_04_Err,Вибрация превысила критический порог. Возможный износ подшипника или дисбаланс ротора.,1
Medium,2026-05-12,05:09:17.412,2026-05-12T05:09:17.412,Valve_Stuck_Close,Boiler Unit,Critical threshold broken for Valve_Stuck_Close,Клапан не открывается. Механическая блокировка или отказ привода.,0
Medium,2026-05-12,05:18:42.404,2026-05-12T05:18:42.404,Bearing_Temp_High,Compressor Station A,Critical threshold broken for Bearing_Temp_High,Перегрев подшипника. Недостаточная смазка или повреждение обоймы.,0
Medium,2026-05-12,05:25:52.516,2026-05-12T05:25:52.516,Valve_Stuck_Close,Boiler Unit,Critical threshold broken for Valve_Stuck_Close,Клапан не открывается. Механическая блокировка или отказ привода.,0
Low,2026-05-12,05:30:10.711,2026-05-12T05:30:10.711,Flow_Variance,Boiler Unit,Critical threshold broken for Flow_Variance,Нестабильный расход. Частичное засорение трубопровода.,0
High,2026-05-12,05:40:35.149,2026-05-12T05:40:35.149,Steam_Press_High,Boiler Unit,Critical threshold broken for Steam_Press_High,Давление пара превышает норму. Проверить регулятор давления и предохранительный клапан.,1
High,2026-05-12,05:42:46.687,2026-05-12T05:42:46.687,Steam_Press_High,Boiler Unit,Critical threshold broken for Steam_Press_High,Давление пара превышает норму. Проверить регулятор давления и предохранительный клапан.,1
Medium,2026-05-12,05:54:52.939,2026-05-12T05:54:52.939,Bearing_Temp_High,Compressor Station A,Critical threshold broken for Bearing_Temp_High,Перегрев подшипника. Недостаточная смазка или повреждение обоймы.,0
Medium,2026-05-12,06:01:12.692,2026-05-12T06:01:12.692,Bearing_Temp_High,Compressor Station A,Critical threshold broken for Bearing_Temp_High,Перегрев подшипника. Недостаточная смазка или повреждение обоймы.,0
High,2026-05-12,06:02:31.069,2026-05-12T06:02:31.069,Vib_Sensor_04_Err,Compressor Station A,Critical threshold broken for Vib_Sensor_04_Err,Вибрация превысила критический порог. Возможный износ подшипника или дисбаланс ротора.,1
High,2026-05-12,06:03:59.592,2026-05-12T06:03:59.592,Vib_Sensor_04_Err,Compressor Station A,Critical threshold broken for Vib_Sensor_04_Err,Вибрация превысила критический порог. Возможный износ подшипника или дисбаланс ротора.,1
Medium,2026-05-12,06:04:36.757,2026-05-12T06:04:36.757,Lube_Oil_Press_Low,Compressor Station A,Critical threshold broken for Lube_Oil_Press_Low,Давление смазочного масла ниже нормы. Проверить масляный насос и фильтры.,0
Medium,2026-05-12,06:09:51.787,2026-05-12T06:09:51.787,Bearing_Temp_High,Compressor Station A,Critical threshold broken for Bearing_Temp_High,Перегрев подшипника. Недостаточная смазка или повреждение обоймы.,0
High,2026-05-12,06:13:59.810,2026-05-12T06:13:59.810,Vib_Sensor_04_Err,Compressor Station A,Critical threshold broken for Vib_Sensor_04_Err,Вибрация превысила критический порог. Возможный износ подшипника или дисбаланс ротора.,1
Medium,2026-05-12,06:17:05.344,2026-05-12T06:17:05.344,Valve_Stuck_Close,Boiler Unit,Critical threshold broken for Valve_Stuck_Close,Клапан не открывается. Механическая блокировка или отказ привода.,0
Medium,2026-05-12,06:21:24.815,2026-05-12T06:21:24.815,Lube_Oil_Press_Low,Compressor Station A,Critical threshold broken for Lube_Oil_Press_Low,Давление смазочного масла ниже нормы. Проверить масляный насос и фильтры.,0
Medium,2026-05-12,06:27:28.072,2026-05-12T06:27:28.072,Bearing_Temp_High,Compressor Station A,Critical threshold broken for Bearing_Temp_High,Перегрев подшипника. Недостаточная смазка или повреждение обоймы.,0
Medium,2026-05-12,06:51:40.080,2026-05-12T06:51:40.080,Bearing_Temp_High,Compressor Station A,Critical threshold broken for Bearing_Temp_High,Перегрев подшипника. Недостаточная смазка или повреждение обоймы.,0
Low,2026-05-12,07:13:11.217,2026-05-12T07:13:11.217,Valve_Slow,Compressor Station A,Critical threshold broken for Valve_Slow,Запаздывание клапана. Загрязнение привода или износ уплотнений.,0
High,2026-05-12,07:18:47.893,2026-05-12T07:18:47.893,Vib_Sensor_04_Err,Compressor Station A,Critical threshold broken for Vib_Sensor_04_Err,Вибрация превысила критический порог. Возможный износ подшипника или дисбаланс ротора.,1
High,2026-05-12,07:19:07.421,2026-05-12T07:19:07.421,Vib_Sensor_04_Err,Compressor Station A,Critical threshold broken for Vib_Sensor_04_Err,Вибрация превысила критический порог. Возможный износ подшипника или дисбаланс ротора.,1
Medium,2026-05-12,07:29:06.850,2026-05-12T07:29:06.850,Bearing_Temp_High,Compressor Station A,Critical threshold broken for Bearing_Temp_High,Перегрев подшипника. Недостаточная смазка или повреждение обоймы.,0
High,2026-05-12,07:29:50.833,2026-05-12T07:29:50.833,Vib_Sensor_04_Err,Compressor Station A,Critical threshold broken for Vib_Sensor_04_Err,Вибрация превысила критический порог. Возможный износ подшипника или дисбаланс ротора.,1
Medium,2026-05-12,07:33:17.643,2026-05-12T07:33:17.643,Bearing_Temp_High,Compressor Station A,Critical threshold broken for Bearing_Temp_High,Перегрев подшипника. Недостаточная смазка или повреждение обоймы.,0
Medium,2026-05-12,07:39:24.163,2026-05-12T07:39:24.163,Lube_Oil_Press_Low,Compressor Station A,Critical threshold broken for Lube_Oil_Press_Low,Давление смазочного масла ниже нормы. Проверить масляный насос и фильтры.,0
High,2026-05-12,07:51:47.447,2026-05-12T07:51:47.447,Vib_Sensor_04_Err,Compressor Station A,Critical threshold broken for Vib_Sensor_04_Err,Вибрация превысила критический порог. Возможный износ подшипника или дисбаланс ротора.,1
Medium,2026-05-12,07:57:13.943,2026-05-12T07:57:13.943,Bearing_Temp_High,Compressor Station A,Critical threshold broken for Bearing_Temp_High,Перегрев подшипника. Недостаточная смазка или повреждение обоймы.,0
High,2026-05-12,08:00:07.791,2026-05-12T08:00:07.791,HX_FoulingAlarm,Heat Exchanger C,Critical threshold broken for HX_FoulingAlarm,Загрязнение теплообменника. Снижение КПД — требуется промывка.,1
High,2026-05-12,08:13:51.444,2026-05-12T08:13:51.444,Vib_Sensor_04_Err,Compressor Station A,Critical threshold broken for Vib_Sensor_04_Err,Вибрация превысила критический порог. Возможный износ подшипника или дисбаланс ротора.,1
Low,2026-05-12,08:33:45.084,2026-05-12T08:33:45.084,Valve_Slow,Compressor Station A,Critical threshold broken for Valve_Slow,Запаздывание клапана. Загрязнение привода или износ уплотнений.,0
Medium,2026-05-12,08:39:34.962,2026-05-12T08:39:34.962,Flow_Low,Pump Station B,Critical threshold broken for Flow_Low,Низкий расход. Проверить задвижки и состояние рабочего колеса.,0
High,2026-05-12,08:43:42.878,2026-05-12T08:43:42.878,Vib_Sensor_04_Err,Compressor Station A,Critical threshold broken for Vib_Sensor_04_Err,Вибрация превысила критический порог. Возможный износ подшипника или дисбаланс ротора.,1
Medium,2026-05-12,09:07:34.464,2026-05-12T09:07:34.464,Lube_Oil_Press_Low,Compressor Station A,Critical threshold broken for Lube_Oil_Press_Low,Давление смазочного масла ниже нормы. Проверить масляный насос и фильтры.,0
Medium,2026-05-12,09:08:44.734,2026-05-12T09:08:44.734,Lube_Oil_Press_Low,Compressor Station A,Critical threshold broken for Lube_Oil_Press_Low,Давление смазочного масла ниже нормы. Проверить масляный насос и фильтры.,0
High,2026-05-12,09:10:40.962,2026-05-12T09:10:40.962,Vib_Sensor_04_Err,Compressor Station A,Critical threshold broken for Vib_Sensor_04_Err,Вибрация превысила критический порог. Возможный износ подшипника или дисбаланс ротора.,1
High,2026-05-12,09:12:12.299,2026-05-12T09:12:12.299,Vib_Sensor_04_Err,Compressor Station A,Critical threshold broken for Vib_Sensor_04_Err,Вибрация превысила критический порог. Возможный износ подшипника или дисбаланс ротора.,1
Medium,2026-05-12,09:12:19.686,2026-05-12T09:12:19.686,Bearing_Temp_High,Compressor Station A,Critical threshold broken for Bearing_Temp_High,Перегрев подшипника. Недостаточная смазка или повреждение обоймы.,0
High,2026-05-12,09:15:02.390,2026-05-12T09:15:02.390,Vib_Sensor_04_Err,Compressor Station A,Critical threshold broken for Vib_Sensor_04_Err,Вибрация превысила критический порог. Возможный износ подшипника или дисбаланс ротора.,1
Low,2026-05-12,09:22:37.188,2026-05-12T09:22:37.188,Flow_Restrict,Heat Exchanger C,Critical threshold broken for Flow_Restrict,Ограничение потока. Частичное перекрытие прохода.,0
Low,2026-05-12,09:24:56.438,2026-05-12T09:24:56.438,Valve_Slow,Compressor Station A,Critical threshold broken for Valve_Slow,Запаздывание клапана. Загрязнение привода или износ уплотнений.,0
High,2026-05-12,09:33:29.471,2026-05-12T09:33:29.471,Steam_Press_High,Boiler Unit,Critical threshold broken for Steam_Press_High,Давление пара превышает норму. Проверить регулятор давления и предохранительный клапан.,1
Low,2026-05-12,09:35:10.282,2026-05-12T09:35:10.282,Temp_Crit_B,Boiler Unit,Critical threshold broken for Temp_Crit_B,Критическая температура в зоне B. Нарушение теплообмена.,0
High,2026-05-12,09:39:45.236,2026-05-12T09:39:45.236,Vib_Sensor_04_Err,Compressor Station A,Critical threshold broken for Vib_Sensor_04_Err,Вибрация превысила критический порог. Возможный износ подшипника или дисбаланс ротора.,1
Medium,2026-05-12,09:50:22.720,2026-05-12T09:50:22.720,Pressure_Drop,Pump Station B,Critical threshold broken for Pressure_Drop,Падение давления. Возможна утечка или засорение фильтра.,0
Medium,2026-05-12,09:51:04.693,2026-05-12T09:51:04.693,Temp_Delta_High,Heat Exchanger C,Critical threshold broken for Temp_Delta_High,Высокая разница температур. Нарушение режима теплопередачи.,0
High,2026-05-12,09:55:10.219,2026-05-12T09:55:10.219,Vib_Sensor_04_Err,Compressor Station A,Critical threshold broken for Vib_Sensor_04_Err,Вибрация превысила критический порог. Возможный износ подшипника или дисбаланс ротора.,1
Medium,2026-05-12,10:06:53.528,2026-05-12T10:06:53.528,Flow_Low,Pump Station B,Critical threshold broken for Flow_Low,Низкий расход. Проверить задвижки и состояние рабочего колеса.,0
Low,2026-05-12,10:11:23.427,2026-05-12T10:11:23.427,Temp_Crit_B,Boiler Unit,Critical threshold broken for Temp_Crit_B,Критическая температура в зоне B. Нарушение теплообмена.,0
Medium,2026-05-12,10:17:14.381,2026-05-12T10:17:14.381,Bearing_Temp_High,Compressor Station A,Critical threshold broken for Bearing_Temp_High,Перегрев подшипника. Недостаточная смазка или повреждение обоймы.,0
Medium,2026-05-12,10:17:32.425,2026-05-12T10:17:32.425,Flow_Low,Pump Station B,Critical threshold broken for Flow_Low,Низкий расход. Проверить задвижки и состояние рабочего колеса.,0
Medium,2026-05-12,10:45:24.089,2026-05-12T10:45:24.089,Lube_Oil_Press_Low,Compressor Station A,Critical threshold broken for Lube_Oil_Press_Low,Давление смазочного масла ниже нормы. Проверить масляный насос и фильтры.,0
High,2026-05-12,10:45:51.143,2026-05-12T10:45:51.143,Vib_Sensor_04_Err,Compressor Station A,Critical threshold broken for Vib_Sensor_04_Err,Вибрация превысила критический порог. Возможный износ подшипника или дисбаланс ротора.,1
High,2026-05-12,10:51:44.654,2026-05-12T10:51:44.654,Vib_Sensor_04_Err,Compressor Station A,Critical threshold broken for Vib_Sensor_04_Err,Вибрация превысила критический порог. Возможный износ подшипника или дисбаланс ротора.,1
High,2026-05-12,10:52:28.218,2026-05-12T10:52:28.218,Pump_Cavitation,Pump Station B,Critical threshold broken for Pump_Cavitation,Кавитация насоса. Снизить производительность или повысить давление на входе.,1
High,2026-05-12,10:56:45.816,2026-05-12T10:56:45.816,Pump_Cavitation,Pump Station B,Critical threshold broken for Pump_Cavitation,Кавитация насоса. Снизить производительность или повысить давление на входе.,1
Medium,2026-05-12,11:04:27.466,2026-05-12T11:04:27.466,Shaft_Displacement,Compressor Station A,Critical threshold broken for Shaft_Displacement,Осевое смещение вала за пределами допуска. Проверить муфту и опоры.,0
Medium,2026-05-12,11:21:03.121,2026-05-12T11:21:03.121,Pressure_Drop,Pump Station B,Critical threshold broken for Pressure_Drop,Падение давления. Возможна утечка или засорение фильтра.,0
High,2026-05-12,11:32:54.734,2026-05-12T11:32:54.734,Steam_Press_High,Boiler Unit,Critical threshold broken for Steam_Press_High,Давление пара превышает норму. Проверить регулятор давления и предохранительный клапан.,1
Medium,2026-05-12,11:59:29.159,2026-05-12T11:59:29.159,Shaft_Displacement,Compressor Station A,Critical threshold broken for Shaft_Displacement,Осевое смещение вала за пределами допуска. Проверить муфту и опоры.,0
High,2026-05-12,12:00:26.532,2026-05-12T12:00:26.532,HX_FoulingAlarm,Heat Exchanger C,Critical threshold broken for HX_FoulingAlarm,Загрязнение теплообменника. Снижение КПД — требуется промывка.,1
Medium,2026-05-12,12:02:50.508,2026-05-12T12:02:50.508,Bearing_Temp_High,Compressor Station A,Critical threshold broken for Bearing_Temp_High,Перегрев подшипника. Недостаточная смазка или повреждение обоймы.,0
High,2026-05-12,12:06:41.042,2026-05-12T12:06:41.042,Vib_Sensor_04_Err,Compressor Station A,Critical threshold broken for Vib_Sensor_04_Err,Вибрация превысила критический порог. Возможный износ подшипника или дисбаланс ротора.,1
High,2026-05-12,12:09:50.996,2026-05-12T12:09:50.996,Vib_Sensor_04_Err,Compressor Station A,Critical threshold broken for Vib_Sensor_04_Err,Вибрация превысила критический порог. Возможный износ подшипника или дисбаланс ротора.,1
Medium,2026-05-12,12:12:19.673,2026-05-12T12:12:19.673,Lube_Oil_Press_Low,Compressor Station A,Critical threshold broken for Lube_Oil_Press_Low,Давление смазочного масла ниже нормы. Проверить масляный насос и фильтры.,0
Medium,2026-05-12,12:12:45.734,2026-05-12T12:12:45.734,Lube_Oil_Press_Low,Compressor Station A,Critical threshold broken for Lube_Oil_Press_Low,Давление смазочного масла ниже нормы. Проверить масляный насос и фильтры.,0
Low,2026-05-12,12:14:01.210,2026-05-12T12:14:01.210,Flow_Restrict,Heat Exchanger C,Critical threshold broken for Flow_Restrict,Ограничение потока. Частичное перекрытие прохода.,0
High,2026-05-12,12:14:26.378,2026-05-12T12:14:26.378,Vib_Sensor_04_Err,Compressor Station A,Critical threshold broken for Vib_Sensor_04_Err,Вибрация превысила критический порог. Возможный износ подшипника или дисбаланс ротора.,1
Medium,2026-05-12,12:15:16.566,2026-05-12T12:15:16.566,Shaft_Displacement,Compressor Station A,Critical threshold broken for Shaft_Displacement,Осевое смещение вала за пределами допуска. Проверить муфту и опоры.,0
Low,2026-05-12,12:19:29.780,2026-05-12T12:19:29.780,Temp_Crit_B,Boiler Unit,Critical threshold broken for Temp_Crit_B,Критическая температура в зоне B. Нарушение теплообмена.,0
High,2026-05-12,12:21:56.756,2026-05-12T12:21:56.756,Vib_Sensor_04_Err,Compressor Station A,Critical threshold broken for Vib_Sensor_04_Err,Вибрация превысила критический порог. Возможный износ подшипника или дисбаланс ротора.,1
Medium,2026-05-12,12:27:05.085,2026-05-12T12:27:05.085,Flow_Low,Pump Station B,Critical threshold broken for Flow_Low,Низкий расход. Проверить задвижки и состояние рабочего колеса.,0
High,2026-05-12,12:34:06.365,2026-05-12T12:34:06.365,Vib_Sensor_04_Err,Compressor Station A,Critical threshold broken for Vib_Sensor_04_Err,Вибрация превысила критический порог. Возможный износ подшипника или дисбаланс ротора.,1
Medium,2026-05-12,12:43:20.442,2026-05-12T12:43:20.442,Lube_Oil_Press_Low,Compressor Station A,Critical threshold broken for Lube_Oil_Press_Low,Давление смазочного масла ниже нормы. Проверить масляный насос и фильтры.,0
High,2026-05-12,12:55:46.864,2026-05-12T12:55:46.864,Vib_Sensor_04_Err,Compressor Station A,Critical threshold broken for Vib_Sensor_04_Err,Вибрация превысила критический порог. Возможный износ подшипника или дисбаланс ротора.,1
High,2026-05-12,12:59:22.376,2026-05-12T12:59:22.376,Vib_Sensor_04_Err,Compressor Station A,Critical threshold broken for Vib_Sensor_04_Err,Вибрация превысила критический порог. Возможный износ подшипника или дисбаланс ротора.,1
Medium,2026-05-12,13:16:06.849,2026-05-12T13:16:06.849,Shaft_Displacement,Compressor Station A,Critical threshold broken for Shaft_Displacement,Осевое смещение вала за пределами допуска. Проверить муфту и опоры.,0
High,2026-05-12,13:18:34.665,2026-05-12T13:18:34.665,Vib_Sensor_04_Err,Compressor Station A,Critical threshold broken for Vib_Sensor_04_Err,Вибрация превысила критический порог. Возможный износ подшипника или дисбаланс ротора.,1
High,2026-05-12,13:31:05.382,2026-05-12T13:31:05.382,Vib_Sensor_04_Err,Compressor Station A,Critical threshold broken for Vib_Sensor_04_Err,Вибрация превысила критический порог. Возможный износ подшипника или дисбаланс ротора.,1
Medium,2026-05-12,13:33:23.407,2026-05-12T13:33:23.407,Lube_Oil_Press_Low,Compressor Station A,Critical threshold broken for Lube_Oil_Press_Low,Давление смазочного масла ниже нормы. Проверить масляный насос и фильтры.,0
High,2026-05-12,13:34:59.107,2026-05-12T13:34:59.107,Vib_Sensor_04_Err,Compressor Station A,Critical threshold broken for Vib_Sensor_04_Err,Вибрация превысила критический порог. Возможный износ подшипника или дисбаланс ротора.,1
High,2026-05-12,13:35:20.844,2026-05-12T13:35:20.844,Steam_Press_High,Boiler Unit,Critical threshold broken for Steam_Press_High,Давление пара превышает норму. Проверить регулятор давления и предохранительный клапан.,1
High,2026-05-12,14:08:26.463,2026-05-12T14:08:26.463,Pump_Cavitation,Pump Station B,Critical threshold broken for Pump_Cavitation,Кавитация насоса. Снизить производительность или повысить давление на входе.,1
Medium,2026-05-12,14:20:28.944,2026-05-12T14:20:28.944,Flow_Low,Pump Station B,Critical threshold broken for Flow_Low,Низкий расход. Проверить задвижки и состояние рабочего колеса.,0
Medium,2026-05-12,14:23:51.823,2026-05-12T14:23:51.823,Pressure_Drop,Pump Station B,Critical threshold broken for Pressure_Drop,Падение давления. Возможна утечка или засорение фильтра.,0
Medium,2026-05-12,14:31:05.701,2026-05-12T14:31:05.701,Lube_Oil_Press_Low,Compressor Station A,Critical threshold broken for Lube_Oil_Press_Low,Давление смазочного масла ниже нормы. Проверить масляный насос и фильтры.,0
Low,2026-05-12,14:32:29.176,2026-05-12T14:32:29.176,Flow_Restrict,Heat Exchanger C,Critical threshold broken for Flow_Restrict,Ограничение потока. Частичное перекрытие прохода.,0
High,2026-05-12,14:37:36.991,2026-05-12T14:37:36.991,Vib_Sensor_04_Err,Compressor Station A,Critical threshold broken for Vib_Sensor_04_Err,Вибрация превысила критический порог. Возможный износ подшипника или дисбаланс ротора.,1
High,2026-05-12,15:07:40.077,2026-05-12T15:07:40.077,Vib_Sensor_04_Err,Compressor Station A,Critical threshold broken for Vib_Sensor_04_Err,Вибрация превысила критический порог. Возможный износ подшипника или дисбаланс ротора.,1
Medium,2026-05-12,15:13:06.392,2026-05-12T15:13:06.392,Lube_Oil_Press_Low,Compressor Station A,Critical threshold broken for Lube_Oil_Press_Low,Давление смазочного масла ниже нормы. Проверить масляный насос и фильтры.,0
High,2026-05-12,15:23:41.955,2026-05-12T15:23:41.955,Vib_Sensor_04_Err,Compressor Station A,Critical threshold broken for Vib_Sensor_04_Err,Вибрация превысила критический порог. Возможный износ подшипника или дисбаланс ротора.,1
High,2026-05-12,15:29:15.967,2026-05-12T15:29:15.967,HX_FoulingAlarm,Heat Exchanger C,Critical threshold broken for HX_FoulingAlarm,Загрязнение теплообменника. Снижение КПД — требуется промывка.,1
Medium,2026-05-12,15:42:21.165,2026-05-12T15:42:21.165,Lube_Oil_Press_Low,Compressor Station A,Critical threshold broken for Lube_Oil_Press_Low,Давление смазочного масла ниже нормы. Проверить масляный насос и фильтры.,0
High,2026-05-12,15:42:41.137,2026-05-12T15:42:41.137,Vib_Sensor_04_Err,Compressor Station A,Critical threshold broken for Vib_Sensor_04_Err,Вибрация превысила критический порог. Возможный износ подшипника или дисбаланс ротора.,1
Low,2026-05-12,15:46:49.518,2026-05-12T15:46:49.518,Valve_Slow,Compressor Station A,Critical threshold broken for Valve_Slow,Запаздывание клапана. Загрязнение привода или износ уплотнений.,0
Medium,2026-05-12,15:56:28.401,2026-05-12T15:56:28.401,Lube_Oil_Press_Low,Compressor Station A,Critical threshold broken for Lube_Oil_Press_Low,Давление смазочного масла ниже нормы. Проверить масляный насос и фильтры.,0
Medium,2026-05-12,16:06:41.881,2026-05-12T16:06:41.881,Valve_Stuck_Close,Boiler Unit,Critical threshold broken for Valve_Stuck_Close,Клапан не открывается. Механическая блокировка или отказ привода.,0
Medium,2026-05-12,16:10:55.336,2026-05-12T16:10:55.336,Valve_Stuck_Close,Boiler Unit,Critical threshold broken for Valve_Stuck_Close,Клапан не открывается. Механическая блокировка или отказ привода.,0
High,2026-05-12,16:19:15.208,2026-05-12T16:19:15.208,Vib_Sensor_04_Err,Compressor Station A,Critical threshold broken for Vib_Sensor_04_Err,Вибрация превысила критический порог. Возможный износ подшипника или дисбаланс ротора.,1
High,2026-05-12,16:27:31.892,2026-05-12T16:27:31.892,Vib_Sensor_04_Err,Compressor Station A,Critical threshold broken for Vib_Sensor_04_Err,Вибрация превысила критический порог. Возможный износ подшипника или дисбаланс ротора.,1
Medium,2026-05-12,16:37:01.653,2026-05-12T16:37:01.653,Lube_Oil_Press_Low,Compressor Station A,Critical threshold broken for Lube_Oil_Press_Low,Давление смазочного масла ниже нормы. Проверить масляный насос и фильтры.,0
High,2026-05-12,16:42:08.365,2026-05-12T16:42:08.365,Vib_Sensor_04_Err,Compressor Station A,Critical threshold broken for Vib_Sensor_04_Err,Вибрация превысила критический порог. Возможный износ подшипника или дисбаланс ротора.,1
Medium,2026-05-12,16:44:49.970,2026-05-12T16:44:49.970,Valve_Stuck_Close,Boiler Unit,Critical threshold broken for Valve_Stuck_Close,Клапан не открывается. Механическая блокировка или отказ привода.,0
Medium,2026-05-12,16:44:54.383,2026-05-12T16:44:54.383,Lube_Oil_Press_Low,Compressor Station A,Critical threshold broken for Lube_Oil_Press_Low,Давление смазочного масла ниже нормы. Проверить масляный насос и фильтры.,0
High,2026-05-12,16:46:50.330,2026-05-12T16:46:50.330,Vib_Sensor_04_Err,Compressor Station A,Critical threshold broken for Vib_Sensor_04_Err,Вибрация превысила критический порог. Возможный износ подшипника или дисбаланс ротора.,1
High,2026-05-12,16:48:39.754,2026-05-12T16:48:39.754,Vib_Sensor_04_Err,Compressor Station A,Critical threshold broken for Vib_Sensor_04_Err,Вибрация превысила критический порог. Возможный износ подшипника или дисбаланс ротора.,1
Low,2026-05-12,16:54:52.709,2026-05-12T16:54:52.709,Valve_Slow,Compressor Station A,Critical threshold broken for Valve_Slow,Запаздывание клапана. Загрязнение привода или износ уплотнений.,0
High,2026-05-12,17:06:24.326,2026-05-12T17:06:24.326,Vib_Sensor_04_Err,Compressor Station A,Critical threshold broken for Vib_Sensor_04_Err,Вибрация превысила критический порог. Возможный износ подшипника или дисбаланс ротора.,1
High,2026-05-12,17:28:14.843,2026-05-12T17:28:14.843,HX_FoulingAlarm,Heat Exchanger C,Critical threshold broken for HX_FoulingAlarm,Загрязнение теплообменника. Снижение КПД — требуется промывка.,1
High,2026-05-12,17:34:21.761,2026-05-12T17:34:21.761,Vib_Sensor_04_Err,Compressor Station A,Critical threshold broken for Vib_Sensor_04_Err,Вибрация превысила критический порог. Возможный износ подшипника или дисбаланс ротора.,1
Low,2026-05-12,17:40:56.680,2026-05-12T17:40:56.680,Flow_Restrict,Heat Exchanger C,Critical threshold broken for Flow_Restrict,Ограничение потока. Частичное перекрытие прохода.,0
Medium,2026-05-12,17:42:52.125,2026-05-12T17:42:52.125,Lube_Oil_Press_Low,Compressor Station A,Critical threshold broken for Lube_Oil_Press_Low,Давление смазочного масла ниже нормы. Проверить масляный насос и фильтры.,0
Medium,2026-05-12,17:58:49.730,2026-05-12T17:58:49.730,Lube_Oil_Press_Low,Compressor Station A,Critical threshold broken for Lube_Oil_Press_Low,Давление смазочного масла ниже нормы. Проверить масляный насос и фильтры.,0
Medium,2026-05-12,18:02:06.697,2026-05-12T18:02:06.697,Flow_Low,Pump Station B,Critical threshold broken for Flow_Low,Низкий расход. Проверить задвижки и состояние рабочего колеса.,0
High,2026-05-12,18:14:41.617,2026-05-12T18:14:41.617,Vib_Sensor_04_Err,Compressor Station A,Critical threshold broken for Vib_Sensor_04_Err,Вибрация превысила критический порог. Возможный износ подшипника или дисбаланс ротора.,1
Medium,2026-05-12,18:15:56.914,2026-05-12T18:15:56.914,Flow_Low,Pump Station B,Critical threshold broken for Flow_Low,Низкий расход. Проверить задвижки и состояние рабочего колеса.,0
Medium,2026-05-12,18:22:43.725,2026-05-12T18:22:43.725,Lube_Oil_Press_Low,Compressor Station A,Critical threshold broken for Lube_Oil_Press_Low,Давление смазочного масла ниже нормы. Проверить масляный насос и фильтры.,0
Medium,2026-05-12,18:46:56.969,2026-05-12T18:46:56.969,Pressure_Drop,Pump Station B,Critical threshold broken for Pressure_Drop,Падение давления. Возможна утечка или засорение фильтра.,0
High,2026-05-12,18:48:15.401,2026-05-12T18:48:15.401,Vib_Sensor_04_Err,Compressor Station A,Critical threshold broken for Vib_Sensor_04_Err,Вибрация превысила критический порог. Возможный износ подшипника или дисбаланс ротора.,1
Medium,2026-05-12,18:57:24.913,2026-05-12T18:57:24.913,Flow_Low,Pump Station B,Critical threshold broken for Flow_Low,Низкий расход. Проверить задвижки и состояние рабочего колеса.,0
Medium,2026-05-12,18:59:27.338,2026-05-12T18:59:27.338,Lube_Oil_Press_Low,Compressor Station A,Critical threshold broken for Lube_Oil_Press_Low,Давление смазочного масла ниже нормы. Проверить масляный насос и фильтры.,0
High,2026-05-12,19:03:39.080,2026-05-12T19:03:39.080,Steam_Press_High,Boiler Unit,Critical threshold broken for Steam_Press_High,Давление пара превышает норму. Проверить регулятор давления и предохранительный клапан.,1
High,2026-05-12,19:09:28.323,2026-05-12T19:09:28.323,Steam_Press_High,Boiler Unit,Critical threshold broken for Steam_Press_High,Давление пара превышает норму. Проверить регулятор давления и предохранительный клапан.,1
Medium,2026-05-12,19:15:27.264,2026-05-12T19:15:27.264,Lube_Oil_Press_Low,Compressor Station A,Critical threshold broken for Lube_Oil_Press_Low,Давление смазочного масла ниже нормы. Проверить масляный насос и фильтры.,0
High,2026-05-12,19:18:37.673,2026-05-12T19:18:37.673,HX_FoulingAlarm,Heat Exchanger C,Critical threshold broken for HX_FoulingAlarm,Загрязнение теплообменника. Снижение КПД — требуется промывка.,1
Low,2026-05-12,19:18:41.847,2026-05-12T19:18:41.847,Flow_Variance,Boiler Unit,Critical threshold broken for Flow_Variance,Нестабильный расход. Частичное засорение трубопровода.,0
High,2026-05-12,19:29:50.106,2026-05-12T19:29:50.106,Vib_Sensor_04_Err,Compressor Station A,Critical threshold broken for Vib_Sensor_04_Err,Вибрация превысила критический порог. Возможный износ подшипника или дисбаланс ротора.,1
Medium,2026-05-12,19:30:04.191,2026-05-12T19:30:04.191,Lube_Oil_Press_Low,Compressor Station A,Critical threshold broken for Lube_Oil_Press_Low,Давление смазочного масла ниже нормы. Проверить масляный насос и фильтры.,0
Medium,2026-05-12,20:06:13.425,2026-05-12T20:06:13.425,Pressure_Drop,Pump Station B,Critical threshold broken for Pressure_Drop,Падение давления. Возможна утечка или засорение фильтра.,0
Medium,2026-05-12,20:09:27.470,2026-05-12T20:09:27.470,Temp_Delta_High,Heat Exchanger C,Critical threshold broken for Temp_Delta_High,Высокая разница температур. Нарушение режима теплопередачи.,0
Medium,2026-05-12,20:20:33.865,2026-05-12T20:20:33.865,Bearing_Temp_High,Compressor Station A,Critical threshold broken for Bearing_Temp_High,Перегрев подшипника. Недостаточная смазка или повреждение обоймы.,0
High,2026-05-12,20:27:28.275,2026-05-12T20:27:28.275,Vib_Sensor_04_Err,Compressor Station A,Critical threshold broken for Vib_Sensor_04_Err,Вибрация превысила критический порог. Возможный износ подшипника или дисбаланс ротора.,1
High,2026-05-12,20:31:43.165,2026-05-12T20:31:43.165,Vib_Sensor_04_Err,Compressor Station A,Critical threshold broken for Vib_Sensor_04_Err,Вибрация превысила критический порог. Возможный износ подшипника или дисбаланс ротора.,1
Medium,2026-05-12,20:31:54.857,2026-05-12T20:31:54.857,Temp_Delta_High,Heat Exchanger C,Critical threshold broken for Temp_Delta_High,Высокая разница температур. Нарушение режима теплопередачи.,0
High,2026-05-12,20:37:09.729,2026-05-12T20:37:09.729,Vib_Sensor_04_Err,Compressor Station A,Critical threshold broken for Vib_Sensor_04_Err,Вибрация превысила критический порог. Возможный износ подшипника или дисбаланс ротора.,1
High,2026-05-12,20:46:56.594,2026-05-12T20:46:56.594,Vib_Sensor_04_Err,Compressor Station A,Critical threshold broken for Vib_Sensor_04_Err,Вибрация превысила критический порог. Возможный износ подшипника или дисбаланс ротора.,1
High,2026-05-12,20:47:22.479,2026-05-12T20:47:22.479,Steam_Press_High,Boiler Unit,Critical threshold broken for Steam_Press_High,Давление пара превышает норму. Проверить регулятор давления и предохранительный клапан.,1
Medium,2026-05-12,20:57:56.852,2026-05-12T20:57:56.852,Pressure_Drop,Pump Station B,Critical threshold broken for Pressure_Drop,Падение давления. Возможна утечка или засорение фильтра.,0
Medium,2026-05-12,21:11:14.363,2026-05-12T21:11:14.363,Bearing_Temp_High,Compressor Station A,Critical threshold broken for Bearing_Temp_High,Перегрев подшипника. Недостаточная смазка или повреждение обоймы.,0
Medium,2026-05-12,21:17:26.731,2026-05-12T21:17:26.731,Lube_Oil_Press_Low,Compressor Station A,Critical threshold broken for Lube_Oil_Press_Low,Давление смазочного масла ниже нормы. Проверить масляный насос и фильтры.,0
Medium,2026-05-12,21:22:26.066,2026-05-12T21:22:26.066,Bearing_Temp_High,Compressor Station A,Critical threshold broken for Bearing_Temp_High,Перегрев подшипника. Недостаточная смазка или повреждение обоймы.,0
High,2026-05-12,21:26:59.072,2026-05-12T21:26:59.072,Pump_Cavitation,Pump Station B,Critical threshold broken for Pump_Cavitation,Кавитация насоса. Снизить производительность или повысить давление на входе.,1
Medium,2026-05-12,21:31:15.057,2026-05-12T21:31:15.057,Lube_Oil_Press_Low,Compressor Station A,Critical threshold broken for Lube_Oil_Press_Low,Давление смазочного масла ниже нормы. Проверить масляный насос и фильтры.,0
High,2026-05-12,21:33:26.889,2026-05-12T21:33:26.889,Vib_Sensor_04_Err,Compressor Station A,Critical threshold broken for Vib_Sensor_04_Err,Вибрация превысила критический порог. Возможный износ подшипника или дисбаланс ротора.,1
Medium,2026-05-12,21:39:46.440,2026-05-12T21:39:46.440,Lube_Oil_Press_Low,Compressor Station A,Critical threshold broken for Lube_Oil_Press_Low,Давление смазочного масла ниже нормы. Проверить масляный насос и фильтры.,0
High,2026-05-12,21:45:53.686,2026-05-12T21:45:53.686,Vib_Sensor_04_Err,Compressor Station A,Critical threshold broken for Vib_Sensor_04_Err,Вибрация превысила критический порог. Возможный износ подшипника или дисбаланс ротора.,1
High,2026-05-12,21:46:28.470,2026-05-12T21:46:28.470,Vib_Sensor_04_Err,Compressor Station A,Critical threshold broken for Vib_Sensor_04_Err,Вибрация превысила критический порог. Возможный износ подшипника или дисбаланс ротора.,1
Medium,2026-05-12,21:54:00.952,2026-05-12T21:54:00.952,Shaft_Displacement,Compressor Station A,Critical threshold broken for Shaft_Displacement,Осевое смещение вала за пределами допуска. Проверить муфту и опоры.,0
Medium,2026-05-12,21:55:16.046,2026-05-12T21:55:16.046,Shaft_Displacement,Compressor Station A,Critical threshold broken for Shaft_Displacement,Осевое смещение вала за пределами допуска. Проверить муфту и опоры.,0
High,2026-05-12,21:57:32.771,2026-05-12T21:57:32.771,Vib_Sensor_04_Err,Compressor Station A,Critical threshold broken for Vib_Sensor_04_Err,Вибрация превысила критический порог. Возможный износ подшипника или дисбаланс ротора.,1
High,2026-05-12,22:10:54.964,2026-05-12T22:10:54.964,HX_FoulingAlarm,Heat Exchanger C,Critical threshold broken for HX_FoulingAlarm,Загрязнение теплообменника. Снижение КПД — требуется промывка.,1
High,2026-05-12,22:15:22.232,2026-05-12T22:15:22.232,Vib_Sensor_04_Err,Compressor Station A,Critical threshold broken for Vib_Sensor_04_Err,Вибрация превысила критический порог. Возможный износ подшипника или дисбаланс ротора.,1
High,2026-05-12,22:16:41.935,2026-05-12T22:16:41.935,Steam_Press_High,Boiler Unit,Critical threshold broken for Steam_Press_High,Давление пара превышает норму. Проверить регулятор давления и предохранительный клапан.,1
Medium,2026-05-12,22:34:28.050,2026-05-12T22:34:28.050,Lube_Oil_Press_Low,Compressor Station A,Critical threshold broken for Lube_Oil_Press_Low,Давление смазочного масла ниже нормы. Проверить масляный насос и фильтры.,0
Medium,2026-05-12,22:38:35.265,2026-05-12T22:38:35.265,Shaft_Displacement,Compressor Station A,Critical threshold broken for Shaft_Displacement,Осевое смещение вала за пределами допуска. Проверить муфту и опоры.,0
Medium,2026-05-12,22:42:00.798,2026-05-12T22:42:00.798,Lube_Oil_Press_Low,Compressor Station A,Critical threshold broken for Lube_Oil_Press_Low,Давление смазочного масла ниже нормы. Проверить масляный насос и фильтры.,0
Medium,2026-05-12,22:44:42.552,2026-05-12T22:44:42.552,Lube_Oil_Press_Low,Compressor Station A,Critical threshold broken for Lube_Oil_Press_Low,Давление смазочного масла ниже нормы. Проверить масляный насос и фильтры.,0
High,2026-05-12,22:46:12.733,2026-05-12T22:46:12.733,Pump_Cavitation,Pump Station B,Critical threshold broken for Pump_Cavitation,Кавитация насоса. Снизить производительность или повысить давление на входе.,1
Medium,2026-05-12,22:50:03.720,2026-05-12T22:50:03.720,Lube_Oil_Press_Low,Compressor Station A,Critical threshold broken for Lube_Oil_Press_Low,Давление смазочного масла ниже нормы. Проверить масляный насос и фильтры.,0
Medium,2026-05-12,22:57:23.574,2026-05-12T22:57:23.574,Lube_Oil_Press_Low,Compressor Station A,Critical threshold broken for Lube_Oil_Press_Low,Давление смазочного масла ниже нормы. Проверить масляный насос и фильтры.,0
Medium,2026-05-12,22:59:28.508,2026-05-12T22:59:28.508,Pressure_Drop,Pump Station B,Critical threshold broken for Pressure_Drop,Падение давления. Возможна утечка или засорение фильтра.,0
Low,2026-05-12,23:00:21.044,2026-05-12T23:00:21.044,Valve_Slow,Compressor Station A,Critical threshold broken for Valve_Slow,Запаздывание клапана. Загрязнение привода или износ уплотнений.,0
Medium,2026-05-12,23:05:11.591,2026-05-12T23:05:11.591,Valve_Stuck_Close,Boiler Unit,Critical threshold broken for Valve_Stuck_Close,Клапан не открывается. Механическая блокировка или отказ привода.,0
Medium,2026-05-12,23:06:03.576,2026-05-12T23:06:03.576,Temp_Delta_High,Heat Exchanger C,Critical threshold broken for Temp_Delta_High,Высокая разница температур. Нарушение режима теплопередачи.,0
Medium,2026-05-12,23:16:28.614,2026-05-12T23:16:28.614,Temp_Delta_High,Heat Exchanger C,Critical threshold broken for Temp_Delta_High,Высокая разница температур. Нарушение режима теплопередачи.,0
High,2026-05-12,23:19:33.287,2026-05-12T23:19:33.287,Vib_Sensor_04_Err,Compressor Station A,Critical threshold broken for Vib_Sensor_04_Err,Вибрация превысила критический порог. Возможный износ подшипника или дисбаланс ротора.,1
Medium,2026-05-12,23:24:29.867,2026-05-12T23:24:29.867,Pressure_Drop,Pump Station B,Critical threshold broken for Pressure_Drop,Падение давления. Возможна утечка или засорение фильтра.,0
Medium,2026-05-12,23:26:21.024,2026-05-12T23:26:21.024,Lube_Oil_Press_Low,Compressor Station A,Critical threshold broken for Lube_Oil_Press_Low,Давление смазочного масла ниже нормы. Проверить масляный насос и фильтры.,0
Medium,2026-05-12,23:28:37.901,2026-05-12T23:28:37.901,Lube_Oil_Press_Low,Compressor Station A,Critical threshold broken for Lube_Oil_Press_Low,Давление смазочного масла ниже нормы. Проверить масляный насос и фильтры.,0
High,2026-05-12,23:29:37.426,2026-05-12T23:29:37.426,Vib_Sensor_04_Err,Compressor Station A,Critical threshold broken for Vib_Sensor_04_Err,Вибрация превысила критический порог. Возможный износ подшипника или дисбаланс ротора.,1
Medium,2026-05-12,23:31:38.600,2026-05-12T23:31:38.600,Lube_Oil_Press_Low,Compressor Station A,Critical threshold broken for Lube_Oil_Press_Low,Давление смазочного масла ниже нормы. Проверить масляный насос и фильтры.,0
High,2026-05-12,23:44:41.493,2026-05-12T23:44:41.493,Vib_Sensor_04_Err,Compressor Station A,Critical threshold broken for Vib_Sensor_04_Err,Вибрация превысила критический порог. Возможный износ подшипника или дисбаланс ротора.,1
High,2026-05-12,23:44:49.539,2026-05-12T23:44:49.539,Vib_Sensor_04_Err,Compressor Station A,Critical threshold broken for Vib_Sensor_04_Err,Вибрация превысила критический порог. Возможный износ подшипника или дисбаланс ротора.,1
Medium,2026-05-12,23:55:33.565,2026-05-12T23:55:33.565,Lube_Oil_Press_Low,Compressor Station A,Critical threshold broken for Lube_Oil_Press_Low,Давление смазочного масла ниже нормы. Проверить масляный насос и фильтры.,0
High,2026-05-13,00:00:02.962,2026-05-13T00:00:02.962,Steam_Press_High,Boiler Unit,Critical threshold broken for Steam_Press_High,Давление пара превышает норму. Проверить регулятор давления и предохранительный клапан.,1
High,2026-05-13,00:00:37.024,2026-05-13T00:00:37.024,Vib_Sensor_04_Err,Compressor Station A,Critical threshold broken for Vib_Sensor_04_Err,Вибрация превысила критический порог. Возможный износ подшипника или дисбаланс ротора.,1
High,2026-05-13,00:02:12.790,2026-05-13T00:02:12.790,Vib_Sensor_04_Err,Compressor Station A,Critical threshold broken for Vib_Sensor_04_Err,Вибрация превысила критический порог. Возможный износ подшипника или дисбаланс ротора.,1
Medium,2026-05-13,00:06:10.548,2026-05-13T00:06:10.548,Flow_Low,Pump Station B,Critical threshold broken for Flow_Low,Низкий расход. Проверить задвижки и состояние рабочего колеса.,0
High,2026-05-13,00:12:47.823,2026-05-13T00:12:47.823,Vib_Sensor_04_Err,Compressor Station A,Critical threshold broken for Vib_Sensor_04_Err,Вибрация превысила критический порог. Возможный износ подшипника или дисбаланс ротора.,1
Medium,2026-05-13,00:13:54.470,2026-05-13T00:13:54.470,Pressure_Drop,Pump Station B,Critical threshold broken for Pressure_Drop,Падение давления. Возможна утечка или засорение фильтра.,0
High,2026-05-13,00:29:16.325,2026-05-13T00:29:16.325,Vib_Sensor_04_Err,Compressor Station A,Critical threshold broken for Vib_Sensor_04_Err,Вибрация превысила критический порог. Возможный износ подшипника или дисбаланс ротора.,1
High,2026-05-13,00:30:43.073,2026-05-13T00:30:43.073,Vib_Sensor_04_Err,Compressor Station A,Critical threshold broken for Vib_Sensor_04_Err,Вибрация превысила критический порог. Возможный износ подшипника или дисбаланс ротора.,1
Medium,2026-05-13,00:31:34.265,2026-05-13T00:31:34.265,Pressure_Drop,Pump Station B,Critical threshold broken for Pressure_Drop,Падение давления. Возможна утечка или засорение фильтра.,0
Medium,2026-05-13,00:46:05.066,2026-05-13T00:46:05.066,Flow_Low,Pump Station B,Critical threshold broken for Flow_Low,Низкий расход. Проверить задвижки и состояние рабочего колеса.,0
Medium,2026-05-13,00:46:50.468,2026-05-13T00:46:50.468,Shaft_Displacement,Compressor Station A,Critical threshold broken for Shaft_Displacement,Осевое смещение вала за пределами допуска. Проверить муфту и опоры.,0
High,2026-05-13,00:47:30.752,2026-05-13T00:47:30.752,Steam_Press_High,Boiler Unit,Critical threshold broken for Steam_Press_High,Давление пара превышает норму. Проверить регулятор давления и предохранительный клапан.,1
High,2026-05-13,00:48:12.174,2026-05-13T00:48:12.174,Vib_Sensor_04_Err,Compressor Station A,Critical threshold broken for Vib_Sensor_04_Err,Вибрация превысила критический порог. Возможный износ подшипника или дисбаланс ротора.,1
High,2026-05-13,00:49:23.433,2026-05-13T00:49:23.433,Pump_Cavitation,Pump Station B,Critical threshold broken for Pump_Cavitation,Кавитация насоса. Снизить производительность или повысить давление на входе.,1
High,2026-05-13,00:54:53.257,2026-05-13T00:54:53.257,HX_FoulingAlarm,Heat Exchanger C,Critical threshold broken for HX_FoulingAlarm,Загрязнение теплообменника. Снижение КПД — требуется промывка.,1
High,2026-05-13,00:59:03.103,2026-05-13T00:59:03.103,Steam_Press_High,Boiler Unit,Critical threshold broken for Steam_Press_High,Давление пара превышает норму. Проверить регулятор давления и предохранительный клапан.,1
Medium,2026-05-13,01:06:48.432,2026-05-13T01:06:48.432,Shaft_Displacement,Compressor Station A,Critical threshold broken for Shaft_Displacement,Осевое смещение вала за пределами допуска. Проверить муфту и опоры.,0
High,2026-05-13,01:07:03.622,2026-05-13T01:07:03.622,Pump_Cavitation,Pump Station B,Critical threshold broken for Pump_Cavitation,Кавитация насоса. Снизить производительность или повысить давление на входе.,1
Medium,2026-05-13,01:15:07.734,2026-05-13T01:15:07.734,Bearing_Temp_High,Compressor Station A,Critical threshold broken for Bearing_Temp_High,Перегрев подшипника. Недостаточная смазка или повреждение обоймы.,0
Medium,2026-05-13,01:19:52.686,2026-05-13T01:19:52.686,Lube_Oil_Press_Low,Compressor Station A,Critical threshold broken for Lube_Oil_Press_Low,Давление смазочного масла ниже нормы. Проверить масляный насос и фильтры.,0
Medium,2026-05-13,01:22:04.933,2026-05-13T01:22:04.933,Bearing_Temp_High,Compressor Station A,Critical threshold broken for Bearing_Temp_High,Перегрев подшипника. Недостаточная смазка или повреждение обоймы.,0
High,2026-05-13,01:26:28.610,2026-05-13T01:26:28.610,Vib_Sensor_04_Err,Compressor Station A,Critical threshold broken for Vib_Sensor_04_Err,Вибрация превысила критический порог. Возможный износ подшипника или дисбаланс ротора.,1
Medium,2026-05-13,01:30:09.454,2026-05-13T01:30:09.454,Shaft_Displacement,Compressor Station A,Critical threshold broken for Shaft_Displacement,Осевое смещение вала за пределами допуска. Проверить муфту и опоры.,0
High,2026-05-13,01:44:33.140,2026-05-13T01:44:33.140,Vib_Sensor_04_Err,Compressor Station A,Critical threshold broken for Vib_Sensor_04_Err,Вибрация превысила критический порог. Возможный износ подшипника или дисбаланс ротора.,1
Medium,2026-05-13,01:52:23.528,2026-05-13T01:52:23.528,Bearing_Temp_High,Compressor Station A,Critical threshold broken for Bearing_Temp_High,Перегрев подшипника. Недостаточная смазка или повреждение обоймы.,0
Low,2026-05-13,01:53:14.120,2026-05-13T01:53:14.120,Temp_Crit_B,Boiler Unit,Critical threshold broken for Temp_Crit_B,Критическая температура в зоне B. Нарушение теплообмена.,0
High,2026-05-13,01:54:22.895,2026-05-13T01:54:22.895,Vib_Sensor_04_Err,Compressor Station A,Critical threshold broken for Vib_Sensor_04_Err,Вибрация превысила критический порог. Возможный износ подшипника или дисбаланс ротора.,1
High,2026-05-13,01:59:54.731,2026-05-13T01:59:54.731,Pump_Cavitation,Pump Station B,Critical threshold broken for Pump_Cavitation,Кавитация насоса. Снизить производительность или повысить давление на входе.,1
High,2026-05-13,02:07:17.660,2026-05-13T02:07:17.660,Vib_Sensor_04_Err,Compressor Station A,Critical threshold broken for Vib_Sensor_04_Err,Вибрация превысила критический порог. Возможный износ подшипника или дисбаланс ротора.,1
Medium,2026-05-13,02:12:53.481,2026-05-13T02:12:53.481,Lube_Oil_Press_Low,Compressor Station A,Critical threshold broken for Lube_Oil_Press_Low,Давление смазочного масла ниже нормы. Проверить масляный насос и фильтры.,0
High,2026-05-13,02:26:44.545,2026-05-13T02:26:44.545,Vib_Sensor_04_Err,Compressor Station A,Critical threshold broken for Vib_Sensor_04_Err,Вибрация превысила критический порог. Возможный износ подшипника или дисбаланс ротора.,1
Medium,2026-05-13,02:37:05.413,2026-05-13T02:37:05.413,Lube_Oil_Press_Low,Compressor Station A,Critical threshold broken for Lube_Oil_Press_Low,Давление смазочного масла ниже нормы. Проверить масляный насос и фильтры.,0
High,2026-05-13,02:39:47.616,2026-05-13T02:39:47.616,Vib_Sensor_04_Err,Compressor Station A,Critical threshold broken for Vib_Sensor_04_Err,Вибрация превысила критический порог. Возможный износ подшипника или дисбаланс ротора.,1
High,2026-05-13,02:45:30.213,2026-05-13T02:45:30.213,Vib_Sensor_04_Err,Compressor Station A,Critical threshold broken for Vib_Sensor_04_Err,Вибрация превысила критический порог. Возможный износ подшипника или дисбаланс ротора.,1
Medium,2026-05-13,02:46:09.129,2026-05-13T02:46:09.129,Lube_Oil_Press_Low,Compressor Station A,Critical threshold broken for Lube_Oil_Press_Low,Давление смазочного масла ниже нормы. Проверить масляный насос и фильтры.,0
Low,2026-05-13,02:54:42.489,2026-05-13T02:54:42.489,Flow_Variance,Boiler Unit,Critical threshold broken for Flow_Variance,Нестабильный расход. Частичное засорение трубопровода.,0
High,2026-05-13,02:55:32.206,2026-05-13T02:55:32.206,Steam_Press_High,Boiler Unit,Critical threshold broken for Steam_Press_High,Давление пара превышает норму. Проверить регулятор давления и предохранительный клапан.,1
Medium,2026-05-13,02:56:39.914,2026-05-13T02:56:39.914,Lube_Oil_Press_Low,Compressor Station A,Critical threshold broken for Lube_Oil_Press_Low,Давление смазочного масла ниже нормы. Проверить масляный насос и фильтры.,0
Medium,2026-05-13,03:08:42.180,2026-05-13T03:08:42.180,Lube_Oil_Press_Low,Compressor Station A,Critical threshold broken for Lube_Oil_Press_Low,Давление смазочного масла ниже нормы. Проверить масляный насос и фильтры.,0
Medium,2026-05-13,03:10:34.014,2026-05-13T03:10:34.014,Bearing_Temp_High,Compressor Station A,Critical threshold broken for Bearing_Temp_High,Перегрев подшипника. Недостаточная смазка или повреждение обоймы.,0
Medium,2026-05-13,03:10:41.756,2026-05-13T03:10:41.756,Flow_Low,Pump Station B,Critical threshold broken for Flow_Low,Низкий расход. Проверить задвижки и состояние рабочего колеса.,0
Medium,2026-05-13,03:16:07.903,2026-05-13T03:16:07.903,Lube_Oil_Press_Low,Compressor Station A,Critical threshold broken for Lube_Oil_Press_Low,Давление смазочного масла ниже нормы. Проверить масляный насос и фильтры.,0
High,2026-05-13,03:51:22.402,2026-05-13T03:51:22.402,Steam_Press_High,Boiler Unit,Critical threshold broken for Steam_Press_High,Давление пара превышает норму. Проверить регулятор давления и предохранительный клапан.,1
Medium,2026-05-13,03:53:36.446,2026-05-13T03:53:36.446,Lube_Oil_Press_Low,Compressor Station A,Critical threshold broken for Lube_Oil_Press_Low,Давление смазочного масла ниже нормы. Проверить масляный насос и фильтры.,0
High,2026-05-13,04:03:11.991,2026-05-13T04:03:11.991,Steam_Press_High,Boiler Unit,Critical threshold broken for Steam_Press_High,Давление пара превышает норму. Проверить регулятор давления и предохранительный клапан.,1
Medium,2026-05-13,04:04:52.712,2026-05-13T04:04:52.712,Lube_Oil_Press_Low,Compressor Station A,Critical threshold broken for Lube_Oil_Press_Low,Давление смазочного масла ниже нормы. Проверить масляный насос и фильтры.,0
High,2026-05-13,04:11:18.299,2026-05-13T04:11:18.299,Vib_Sensor_04_Err,Compressor Station A,Critical threshold broken for Vib_Sensor_04_Err,Вибрация превысила критический порог. Возможный износ подшипника или дисбаланс ротора.,1
High,2026-05-13,04:13:05.832,2026-05-13T04:13:05.832,HX_FoulingAlarm,Heat Exchanger C,Critical threshold broken for HX_FoulingAlarm,Загрязнение теплообменника. Снижение КПД — требуется промывка.,1
Medium,2026-05-13,04:14:21.916,2026-05-13T04:14:21.916,Bearing_Temp_High,Compressor Station A,Critical threshold broken for Bearing_Temp_High,Перегрев подшипника. Недостаточная смазка или повреждение обоймы.,0
Medium,2026-05-13,04:16:25.120,2026-05-13T04:16:25.120,Shaft_Displacement,Compressor Station A,Critical threshold broken for Shaft_Displacement,Осевое смещение вала за пределами допуска. Проверить муфту и опоры.,0
High,2026-05-13,04:17:18.857,2026-05-13T04:17:18.857,Vib_Sensor_04_Err,Compressor Station A,Critical threshold broken for Vib_Sensor_04_Err,Вибрация превысила критический порог. Возможный износ подшипника или дисбаланс ротора.,1
Medium,2026-05-13,04:20:05.773,2026-05-13T04:20:05.773,Shaft_Displacement,Compressor Station A,Critical threshold broken for Shaft_Displacement,Осевое смещение вала за пределами допуска. Проверить муфту и опоры.,0
High,2026-05-13,04:31:44.309,2026-05-13T04:31:44.309,Vib_Sensor_04_Err,Compressor Station A,Critical threshold broken for Vib_Sensor_04_Err,Вибрация превысила критический порог. Возможный износ подшипника или дисбаланс ротора.,1
High,2026-05-13,04:35:35.954,2026-05-13T04:35:35.954,Vib_Sensor_04_Err,Compressor Station A,Critical threshold broken for Vib_Sensor_04_Err,Вибрация превысила критический порог. Возможный износ подшипника или дисбаланс ротора.,1
Low,2026-05-13,04:45:38.296,2026-05-13T04:45:38.296,Flow_Variance,Boiler Unit,Critical threshold broken for Flow_Variance,Нестабильный расход. Частичное засорение трубопровода.,0
Medium,2026-05-13,04:53:49.614,2026-05-13T04:53:49.614,Bearing_Temp_High,Compressor Station A,Critical threshold broken for Bearing_Temp_High,Перегрев подшипника. Недостаточная смазка или повреждение обоймы.,0
High,2026-05-13,05:14:07.693,2026-05-13T05:14:07.693,Vib_Sensor_04_Err,Compressor Station A,Critical threshold broken for Vib_Sensor_04_Err,Вибрация превысила критический порог. Возможный износ подшипника или дисбаланс ротора.,1
Medium,2026-05-13,05:18:36.665,2026-05-13T05:18:36.665,Shaft_Displacement,Compressor Station A,Critical threshold broken for Shaft_Displacement,Осевое смещение вала за пределами допуска. Проверить муфту и опоры.,0
Medium,2026-05-13,05:19:02.528,2026-05-13T05:19:02.528,Bearing_Temp_High,Compressor Station A,Critical threshold broken for Bearing_Temp_High,Перегрев подшипника. Недостаточная смазка или повреждение обоймы.,0
Low,2026-05-13,05:21:16.179,2026-05-13T05:21:16.179,Temp_Crit_B,Boiler Unit,Critical threshold broken for Temp_Crit_B,Критическая температура в зоне B. Нарушение теплообмена.,0
High,2026-05-13,05:32:15.154,2026-05-13T05:32:15.154,Vib_Sensor_04_Err,Compressor Station A,Critical threshold broken for Vib_Sensor_04_Err,Вибрация превысила критический порог. Возможный износ подшипника или дисбаланс ротора.,1
High,2026-05-13,05:35:04.432,2026-05-13T05:35:04.432,Vib_Sensor_04_Err,Compressor Station A,Critical threshold broken for Vib_Sensor_04_Err,Вибрация превысила критический порог. Возможный износ подшипника или дисбаланс ротора.,1
High,2026-05-13,05:36:42.985,2026-05-13T05:36:42.985,HX_FoulingAlarm,Heat Exchanger C,Critical threshold broken for HX_FoulingAlarm,Загрязнение теплообменника. Снижение КПД — требуется промывка.,1
Medium,2026-05-13,05:42:46.829,2026-05-13T05:42:46.829,Shaft_Displacement,Compressor Station A,Critical threshold broken for Shaft_Displacement,Осевое смещение вала за пределами допуска. Проверить муфту и опоры.,0
High,2026-05-13,05:55:22.923,2026-05-13T05:55:22.923,Vib_Sensor_04_Err,Compressor Station A,Critical threshold broken for Vib_Sensor_04_Err,Вибрация превысила критический порог. Возможный износ подшипника или дисбаланс ротора.,1
Medium,2026-05-13,05:56:21.890,2026-05-13T05:56:21.890,Shaft_Displacement,Compressor Station A,Critical threshold broken for Shaft_Displacement,Осевое смещение вала за пределами допуска. Проверить муфту и опоры.,0
High,2026-05-13,05:57:48.449,2026-05-13T05:57:48.449,Vib_Sensor_04_Err,Compressor Station A,Critical threshold broken for Vib_Sensor_04_Err,Вибрация превысила критический порог. Возможный износ подшипника или дисбаланс ротора.,1
High,2026-05-13,06:00:02.953,2026-05-13T06:00:02.953,Steam_Press_High,Boiler Unit,Critical threshold broken for Steam_Press_High,Давление пара превышает норму. Проверить регулятор давления и предохранительный клапан.,1
High,2026-05-13,06:12:11.450,2026-05-13T06:12:11.450,Vib_Sensor_04_Err,Compressor Station A,Critical threshold broken for Vib_Sensor_04_Err,Вибрация превысила критический порог. Возможный износ подшипника или дисбаланс ротора.,1
Medium,2026-05-13,06:13:14.253,2026-05-13T06:13:14.253,Lube_Oil_Press_Low,Compressor Station A,Critical threshold broken for Lube_Oil_Press_Low,Давление смазочного масла ниже нормы. Проверить масляный насос и фильтры.,0
High,2026-05-13,06:19:20.393,2026-05-13T06:19:20.393,Steam_Press_High,Boiler Unit,Critical threshold broken for Steam_Press_High,Давление пара превышает норму. Проверить регулятор давления и предохранительный клапан.,1
Low,2026-05-13,06:21:52.055,2026-05-13T06:21:52.055,Flow_Variance,Boiler Unit,Critical threshold broken for Flow_Variance,Нестабильный расход. Частичное засорение трубопровода.,0
High,2026-05-13,06:22:03.350,2026-05-13T06:22:03.350,Vib_Sensor_04_Err,Compressor Station A,Critical threshold broken for Vib_Sensor_04_Err,Вибрация превысила критический порог. Возможный износ подшипника или дисбаланс ротора.,1
Medium,2026-05-13,06:43:08.455,2026-05-13T06:43:08.455,Lube_Oil_Press_Low,Compressor Station A,Critical threshold broken for Lube_Oil_Press_Low,Давление смазочного масла ниже нормы. Проверить масляный насос и фильтры.,0
High,2026-05-13,06:46:38.729,2026-05-13T06:46:38.729,Vib_Sensor_04_Err,Compressor Station A,Critical threshold broken for Vib_Sensor_04_Err,Вибрация превысила критический порог. Возможный износ подшипника или дисбаланс ротора.,1
Low,2026-05-13,06:56:16.278,2026-05-13T06:56:16.278,Valve_Slow,Compressor Station A,Critical threshold broken for Valve_Slow,Запаздывание клапана. Загрязнение привода или износ уплотнений.,0
Medium,2026-05-13,07:09:22.810,2026-05-13T07:09:22.810,Lube_Oil_Press_Low,Compressor Station A,Critical threshold broken for Lube_Oil_Press_Low,Давление смазочного масла ниже нормы. Проверить масляный насос и фильтры.,0
Medium,2026-05-13,07:10:25.480,2026-05-13T07:10:25.480,Bearing_Temp_High,Compressor Station A,Critical threshold broken for Bearing_Temp_High,Перегрев подшипника. Недостаточная смазка или повреждение обоймы.,0
High,2026-05-13,07:13:36.672,2026-05-13T07:13:36.672,Pump_Cavitation,Pump Station B,Critical threshold broken for Pump_Cavitation,Кавитация насоса. Снизить производительность или повысить давление на входе.,1
Medium,2026-05-13,07:16:23.821,2026-05-13T07:16:23.821,Temp_Delta_High,Heat Exchanger C,Critical threshold broken for Temp_Delta_High,Высокая разница температур. Нарушение режима теплопередачи.,0
High,2026-05-13,07:20:42.028,2026-05-13T07:20:42.028,Steam_Press_High,Boiler Unit,Critical threshold broken for Steam_Press_High,Давление пара превышает норму. Проверить регулятор давления и предохранительный клапан.,1
Medium,2026-05-13,07:21:45.873,2026-05-13T07:21:45.873,Valve_Stuck_Close,Boiler Unit,Critical threshold broken for Valve_Stuck_Close,Клапан не открывается. Механическая блокировка или отказ привода.,0
Medium,2026-05-13,07:23:59.821,2026-05-13T07:23:59.821,Lube_Oil_Press_Low,Compressor Station A,Critical threshold broken for Lube_Oil_Press_Low,Давление смазочного масла ниже нормы. Проверить масляный насос и фильтры.,0
Low,2026-05-13,07:33:17.239,2026-05-13T07:33:17.239,Valve_Slow,Compressor Station A,Critical threshold broken for Valve_Slow,Запаздывание клапана. Загрязнение привода или износ уплотнений.,0
High,2026-05-13,07:34:10.773,2026-05-13T07:34:10.773,Vib_Sensor_04_Err,Compressor Station A,Critical threshold broken for Vib_Sensor_04_Err,Вибрация превысила критический порог. Возможный износ подшипника или дисбаланс ротора.,1
High,2026-05-13,07:42:26.841,2026-05-13T07:42:26.841,Pump_Cavitation,Pump Station B,Critical threshold broken for Pump_Cavitation,Кавитация насоса. Снизить производительность или повысить давление на входе.,1
High,2026-05-13,07:43:05.838,2026-05-13T07:43:05.838,Vib_Sensor_04_Err,Compressor Station A,Critical threshold broken for Vib_Sensor_04_Err,Вибрация превысила критический порог. Возможный износ подшипника или дисбаланс ротора.,1
High,2026-05-13,07:52:21.851,2026-05-13T07:52:21.851,Vib_Sensor_04_Err,Compressor Station A,Critical threshold broken for Vib_Sensor_04_Err,Вибрация превысила критический порог. Возможный износ подшипника или дисбаланс ротора.,1
Medium,2026-05-13,07:54:20.675,2026-05-13T07:54:20.675,Lube_Oil_Press_Low,Compressor Station A,Critical threshold broken for Lube_Oil_Press_Low,Давление смазочного масла ниже нормы. Проверить масляный насос и фильтры.,0
High,2026-05-13,07:55:52.730,2026-05-13T07:55:52.730,Vib_Sensor_04_Err,Compressor Station A,Critical threshold broken for Vib_Sensor_04_Err,Вибрация превысила критический порог. Возможный износ подшипника или дисбаланс ротора.,1
Low,2026-05-13,08:04:08.213,2026-05-13T08:04:08.213,Flow_Variance,Boiler Unit,Critical threshold broken for Flow_Variance,Нестабильный расход. Частичное засорение трубопровода.,0
Medium,2026-05-13,08:09:37.335,2026-05-13T08:09:37.335,Shaft_Displacement,Compressor Station A,Critical threshold broken for Shaft_Displacement,Осевое смещение вала за пределами допуска. Проверить муфту и опоры.,0
Medium,2026-05-13,08:12:45.857,2026-05-13T08:12:45.857,Bearing_Temp_High,Compressor Station A,Critical threshold broken for Bearing_Temp_High,Перегрев подшипника. Недостаточная смазка или повреждение обоймы.,0
Medium,2026-05-13,08:20:28.438,2026-05-13T08:20:28.438,Bearing_Temp_High,Compressor Station A,Critical threshold broken for Bearing_Temp_High,Перегрев подшипника. Недостаточная смазка или повреждение обоймы.,0
Medium,2026-05-13,08:22:57.022,2026-05-13T08:22:57.022,Lube_Oil_Press_Low,Compressor Station A,Critical threshold broken for Lube_Oil_Press_Low,Давление смазочного масла ниже нормы. Проверить масляный насос и фильтры.,0
High,2026-05-13,08:24:15.702,2026-05-13T08:24:15.702,Vib_Sensor_04_Err,Compressor Station A,Critical threshold broken for Vib_Sensor_04_Err,Вибрация превысила критический порог. Возможный износ подшипника или дисбаланс ротора.,1
Low,2026-05-13,08:40:13.199,2026-05-13T08:40:13.199,Flow_Restrict,Heat Exchanger C,Critical threshold broken for Flow_Restrict,Ограничение потока. Частичное перекрытие прохода.,0
Medium,2026-05-13,08:44:58.267,2026-05-13T08:44:58.267,Lube_Oil_Press_Low,Compressor Station A,Critical threshold broken for Lube_Oil_Press_Low,Давление смазочного масла ниже нормы. Проверить масляный насос и фильтры.,0
Medium,2026-05-13,08:57:55.699,2026-05-13T08:57:55.699,Shaft_Displacement,Compressor Station A,Critical threshold broken for Shaft_Displacement,Осевое смещение вала за пределами допуска. Проверить муфту и опоры.,0
High,2026-05-13,09:06:53.169,2026-05-13T09:06:53.169,Vib_Sensor_04_Err,Compressor Station A,Critical threshold broken for Vib_Sensor_04_Err,Вибрация превысила критический порог. Возможный износ подшипника или дисбаланс ротора.,1
High,2026-05-13,09:09:00.546,2026-05-13T09:09:00.546,Vib_Sensor_04_Err,Compressor Station A,Critical threshold broken for Vib_Sensor_04_Err,Вибрация превысила критический порог. Возможный износ подшипника или дисбаланс ротора.,1
High,2026-05-13,09:12:52.697,2026-05-13T09:12:52.697,Vib_Sensor_04_Err,Compressor Station A,Critical threshold broken for Vib_Sensor_04_Err,Вибрация превысила критический порог. Возможный износ подшипника или дисбаланс ротора.,1
High,2026-05-13,09:26:11.515,2026-05-13T09:26:11.515,HX_FoulingAlarm,Heat Exchanger C,Critical threshold broken for HX_FoulingAlarm,Загрязнение теплообменника. Снижение КПД — требуется промывка.,1
Medium,2026-05-13,09:34:17.547,2026-05-13T09:34:17.547,Shaft_Displacement,Compressor Station A,Critical threshold broken for Shaft_Displacement,Осевое смещение вала за пределами допуска. Проверить муфту и опоры.,0
Medium,2026-05-13,09:36:40.157,2026-05-13T09:36:40.157,Pressure_Drop,Pump Station B,Critical threshold broken for Pressure_Drop,Падение давления. Возможна утечка или засорение фильтра.,0
High,2026-05-13,09:39:03.144,2026-05-13T09:39:03.144,Vib_Sensor_04_Err,Compressor Station A,Critical threshold broken for Vib_Sensor_04_Err,Вибрация превысила критический порог. Возможный износ подшипника или дисбаланс ротора.,1
Medium,2026-05-13,09:44:17.202,2026-05-13T09:44:17.202,Shaft_Displacement,Compressor Station A,Critical threshold broken for Shaft_Displacement,Осевое смещение вала за пределами допуска. Проверить муфту и опоры.,0
High,2026-05-13,09:51:58.469,2026-05-13T09:51:58.469,Steam_Press_High,Boiler Unit,Critical threshold broken for Steam_Press_High,Давление пара превышает норму. Проверить регулятор давления и предохранительный клапан.,1
Medium,2026-05-13,09:54:54.328,2026-05-13T09:54:54.328,Bearing_Temp_High,Compressor Station A,Critical threshold broken for Bearing_Temp_High,Перегрев подшипника. Недостаточная смазка или повреждение обоймы.,0
Low,2026-05-13,09:56:34.565,2026-05-13T09:56:34.565,Valve_Slow,Compressor Station A,Critical threshold broken for Valve_Slow,Запаздывание клапана. Загрязнение привода или износ уплотнений.,0
Medium,2026-05-13,10:02:15.002,2026-05-13T10:02:15.002,Shaft_Displacement,Compressor Station A,Critical threshold broken for Shaft_Displacement,Осевое смещение вала за пределами допуска. Проверить муфту и опоры.,0
High,2026-05-13,10:15:12.486,2026-05-13T10:15:12.486,Vib_Sensor_04_Err,Compressor Station A,Critical threshold broken for Vib_Sensor_04_Err,Вибрация превысила критический порог. Возможный износ подшипника или дисбаланс ротора.,1
High,2026-05-13,10:15:31.462,2026-05-13T10:15:31.462,Vib_Sensor_04_Err,Compressor Station A,Critical threshold broken for Vib_Sensor_04_Err,Вибрация превысила критический порог. Возможный износ подшипника или дисбаланс ротора.,1
Medium,2026-05-13,10:15:48.166,2026-05-13T10:15:48.166,Bearing_Temp_High,Compressor Station A,Critical threshold broken for Bearing_Temp_High,Перегрев подшипника. Недостаточная смазка или повреждение обоймы.,0
High,2026-05-13,10:18:09.063,2026-05-13T10:18:09.063,Vib_Sensor_04_Err,Compressor Station A,Critical threshold broken for Vib_Sensor_04_Err,Вибрация превысила критический порог. Возможный износ подшипника или дисбаланс ротора.,1
Medium,2026-05-13,10:19:06.361,2026-05-13T10:19:06.361,Lube_Oil_Press_Low,Compressor Station A,Critical threshold broken for Lube_Oil_Press_Low,Давление смазочного масла ниже нормы. Проверить масляный насос и фильтры.,0
High,2026-05-13,10:23:25.584,2026-05-13T10:23:25.584,Steam_Press_High,Boiler Unit,Critical threshold broken for Steam_Press_High,Давление пара превышает норму. Проверить регулятор давления и предохранительный клапан.,1
Medium,2026-05-13,10:23:40.648,2026-05-13T10:23:40.648,Bearing_Temp_High,Compressor Station A,Critical threshold broken for Bearing_Temp_High,Перегрев подшипника. Недостаточная смазка или повреждение обоймы.,0
High,2026-05-13,10:26:46.752,2026-05-13T10:26:46.752,HX_FoulingAlarm,Heat Exchanger C,Critical threshold broken for HX_FoulingAlarm,Загрязнение теплообменника. Снижение КПД — требуется промывка.,1
High,2026-05-13,10:30:41.844,2026-05-13T10:30:41.844,Pump_Cavitation,Pump Station B,Critical threshold broken for Pump_Cavitation,Кавитация насоса. Снизить производительность или повысить давление на входе.,1
Medium,2026-05-13,10:33:35.710,2026-05-13T10:33:35.710,Shaft_Displacement,Compressor Station A,Critical threshold broken for Shaft_Displacement,Осевое смещение вала за пределами допуска. Проверить муфту и опоры.,0
High,2026-05-13,10:34:50.410,2026-05-13T10:34:50.410,Vib_Sensor_04_Err,Compressor Station A,Critical threshold broken for Vib_Sensor_04_Err,Вибрация превысила критический порог. Возможный износ подшипника или дисбаланс ротора.,1
High,2026-05-13,10:37:42.841,2026-05-13T10:37:42.841,Vib_Sensor_04_Err,Compressor Station A,Critical threshold broken for Vib_Sensor_04_Err,Вибрация превысила критический порог. Возможный износ подшипника или дисбаланс ротора.,1
High,2026-05-13,10:38:34.637,2026-05-13T10:38:34.637,Vib_Sensor_04_Err,Compressor Station A,Critical threshold broken for Vib_Sensor_04_Err,Вибрация превысила критический порог. Возможный износ подшипника или дисбаланс ротора.,1
Medium,2026-05-13,10:43:14.962,2026-05-13T10:43:14.962,Bearing_Temp_High,Compressor Station A,Critical threshold broken for Bearing_Temp_High,Перегрев подшипника. Недостаточная смазка или повреждение обоймы.,0
High,2026-05-13,10:43:18.355,2026-05-13T10:43:18.355,Vib_Sensor_04_Err,Compressor Station A,Critical threshold broken for Vib_Sensor_04_Err,Вибрация превысила критический порог. Возможный износ подшипника или дисбаланс ротора.,1
Low,2026-05-13,10:52:39.580,2026-05-13T10:52:39.580,Flow_Restrict,Heat Exchanger C,Critical threshold broken for Flow_Restrict,Ограничение потока. Частичное перекрытие прохода.,0
Medium,2026-05-13,10:54:51.109,2026-05-13T10:54:51.109,Flow_Low,Pump Station B,Critical threshold broken for Flow_Low,Низкий расход. Проверить задвижки и состояние рабочего колеса.,0
Medium,2026-05-13,10:56:24.992,2026-05-13T10:56:24.992,Lube_Oil_Press_Low,Compressor Station A,Critical threshold broken for Lube_Oil_Press_Low,Давление смазочного масла ниже нормы. Проверить масляный насос и фильтры.,0
Medium,2026-05-13,10:59:41.065,2026-05-13T10:59:41.065,Bearing_Temp_High,Compressor Station A,Critical threshold broken for Bearing_Temp_High,Перегрев подшипника. Недостаточная смазка или повреждение обоймы.,0
High,2026-05-13,10:59:54.163,2026-05-13T10:59:54.163,Vib_Sensor_04_Err,Compressor Station A,Critical threshold broken for Vib_Sensor_04_Err,Вибрация превысила критический порог. Возможный износ подшипника или дисбаланс ротора.,1
High,2026-05-13,11:01:33.194,2026-05-13T11:01:33.194,Vib_Sensor_04_Err,Compressor Station A,Critical threshold broken for Vib_Sensor_04_Err,Вибрация превысила критический порог. Возможный износ подшипника или дисбаланс ротора.,1
Medium,2026-05-13,11:02:09.712,2026-05-13T11:02:09.712,Shaft_Displacement,Compressor Station A,Critical threshold broken for Shaft_Displacement,Осевое смещение вала за пределами допуска. Проверить муфту и опоры.,0
High,2026-05-13,11:05:09.734,2026-05-13T11:05:09.734,Vib_Sensor_04_Err,Compressor Station A,Critical threshold broken for Vib_Sensor_04_Err,Вибрация превысила критический порог. Возможный износ подшипника или дисбаланс ротора.,1
Low,2026-05-13,11:06:44.288,2026-05-13T11:06:44.288,Flow_Restrict,Heat Exchanger C,Critical threshold broken for Flow_Restrict,Ограничение потока. Частичное перекрытие прохода.,0
Medium,2026-05-13,11:08:25.250,2026-05-13T11:08:25.250,Valve_Stuck_Close,Boiler Unit,Critical threshold broken for Valve_Stuck_Close,Клапан не открывается. Механическая блокировка или отказ привода.,0
Medium,2026-05-13,11:09:06.945,2026-05-13T11:09:06.945,Lube_Oil_Press_Low,Compressor Station A,Critical threshold broken for Lube_Oil_Press_Low,Давление смазочного масла ниже нормы. Проверить масляный насос и фильтры.,0
Medium,2026-05-13,11:09:11.254,2026-05-13T11:09:11.254,Flow_Low,Pump Station B,Critical threshold broken for Flow_Low,Низкий расход. Проверить задвижки и состояние рабочего колеса.,0
High,2026-05-13,11:09:25.158,2026-05-13T11:09:25.158,Pump_Cavitation,Pump Station B,Critical threshold broken for Pump_Cavitation,Кавитация насоса. Снизить производительность или повысить давление на входе.,1
Medium,2026-05-13,11:09:28.177,2026-05-13T11:09:28.177,Bearing_Temp_High,Compressor Station A,Critical threshold broken for Bearing_Temp_High,Перегрев подшипника. Недостаточная смазка или повреждение обоймы.,0
High,2026-05-13,11:11:20.256,2026-05-13T11:11:20.256,Pump_Cavitation,Pump Station B,Critical threshold broken for Pump_Cavitation,Кавитация насоса. Снизить производительность или повысить давление на входе.,1
Medium,2026-05-13,11:12:23.199,2026-05-13T11:12:23.199,Lube_Oil_Press_Low,Compressor Station A,Critical threshold broken for Lube_Oil_Press_Low,Давление смазочного масла ниже нормы. Проверить масляный насос и фильтры.,0
High,2026-05-13,11:12:43.554,2026-05-13T11:12:43.554,Vib_Sensor_04_Err,Compressor Station A,Critical threshold broken for Vib_Sensor_04_Err,Вибрация превысила критический порог. Возможный износ подшипника или дисбаланс ротора.,1
Low,2026-05-13,11:13:04.573,2026-05-13T11:13:04.573,Valve_Slow,Compressor Station A,Critical threshold broken for Valve_Slow,Запаздывание клапана. Загрязнение привода или износ уплотнений.,0
Low,2026-05-13,11:14:37.070,2026-05-13T11:14:37.070,Valve_Slow,Compressor Station A,Critical threshold broken for Valve_Slow,Запаздывание клапана. Загрязнение привода или износ уплотнений.,0
Medium,2026-05-13,11:14:55.463,2026-05-13T11:14:55.463,Lube_Oil_Press_Low,Compressor Station A,Critical threshold broken for Lube_Oil_Press_Low,Давление смазочного масла ниже нормы. Проверить масляный насос и фильтры.,0
Medium,2026-05-13,11:16:10.208,2026-05-13T11:16:10.208,Temp_Delta_High,Heat Exchanger C,Critical threshold broken for Temp_Delta_High,Высокая разница температур. Нарушение режима теплопередачи.,0
High,2026-05-13,11:16:39.608,2026-05-13T11:16:39.608,Vib_Sensor_04_Err,Compressor Station A,Critical threshold broken for Vib_Sensor_04_Err,Вибрация превысила критический порог. Возможный износ подшипника или дисбаланс ротора.,1
Medium,2026-05-13,11:17:11.417,2026-05-13T11:17:11.417,Shaft_Displacement,Compressor Station A,Critical threshold broken for Shaft_Displacement,Осевое смещение вала за пределами допуска. Проверить муфту и опоры.,0
High,2026-05-13,11:17:18.594,2026-05-13T11:17:18.594,Steam_Press_High,Boiler Unit,Critical threshold broken for Steam_Press_High,Давление пара превышает норму. Проверить регулятор давления и предохранительный клапан.,1
High,2026-05-13,11:17:31.899,2026-05-13T11:17:31.899,Vib_Sensor_04_Err,Compressor Station A,Critical threshold broken for Vib_Sensor_04_Err,Вибрация превысила критический порог. Возможный износ подшипника или дисбаланс ротора.,1
Medium,2026-05-13,11:18:05.059,2026-05-13T11:18:05.059,Lube_Oil_Press_Low,Compressor Station A,Critical threshold broken for Lube_Oil_Press_Low,Давление смазочного масла ниже нормы. Проверить масляный насос и фильтры.,0
High,2026-05-13,11:18:07.352,2026-05-13T11:18:07.352,Steam_Press_High,Boiler Unit,Critical threshold broken for Steam_Press_High,Давление пара превышает норму. Проверить регулятор давления и предохранительный клапан.,1
Medium,2026-05-13,11:19:22.632,2026-05-13T11:19:22.632,Bearing_Temp_High,Compressor Station A,Critical threshold broken for Bearing_Temp_High,Перегрев подшипника. Недостаточная смазка или повреждение обоймы.,0
High,2026-05-13,11:20:11.646,2026-05-13T11:20:11.646,Vib_Sensor_04_Err,Compressor Station A,Critical threshold broken for Vib_Sensor_04_Err,Вибрация превысила критический порог. Возможный износ подшипника или дисбаланс ротора.,1
High,2026-05-13,11:20:20.882,2026-05-13T11:20:20.882,Vib_Sensor_04_Err,Compressor Station A,Critical threshold broken for Vib_Sensor_04_Err,Вибрация превысила критический порог. Возможный износ подшипника или дисбаланс ротора.,1
High,2026-05-13,11:21:13.601,2026-05-13T11:21:13.601,Vib_Sensor_04_Err,Compressor Station A,Critical threshold broken for Vib_Sensor_04_Err,Вибрация превысила критический порог. Возможный износ подшипника или дисбаланс ротора.,1
Medium,2026-05-13,11:22:21.727,2026-05-13T11:22:21.727,Lube_Oil_Press_Low,Compressor Station A,Critical threshold broken for Lube_Oil_Press_Low,Давление смазочного масла ниже нормы. Проверить масляный насос и фильтры.,0
High,2026-05-13,11:23:05.595,2026-05-13T11:23:05.595,Vib_Sensor_04_Err,Compressor Station A,Critical threshold broken for Vib_Sensor_04_Err,Вибрация превысила критический порог. Возможный износ подшипника или дисбаланс ротора.,1
Medium,2026-05-13,11:23:20.995,2026-05-13T11:23:20.995,Lube_Oil_Press_Low,Compressor Station A,Critical threshold broken for Lube_Oil_Press_Low,Давление смазочного масла ниже нормы. Проверить масляный насос и фильтры.,0
Medium,2026-05-13,11:23:30.959,2026-05-13T11:23:30.959,Lube_Oil_Press_Low,Compressor Station A,Critical threshold broken for Lube_Oil_Press_Low,Давление смазочного масла ниже нормы. Проверить масляный насос и фильтры.,0
High,2026-05-13,11:23:44.520,2026-05-13T11:23:44.520,Vib_Sensor_04_Err,Compressor Station A,Critical threshold broken for Vib_Sensor_04_Err,Вибрация превысила критический порог. Возможный износ подшипника или дисбаланс ротора.,1
Medium,2026-05-13,11:23:45.819,2026-05-13T11:23:45.819,Shaft_Displacement,Compressor Station A,Critical threshold broken for Shaft_Displacement,Осевое смещение вала за пределами допуска. Проверить муфту и опоры.,0
High,2026-05-13,11:24:14.872,2026-05-13T11:24:14.872,Pump_Cavitation,Pump Station B,Critical threshold broken for Pump_Cavitation,Кавитация насоса. Снизить производительность или повысить давление на входе.,1
Medium,2026-05-13,11:24:50.840,2026-05-13T11:24:50.840,Valve_Stuck_Close,Boiler Unit,Critical threshold broken for Valve_Stuck_Close,Клапан не открывается. Механическая блокировка или отказ привода.,0
Low,2026-05-13,11:25:29.405,2026-05-13T11:25:29.405,Temp_Crit_B,Boiler Unit,Critical threshold broken for Temp_Crit_B,Критическая температура в зоне B. Нарушение теплообмена.,0
Medium,2026-05-13,11:25:37.036,2026-05-13T11:25:37.036,Bearing_Temp_High,Compressor Station A,Critical threshold broken for Bearing_Temp_High,Перегрев подшипника. Недостаточная смазка или повреждение обоймы.,0
Medium,2026-05-13,11:25:40.063,2026-05-13T11:25:40.063,Lube_Oil_Press_Low,Compressor Station A,Critical threshold broken for Lube_Oil_Press_Low,Давление смазочного масла ниже нормы. Проверить масляный насос и фильтры.,0
Medium,2026-05-13,11:25:45.367,2026-05-13T11:25:45.367,Lube_Oil_Press_Low,Compressor Station A,Critical threshold broken for Lube_Oil_Press_Low,Давление смазочного масла ниже нормы. Проверить масляный насос и фильтры.,0
Medium,2026-05-13,11:26:05.532,2026-05-13T11:26:05.532,Lube_Oil_Press_Low,Compressor Station A,Critical threshold broken for Lube_Oil_Press_Low,Давление смазочного масла ниже нормы. Проверить масляный насос и фильтры.,0
Low,2026-05-13,11:26:05.768,2026-05-13T11:26:05.768,Flow_Restrict,Heat Exchanger C,Critical threshold broken for Flow_Restrict,Ограничение потока. Частичное перекрытие прохода.,0
High,2026-05-13,11:26:36.451,2026-05-13T11:26:36.451,Steam_Press_High,Boiler Unit,Critical threshold broken for Steam_Press_High,Давление пара превышает норму. Проверить регулятор давления и предохранительный клапан.,1
High,2026-05-13,11:27:35.821,2026-05-13T11:27:35.821,Vib_Sensor_04_Err,Compressor Station A,Critical threshold broken for Vib_Sensor_04_Err,Вибрация превысила критический порог. Возможный износ подшипника или дисбаланс ротора.,1
Medium,2026-05-13,11:28:25.134,2026-05-13T11:28:25.134,Bearing_Temp_High,Compressor Station A,Critical threshold broken for Bearing_Temp_High,Перегрев подшипника. Недостаточная смазка или повреждение обоймы.,0
Medium,2026-05-13,11:28:40.229,2026-05-13T11:28:40.229,Bearing_Temp_High,Compressor Station A,Critical threshold broken for Bearing_Temp_High,Перегрев подшипника. Недостаточная смазка или повреждение обоймы.,0
Medium,2026-05-13,11:29:01.127,2026-05-13T11:29:01.127,Valve_Stuck_Close,Boiler Unit,Critical threshold broken for Valve_Stuck_Close,Клапан не открывается. Механическая блокировка или отказ привода.,0
Medium,2026-05-13,11:29:41.836,2026-05-13T11:29:41.836,Shaft_Displacement,Compressor Station A,Critical threshold broken for Shaft_Displacement,Осевое смещение вала за пределами допуска. Проверить муфту и опоры.,0
Medium,2026-05-13,11:31:40.466,2026-05-13T11:31:40.466,Bearing_Temp_High,Compressor Station A,Critical threshold broken for Bearing_Temp_High,Перегрев подшипника. Недостаточная смазка или повреждение обоймы.,0
High,2026-05-13,11:32:34.607,2026-05-13T11:32:34.607,Vib_Sensor_04_Err,Compressor Station A,Critical threshold broken for Vib_Sensor_04_Err,Вибрация превысила критический порог. Возможный износ подшипника или дисбаланс ротора.,1
High,2026-05-13,11:32:52.922,2026-05-13T11:32:52.922,Pump_Cavitation,Pump Station B,Critical threshold broken for Pump_Cavitation,Кавитация насоса. Снизить производительность или повысить давление на входе.,1
Medium,2026-05-13,11:33:06.834,2026-05-13T11:33:06.834,Shaft_Displacement,Compressor Station A,Critical threshold broken for Shaft_Displacement,Осевое смещение вала за пределами допуска. Проверить муфту и опоры.,0
Low,2026-05-13,11:33:23.897,2026-05-13T11:33:23.897,Flow_Restrict,Heat Exchanger C,Critical threshold broken for Flow_Restrict,Ограничение потока. Частичное перекрытие прохода.,0
High,2026-05-13,11:33:26.135,2026-05-13T11:33:26.135,Vib_Sensor_04_Err,Compressor Station A,Critical threshold broken for Vib_Sensor_04_Err,Вибрация превысила критический порог. Возможный износ подшипника или дисбаланс ротора.,1
High,2026-05-13,11:33:45.462,2026-05-13T11:33:45.462,Pump_Cavitation,Pump Station B,Critical threshold broken for Pump_Cavitation,Кавитация насоса. Снизить производительность или повысить давление на входе.,1
Medium,2026-05-13,11:33:51.012,2026-05-13T11:33:51.012,Lube_Oil_Press_Low,Compressor Station A,Critical threshold broken for Lube_Oil_Press_Low,Давление смазочного масла ниже нормы. Проверить масляный насос и фильтры.,0
High,2026-05-13,11:33:51.140,2026-05-13T11:33:51.140,Pump_Cavitation,Pump Station B,Critical threshold broken for Pump_Cavitation,Кавитация насоса. Снизить производительность или повысить давление на входе.,1
Medium,2026-05-13,11:34:00.758,2026-05-13T11:34:00.758,Lube_Oil_Press_Low,Compressor Station A,Critical threshold broken for Lube_Oil_Press_Low,Давление смазочного масла ниже нормы. Проверить масляный насос и фильтры.,0
Medium,2026-05-13,11:34:15.738,2026-05-13T11:34:15.738,Lube_Oil_Press_Low,Compressor Station A,Critical threshold broken for Lube_Oil_Press_Low,Давление смазочного масла ниже нормы. Проверить масляный насос и фильтры.,0
High,2026-05-13,11:34:42.067,2026-05-13T11:34:42.067,Vib_Sensor_04_Err,Compressor Station A,Critical threshold broken for Vib_Sensor_04_Err,Вибрация превысила критический порог. Возможный износ подшипника или дисбаланс ротора.,1
Low,2026-05-13,11:34:50.283,2026-05-13T11:34:50.283,Temp_Crit_B,Boiler Unit,Critical threshold broken for Temp_Crit_B,Критическая температура в зоне B. Нарушение теплообмена.,0
Medium,2026-05-13,11:34:54.740,2026-05-13T11:34:54.740,Valve_Stuck_Close,Boiler Unit,Critical threshold broken for Valve_Stuck_Close,Клапан не открывается. Механическая блокировка или отказ привода.,0
High,2026-05-13,11:35:50.327,2026-05-13T11:35:50.327,Vib_Sensor_04_Err,Compressor Station A,Critical threshold broken for Vib_Sensor_04_Err,Вибрация превысила критический порог. Возможный износ подшипника или дисбаланс ротора.,1
Medium,2026-05-13,11:36:09.869,2026-05-13T11:36:09.869,Shaft_Displacement,Compressor Station A,Critical threshold broken for Shaft_Displacement,Осевое смещение вала за пределами допуска. Проверить муфту и опоры.,0
High,2026-05-13,11:36:31.990,2026-05-13T11:36:31.990,Vib_Sensor_04_Err,Compressor Station A,Critical threshold broken for Vib_Sensor_04_Err,Вибрация превысила критический порог. Возможный износ подшипника или дисбаланс ротора.,1
Low,2026-05-13,11:37:33.234,2026-05-13T11:37:33.234,Valve_Slow,Compressor Station A,Critical threshold broken for Valve_Slow,Запаздывание клапана. Загрязнение привода или износ уплотнений.,0
Medium,2026-05-13,11:37:36.428,2026-05-13T11:37:36.428,Shaft_Displacement,Compressor Station A,Critical threshold broken for Shaft_Displacement,Осевое смещение вала за пределами допуска. Проверить муфту и опоры.,0
High,2026-05-13,11:37:39.947,2026-05-13T11:37:39.947,Vib_Sensor_04_Err,Compressor Station A,Critical threshold broken for Vib_Sensor_04_Err,Вибрация превысила критический порог. Возможный износ подшипника или дисбаланс ротора.,1
Low,2026-05-13,11:37:47.475,2026-05-13T11:37:47.475,Temp_Crit_B,Boiler Unit,Critical threshold broken for Temp_Crit_B,Критическая температура в зоне B. Нарушение теплообмена.,0
Medium,2026-05-13,11:37:49.055,2026-05-13T11:37:49.055,Bearing_Temp_High,Compressor Station A,Critical threshold broken for Bearing_Temp_High,Перегрев подшипника. Недостаточная смазка или повреждение обоймы.,0
Medium,2026-05-13,11:37:52.539,2026-05-13T11:37:52.539,Pressure_Drop,Pump Station B,Critical threshold broken for Pressure_Drop,Падение давления. Возможна утечка или засорение фильтра.,0
Low,2026-05-13,11:38:04.920,2026-05-13T11:38:04.920,Valve_Slow,Compressor Station A,Critical threshold broken for Valve_Slow,Запаздывание клапана. Загрязнение привода или износ уплотнений.,0
Medium,2026-05-13,11:38:17.041,2026-05-13T11:38:17.041,Lube_Oil_Press_Low,Compressor Station A,Critical threshold broken for Lube_Oil_Press_Low,Давление смазочного масла ниже нормы. Проверить масляный насос и фильтры.,0
High,2026-05-13,11:38:18.331,2026-05-13T11:38:18.331,Vib_Sensor_04_Err,Compressor Station A,Critical threshold broken for Vib_Sensor_04_Err,Вибрация превысила критический порог. Возможный износ подшипника или дисбаланс ротора.,1
Medium,2026-05-13,11:38:19.216,2026-05-13T11:38:19.216,Bearing_Temp_High,Compressor Station A,Critical threshold broken for Bearing_Temp_High,Перегрев подшипника. Недостаточная смазка или повреждение обоймы.,0
Medium,2026-05-13,11:38:29.539,2026-05-13T11:38:29.539,Valve_Stuck_Close,Boiler Unit,Critical threshold broken for Valve_Stuck_Close,Клапан не открывается. Механическая блокировка или отказ привода.,0
High,2026-05-13,11:38:42.136,2026-05-13T11:38:42.136,Vib_Sensor_04_Err,Compressor Station A,Critical threshold broken for Vib_Sensor_04_Err,Вибрация превысила критический порог. Возможный износ подшипника или дисбаланс ротора.,1
High,2026-05-13,11:39:17.632,2026-05-13T11:39:17.632,HX_FoulingAlarm,Heat Exchanger C,Critical threshold broken for HX_FoulingAlarm,Загрязнение теплообменника. Снижение КПД — требуется промывка.,1
Medium,2026-05-13,11:39:34.809,2026-05-13T11:39:34.809,Valve_Stuck_Close,Boiler Unit,Critical threshold broken for Valve_Stuck_Close,Клапан не открывается. Механическая блокировка или отказ привода.,0
Medium,2026-05-13,11:40:36.568,2026-05-13T11:40:36.568,Shaft_Displacement,Compressor Station A,Critical threshold broken for Shaft_Displacement,Осевое смещение вала за пределами допуска. Проверить муфту и опоры.,0
High,2026-05-13,11:40:42.301,2026-05-13T11:40:42.301,HX_FoulingAlarm,Heat Exchanger C,Critical threshold broken for HX_FoulingAlarm,Загрязнение теплообменника. Снижение КПД — требуется промывка.,1
Low,2026-05-13,11:40:43.581,2026-05-13T11:40:43.581,Valve_Slow,Compressor Station A,Critical threshold broken for Valve_Slow,Запаздывание клапана. Загрязнение привода или износ уплотнений.,0
Medium,2026-05-13,11:40:49.762,2026-05-13T11:40:49.762,Shaft_Displacement,Compressor Station A,Critical threshold broken for Shaft_Displacement,Осевое смещение вала за пределами допуска. Проверить муфту и опоры.,0
Low,2026-05-13,11:40:53.393,2026-05-13T11:40:53.393,Valve_Slow,Compressor Station A,Critical threshold broken for Valve_Slow,Запаздывание клапана. Загрязнение привода или износ уплотнений.,0
Low,2026-05-13,11:41:20.837,2026-05-13T11:41:20.837,Flow_Restrict,Heat Exchanger C,Critical threshold broken for Flow_Restrict,Ограничение потока. Частичное перекрытие прохода.,0
Medium,2026-05-13,11:41:26.600,2026-05-13T11:41:26.600,Lube_Oil_Press_Low,Compressor Station A,Critical threshold broken for Lube_Oil_Press_Low,Давление смазочного масла ниже нормы. Проверить масляный насос и фильтры.,0
High,2026-05-13,11:41:30.688,2026-05-13T11:41:30.688,Vib_Sensor_04_Err,Compressor Station A,Critical threshold broken for Vib_Sensor_04_Err,Вибрация превысила критический порог. Возможный износ подшипника или дисбаланс ротора.,1
High,2026-05-13,11:41:34.867,2026-05-13T11:41:34.867,Vib_Sensor_04_Err,Compressor Station A,Critical threshold broken for Vib_Sensor_04_Err,Вибрация превысила критический порог. Возможный износ подшипника или дисбаланс ротора.,1
Medium,2026-05-13,11:41:41.254,2026-05-13T11:41:41.254,Lube_Oil_Press_Low,Compressor Station A,Critical threshold broken for Lube_Oil_Press_Low,Давление смазочного масла ниже нормы. Проверить масляный насос и фильтры.,0
Medium,2026-05-13,11:42:16.438,2026-05-13T11:42:16.438,Shaft_Displacement,Compressor Station A,Critical threshold broken for Shaft_Displacement,Осевое смещение вала за пределами допуска. Проверить муфту и опоры.,0
Medium,2026-05-13,11:42:27.639,2026-05-13T11:42:27.639,Bearing_Temp_High,Compressor Station A,Critical threshold broken for Bearing_Temp_High,Перегрев подшипника. Недостаточная смазка или повреждение обоймы.,0
Low,2026-05-13,11:42:34.714,2026-05-13T11:42:34.714,Temp_Crit_B,Boiler Unit,Critical threshold broken for Temp_Crit_B,Критическая температура в зоне B. Нарушение теплообмена.,0
Medium,2026-05-13,11:43:10.622,2026-05-13T11:43:10.622,Lube_Oil_Press_Low,Compressor Station A,Critical threshold broken for Lube_Oil_Press_Low,Давление смазочного масла ниже нормы. Проверить масляный насос и фильтры.,0
Medium,2026-05-13,11:43:16.025,2026-05-13T11:43:16.025,Lube_Oil_Press_Low,Compressor Station A,Critical threshold broken for Lube_Oil_Press_Low,Давление смазочного масла ниже нормы. Проверить масляный насос и фильтры.,0
High,2026-05-13,11:43:26.757,2026-05-13T11:43:26.757,Vib_Sensor_04_Err,Compressor Station A,Critical threshold broken for Vib_Sensor_04_Err,Вибрация превысила критический порог. Возможный износ подшипника или дисбаланс ротора.,1
High,2026-05-13,11:43:31.930,2026-05-13T11:43:31.930,Vib_Sensor_04_Err,Compressor Station A,Critical threshold broken for Vib_Sensor_04_Err,Вибрация превысила критический порог. Возможный износ подшипника или дисбаланс ротора.,1
High,2026-05-13,11:43:35.069,2026-05-13T11:43:35.069,HX_FoulingAlarm,Heat Exchanger C,Critical threshold broken for HX_FoulingAlarm,Загрязнение теплообменника. Снижение КПД — требуется промывка.,1
Medium,2026-05-13,11:43:55.011,2026-05-13T11:43:55.011,Lube_Oil_Press_Low,Compressor Station A,Critical threshold broken for Lube_Oil_Press_Low,Давление смазочного масла ниже нормы. Проверить масляный насос и фильтры.,0
High,2026-05-13,11:43:59.430,2026-05-13T11:43:59.430,Vib_Sensor_04_Err,Compressor Station A,Critical threshold broken for Vib_Sensor_04_Err,Вибрация превысила критический порог. Возможный износ подшипника или дисбаланс ротора.,1
High,2026-05-13,11:44:11.154,2026-05-13T11:44:11.154,Steam_Press_High,Boiler Unit,Critical threshold broken for Steam_Press_High,Давление пара превышает норму. Проверить регулятор давления и предохранительный клапан.,1
Medium,2026-05-13,11:44:12.746,2026-05-13T11:44:12.746,Shaft_Displacement,Compressor Station A,Critical threshold broken for Shaft_Displacement,Осевое смещение вала за пределами допуска. Проверить муфту и опоры.,0
Medium,2026-05-13,11:44:18.368,2026-05-13T11:44:18.368,Lube_Oil_Press_Low,Compressor Station A,Critical threshold broken for Lube_Oil_Press_Low,Давление смазочного масла ниже нормы. Проверить масляный насос и фильтры.,0
High,2026-05-13,11:44:36.646,2026-05-13T11:44:36.646,HX_FoulingAlarm,Heat Exchanger C,Critical threshold broken for HX_FoulingAlarm,Загрязнение теплообменника. Снижение КПД — требуется промывка.,1
High,2026-05-13,11:44:39.448,2026-05-13T11:44:39.448,Vib_Sensor_04_Err,Compressor Station A,Critical threshold broken for Vib_Sensor_04_Err,Вибрация превысила критический порог. Возможный износ подшипника или дисбаланс ротора.,1
High,2026-05-13,11:44:48.725,2026-05-13T11:44:48.725,HX_FoulingAlarm,Heat Exchanger C,Critical threshold broken for HX_FoulingAlarm,Загрязнение теплообменника. Снижение КПД — требуется промывка.,1
Medium,2026-05-13,11:45:07.188,2026-05-13T11:45:07.188,Lube_Oil_Press_Low,Compressor Station A,Critical threshold broken for Lube_Oil_Press_Low,Давление смазочного масла ниже нормы. Проверить масляный насос и фильтры.,0
High,2026-05-13,11:45:07.837,2026-05-13T11:45:07.837,Vib_Sensor_04_Err,Compressor Station A,Critical threshold broken for Vib_Sensor_04_Err,Вибрация превысила критический порог. Возможный износ подшипника или дисбаланс ротора.,1
Medium,2026-05-13,11:45:36.198,2026-05-13T11:45:36.198,Valve_Stuck_Close,Boiler Unit,Critical threshold broken for Valve_Stuck_Close,Клапан не открывается. Механическая блокировка или отказ привода.,0
Low,2026-05-13,11:45:36.888,2026-05-13T11:45:36.888,Temp_Crit_B,Boiler Unit,Critical threshold broken for Temp_Crit_B,Критическая температура в зоне B. Нарушение теплообмена.,0
High,2026-05-13,11:45:38.697,2026-05-13T11:45:38.697,Vib_Sensor_04_Err,Compressor Station A,Critical threshold broken for Vib_Sensor_04_Err,Вибрация превысила критический порог. Возможный износ подшипника или дисбаланс ротора.,1
High,2026-05-13,11:45:48.800,2026-05-13T11:45:48.800,Pump_Cavitation,Pump Station B,Critical threshold broken for Pump_Cavitation,Кавитация насоса. Снизить производительность или повысить давление на входе.,1
High,2026-05-13,11:46:20.310,2026-05-13T11:46:20.310,Vib_Sensor_04_Err,Compressor Station A,Critical threshold broken for Vib_Sensor_04_Err,Вибрация превысила критический порог. Возможный износ подшипника или дисбаланс ротора.,1
Medium,2026-05-13,11:46:52.165,2026-05-13T11:46:52.165,Shaft_Displacement,Compressor Station A,Critical threshold broken for Shaft_Displacement,Осевое смещение вала за пределами допуска. Проверить муфту и опоры.,0
High,2026-05-13,11:46:57.398,2026-05-13T11:46:57.398,Vib_Sensor_04_Err,Compressor Station A,Critical threshold broken for Vib_Sensor_04_Err,Вибрация превысила критический порог. Возможный износ подшипника или дисбаланс ротора.,1
High,2026-05-13,11:47:05.455,2026-05-13T11:47:05.455,Pump_Cavitation,Pump Station B,Critical threshold broken for Pump_Cavitation,Кавитация насоса. Снизить производительность или повысить давление на входе.,1
High,2026-05-13,11:47:22.627,2026-05-13T11:47:22.627,Pump_Cavitation,Pump Station B,Critical threshold broken for Pump_Cavitation,Кавитация насоса. Снизить производительность или повысить давление на входе.,1
Medium,2026-05-13,11:47:23.000,2026-05-13T11:47:23.000,Shaft_Displacement,Compressor Station A,Critical threshold broken for Shaft_Displacement,Осевое смещение вала за пределами допуска. Проверить муфту и опоры.,0
Medium,2026-05-13,11:47:27.220,2026-05-13T11:47:27.220,Lube_Oil_Press_Low,Compressor Station A,Critical threshold broken for Lube_Oil_Press_Low,Давление смазочного масла ниже нормы. Проверить масляный насос и фильтры.,0
High,2026-05-13,11:47:27.615,2026-05-13T11:47:27.615,Vib_Sensor_04_Err,Compressor Station A,Critical threshold broken for Vib_Sensor_04_Err,Вибрация превысила критический порог. Возможный износ подшипника или дисбаланс ротора.,1
High,2026-05-13,11:47:34.441,2026-05-13T11:47:34.441,HX_FoulingAlarm,Heat Exchanger C,Critical threshold broken for HX_FoulingAlarm,Загрязнение теплообменника. Снижение КПД — требуется промывка.,1
Medium,2026-05-13,11:48:01.202,2026-05-13T11:48:01.202,Lube_Oil_Press_Low,Compressor Station A,Critical threshold broken for Lube_Oil_Press_Low,Давление смазочного масла ниже нормы. Проверить масляный насос и фильтры.,0
High,2026-05-13,11:48:02.481,2026-05-13T11:48:02.481,Vib_Sensor_04_Err,Compressor Station A,Critical threshold broken for Vib_Sensor_04_Err,Вибрация превысила критический порог. Возможный износ подшипника или дисбаланс ротора.,1
Medium,2026-05-13,11:48:06.745,2026-05-13T11:48:06.745,Lube_Oil_Press_Low,Compressor Station A,Critical threshold broken for Lube_Oil_Press_Low,Давление смазочного масла ниже нормы. Проверить масляный насос и фильтры.,0
High,2026-05-13,11:48:30.930,2026-05-13T11:48:30.930,Vib_Sensor_04_Err,Compressor Station A,Critical threshold broken for Vib_Sensor_04_Err,Вибрация превысила критический порог. Возможный износ подшипника или дисбаланс ротора.,1
Medium,2026-05-13,11:48:33.121,2026-05-13T11:48:33.121,Lube_Oil_Press_Low,Compressor Station A,Critical threshold broken for Lube_Oil_Press_Low,Давление смазочного масла ниже нормы. Проверить масляный насос и фильтры.,0
High,2026-05-13,11:49:01.252,2026-05-13T11:49:01.252,Vib_Sensor_04_Err,Compressor Station A,Critical threshold broken for Vib_Sensor_04_Err,Вибрация превысила критический порог. Возможный износ подшипника или дисбаланс ротора.,1
High,2026-05-13,11:49:05.317,2026-05-13T11:49:05.317,Steam_Press_High,Boiler Unit,Critical threshold broken for Steam_Press_High,Давление пара превышает норму. Проверить регулятор давления и предохранительный клапан.,1
High,2026-05-13,11:49:12.061,2026-05-13T11:49:12.061,Pump_Cavitation,Pump Station B,Critical threshold broken for Pump_Cavitation,Кавитация насоса. Снизить производительность или повысить давление на входе.,1
Low,2026-05-13,11:49:42.904,2026-05-13T11:49:42.904,Flow_Restrict,Heat Exchanger C,Critical threshold broken for Flow_Restrict,Ограничение потока. Частичное перекрытие прохода.,0
Medium,2026-05-13,11:50:14.537,2026-05-13T11:50:14.537,Temp_Delta_High,Heat Exchanger C,Critical threshold broken for Temp_Delta_High,Высокая разница температур. Нарушение режима теплопередачи.,0
Medium,2026-05-13,11:50:33.319,2026-05-13T11:50:33.319,Lube_Oil_Press_Low,Compressor Station A,Critical threshold broken for Lube_Oil_Press_Low,Давление смазочного масла ниже нормы. Проверить масляный насос и фильтры.,0
High,2026-05-13,11:50:39.839,2026-05-13T11:50:39.839,Steam_Press_High,Boiler Unit,Critical threshold broken for Steam_Press_High,Давление пара превышает норму. Проверить регулятор давления и предохранительный клапан.,1
Low,2026-05-13,11:50:40.582,2026-05-13T11:50:40.582,Flow_Restrict,Heat Exchanger C,Critical threshold broken for Flow_Restrict,Ограничение потока. Частичное перекрытие прохода.,0
Medium,2026-05-13,11:50:52.392,2026-05-13T11:50:52.392,Lube_Oil_Press_Low,Compressor Station A,Critical threshold broken for Lube_Oil_Press_Low,Давление смазочного масла ниже нормы. Проверить масляный насос и фильтры.,0
High,2026-05-13,11:50:56.269,2026-05-13T11:50:56.269,Pump_Cavitation,Pump Station B,Critical threshold broken for Pump_Cavitation,Кавитация насоса. Снизить производительность или повысить давление на входе.,1
Medium,2026-05-13,11:50:58.053,2026-05-13T11:50:58.053,Temp_Delta_High,Heat Exchanger C,Critical threshold broken for Temp_Delta_High,Высокая разница температур. Нарушение режима теплопередачи.,0
High,2026-05-13,11:51:04.055,2026-05-13T11:51:04.055,Pump_Cavitation,Pump Station B,Critical threshold broken for Pump_Cavitation,Кавитация насоса. Снизить производительность или повысить давление на входе.,1
High,2026-05-13,11:51:09.811,2026-05-13T11:51:09.811,Vib_Sensor_04_Err,Compressor Station A,Critical threshold broken for Vib_Sensor_04_Err,Вибрация превысила критический порог. Возможный износ подшипника или дисбаланс ротора.,1
High,2026-05-13,11:51:29.291,2026-05-13T11:51:29.291,Vib_Sensor_04_Err,Compressor Station A,Critical threshold broken for Vib_Sensor_04_Err,Вибрация превысила критический порог. Возможный износ подшипника или дисбаланс ротора.,1
High,2026-05-13,11:51:36.507,2026-05-13T11:51:36.507,Vib_Sensor_04_Err,Compressor Station A,Critical threshold broken for Vib_Sensor_04_Err,Вибрация превысила критический порог. Возможный износ подшипника или дисбаланс ротора.,1
High,2026-05-13,11:51:51.602,2026-05-13T11:51:51.602,Vib_Sensor_04_Err,Compressor Station A,Critical threshold broken for Vib_Sensor_04_Err,Вибрация превысила критический порог. Возможный износ подшипника или дисбаланс ротора.,1
Medium,2026-05-13,11:52:02.381,2026-05-13T11:52:02.381,Bearing_Temp_High,Compressor Station A,Critical threshold broken for Bearing_Temp_High,Перегрев подшипника. Недостаточная смазка или повреждение обоймы.,0
Medium,2026-05-13,11:52:15.283,2026-05-13T11:52:15.283,Pressure_Drop,Pump Station B,Critical threshold broken for Pressure_Drop,Падение давления. Возможна утечка или засорение фильтра.,0
Medium,2026-05-13,11:52:16.202,2026-05-13T11:52:16.202,Shaft_Displacement,Compressor Station A,Critical threshold broken for Shaft_Displacement,Осевое смещение вала за пределами допуска. Проверить муфту и опоры.,0
High,2026-05-13,11:52:35.102,2026-05-13T11:52:35.102,Vib_Sensor_04_Err,Compressor Station A,Critical threshold broken for Vib_Sensor_04_Err,Вибрация превысила критический порог. Возможный износ подшипника или дисбаланс ротора.,1
Medium,2026-05-13,11:52:42.478,2026-05-13T11:52:42.478,Bearing_Temp_High,Compressor Station A,Critical threshold broken for Bearing_Temp_High,Перегрев подшипника. Недостаточная смазка или повреждение обоймы.,0
High,2026-05-13,11:52:43.717,2026-05-13T11:52:43.717,Steam_Press_High,Boiler Unit,Critical threshold broken for Steam_Press_High,Давление пара превышает норму. Проверить регулятор давления и предохранительный клапан.,1
Medium,2026-05-13,11:52:44.637,2026-05-13T11:52:44.637,Lube_Oil_Press_Low,Compressor Station A,Critical threshold broken for Lube_Oil_Press_Low,Давление смазочного масла ниже нормы. Проверить масляный насос и фильтры.,0
High,2026-05-13,11:52:57.588,2026-05-13T11:52:57.588,Steam_Press_High,Boiler Unit,Critical threshold broken for Steam_Press_High,Давление пара превышает норму. Проверить регулятор давления и предохранительный клапан.,1
High,2026-05-13,11:53:05.211,2026-05-13T11:53:05.211,Vib_Sensor_04_Err,Compressor Station A,Critical threshold broken for Vib_Sensor_04_Err,Вибрация превысила критический порог. Возможный износ подшипника или дисбаланс ротора.,1
High,2026-05-13,11:53:06.332,2026-05-13T11:53:06.332,Vib_Sensor_04_Err,Compressor Station A,Critical threshold broken for Vib_Sensor_04_Err,Вибрация превысила критический порог. Возможный износ подшипника или дисбаланс ротора.,1
Medium,2026-05-13,11:53:20.341,2026-05-13T11:53:20.341,Shaft_Displacement,Compressor Station A,Critical threshold broken for Shaft_Displacement,Осевое смещение вала за пределами допуска. Проверить муфту и опоры.,0
Medium,2026-05-13,11:53:32.463,2026-05-13T11:53:32.463,Lube_Oil_Press_Low,Compressor Station A,Critical threshold broken for Lube_Oil_Press_Low,Давление смазочного масла ниже нормы. Проверить масляный насос и фильтры.,0
Medium,2026-05-13,11:53:39.061,2026-05-13T11:53:39.061,Lube_Oil_Press_Low,Compressor Station A,Critical threshold broken for Lube_Oil_Press_Low,Давление смазочного масла ниже нормы. Проверить масляный насос и фильтры.,0
High,2026-05-13,11:53:39.474,2026-05-13T11:53:39.474,HX_FoulingAlarm,Heat Exchanger C,Critical threshold broken for HX_FoulingAlarm,Загрязнение теплообменника. Снижение КПД — требуется промывка.,1
Medium,2026-05-13,11:53:46.497,2026-05-13T11:53:46.497,Bearing_Temp_High,Compressor Station A,Critical threshold broken for Bearing_Temp_High,Перегрев подшипника. Недостаточная смазка или повреждение обоймы.,0
Medium,2026-05-13,11:54:05.209,2026-05-13T11:54:05.209,Lube_Oil_Press_Low,Compressor Station A,Critical threshold broken for Lube_Oil_Press_Low,Давление смазочного масла ниже нормы. Проверить масляный насос и фильтры.,0
Medium,2026-05-13,11:54:06.611,2026-05-13T11:54:06.611,Pressure_Drop,Pump Station B,Critical threshold broken for Pressure_Drop,Падение давления. Возможна утечка или засорение фильтра.,0
Medium,2026-05-13,11:54:17.348,2026-05-13T11:54:17.348,Bearing_Temp_High,Compressor Station A,Critical threshold broken for Bearing_Temp_High,Перегрев подшипника. Недостаточная смазка или повреждение обоймы.,0
Medium,2026-05-13,11:54:39.358,2026-05-13T11:54:39.358,Temp_Delta_High,Heat Exchanger C,Critical threshold broken for Temp_Delta_High,Высокая разница температур. Нарушение режима теплопередачи.,0
Medium,2026-05-13,11:54:48.980,2026-05-13T11:54:48.980,Bearing_Temp_High,Compressor Station A,Critical threshold broken for Bearing_Temp_High,Перегрев подшипника. Недостаточная смазка или повреждение обоймы.,0
High,2026-05-13,11:54:55.944,2026-05-13T11:54:55.944,HX_FoulingAlarm,Heat Exchanger C,Critical threshold broken for HX_FoulingAlarm,Загрязнение теплообменника. Снижение КПД — требуется промывка.,1
Medium,2026-05-13,11:55:19.325,2026-05-13T11:55:19.325,Shaft_Displacement,Compressor Station A,Critical threshold broken for Shaft_Displacement,Осевое смещение вала за пределами допуска. Проверить муфту и опоры.,0
High,2026-05-13,11:55:25.598,2026-05-13T11:55:25.598,Steam_Press_High,Boiler Unit,Critical threshold broken for Steam_Press_High,Давление пара превышает норму. Проверить регулятор давления и предохранительный клапан.,1
Medium,2026-05-13,11:55:38.191,2026-05-13T11:55:38.191,Valve_Stuck_Close,Boiler Unit,Critical threshold broken for Valve_Stuck_Close,Клапан не открывается. Механическая блокировка или отказ привода.,0
High,2026-05-13,11:55:41.842,2026-05-13T11:55:41.842,Steam_Press_High,Boiler Unit,Critical threshold broken for Steam_Press_High,Давление пара превышает норму. Проверить регулятор давления и предохранительный клапан.,1
High,2026-05-13,11:55:43.687,2026-05-13T11:55:43.687,Vib_Sensor_04_Err,Compressor Station A,Critical threshold broken for Vib_Sensor_04_Err,Вибрация превысила критический порог. Возможный износ подшипника или дисбаланс ротора.,1
Medium,2026-05-13,11:55:48.215,2026-05-13T11:55:48.215,Bearing_Temp_High,Compressor Station A,Critical threshold broken for Bearing_Temp_High,Перегрев подшипника. Недостаточная смазка или повреждение обоймы.,0
High,2026-05-13,11:56:04.631,2026-05-13T11:56:04.631,Pump_Cavitation,Pump Station B,Critical threshold broken for Pump_Cavitation,Кавитация насоса. Снизить производительность или повысить давление на входе.,1
High,2026-05-13,11:56:09.274,2026-05-13T11:56:09.274,Vib_Sensor_04_Err,Compressor Station A,Critical threshold broken for Vib_Sensor_04_Err,Вибрация превысила критический порог. Возможный износ подшипника или дисбаланс ротора.,1
High,2026-05-13,11:56:23.175,2026-05-13T11:56:23.175,Vib_Sensor_04_Err,Compressor Station A,Critical threshold broken for Vib_Sensor_04_Err,Вибрация превысила критический порог. Возможный износ подшипника или дисбаланс ротора.,1
High,2026-05-13,11:56:54.460,2026-05-13T11:56:54.460,Vib_Sensor_04_Err,Compressor Station A,Critical threshold broken for Vib_Sensor_04_Err,Вибрация превысила критический порог. Возможный износ подшипника или дисбаланс ротора.,1
High,2026-05-13,11:57:09.217,2026-05-13T11:57:09.217,Vib_Sensor_04_Err,Compressor Station A,Critical threshold broken for Vib_Sensor_04_Err,Вибрация превысила критический порог. Возможный износ подшипника или дисбаланс ротора.,1
Low,2026-05-13,11:57:15.513,2026-05-13T11:57:15.513,Temp_Crit_B,Boiler Unit,Critical threshold broken for Temp_Crit_B,Критическая температура в зоне B. Нарушение теплообмена.,0
Medium,2026-05-13,11:57:17.979,2026-05-13T11:57:17.979,Bearing_Temp_High,Compressor Station A,Critical threshold broken for Bearing_Temp_High,Перегрев подшипника. Недостаточная смазка или повреждение обоймы.,0
Medium,2026-05-13,11:57:26.797,2026-05-13T11:57:26.797,Temp_Delta_High,Heat Exchanger C,Critical threshold broken for Temp_Delta_High,Высокая разница температур. Нарушение режима теплопередачи.,0
Medium,2026-05-13,11:57:28.293,2026-05-13T11:57:28.293,Shaft_Displacement,Compressor Station A,Critical threshold broken for Shaft_Displacement,Осевое смещение вала за пределами допуска. Проверить муфту и опоры.,0
Medium,2026-05-13,11:57:29.449,2026-05-13T11:57:29.449,Lube_Oil_Press_Low,Compressor Station A,Critical threshold broken for Lube_Oil_Press_Low,Давление смазочного масла ниже нормы. Проверить масляный насос и фильтры.,0
Medium,2026-05-13,11:57:33.787,2026-05-13T11:57:33.787,Bearing_Temp_High,Compressor Station A,Critical threshold broken for Bearing_Temp_High,Перегрев подшипника. Недостаточная смазка или повреждение обоймы.,0
Low,2026-05-13,11:57:33.960,2026-05-13T11:57:33.960,Valve_Slow,Compressor Station A,Critical threshold broken for Valve_Slow,Запаздывание клапана. Загрязнение привода или износ уплотнений.,0
Medium,2026-05-13,11:58:12.648,2026-05-13T11:58:12.648,Pressure_Drop,Pump Station B,Critical threshold broken for Pressure_Drop,Падение давления. Возможна утечка или засорение фильтра.,0
High,2026-05-13,11:58:14.639,2026-05-13T11:58:14.639,Vib_Sensor_04_Err,Compressor Station A,Critical threshold broken for Vib_Sensor_04_Err,Вибрация превысила критический порог. Возможный износ подшипника или дисбаланс ротора.,1
High,2026-05-13,11:58:25.839,2026-05-13T11:58:25.839,Pump_Cavitation,Pump Station B,Critical threshold broken for Pump_Cavitation,Кавитация насоса. Снизить производительность или повысить давление на входе.,1
Medium,2026-05-13,11:58:26.016,2026-05-13T11:58:26.016,Lube_Oil_Press_Low,Compressor Station A,Critical threshold broken for Lube_Oil_Press_Low,Давление смазочного масла ниже нормы. Проверить масляный насос и фильтры.,0
Medium,2026-05-13,11:58:34.682,2026-05-13T11:58:34.682,Bearing_Temp_High,Compressor Station A,Critical threshold broken for Bearing_Temp_High,Перегрев подшипника. Недостаточная смазка или повреждение обоймы.,0
High,2026-05-13,11:58:42.090,2026-05-13T11:58:42.090,Vib_Sensor_04_Err,Compressor Station A,Critical threshold broken for Vib_Sensor_04_Err,Вибрация превысила критический порог. Возможный износ подшипника или дисбаланс ротора.,1
Medium,2026-05-13,11:59:12.601,2026-05-13T11:59:12.601,Lube_Oil_Press_Low,Compressor Station A,Critical threshold broken for Lube_Oil_Press_Low,Давление смазочного масла ниже нормы. Проверить масляный насос и фильтры.,0
High,2026-05-13,11:59:44.282,2026-05-13T11:59:44.282,Steam_Press_High,Boiler Unit,Critical threshold broken for Steam_Press_High,Давление пара превышает норму. Проверить регулятор давления и предохранительный клапан.,1
High,2026-05-13,11:59:49.639,2026-05-13T11:59:49.639,Steam_Press_High,Boiler Unit,Critical threshold broken for Steam_Press_High,Давление пара превышает норму. Проверить регулятор давления и предохранительный клапан.,1
Low,2026-05-13,11:59:54.833,2026-05-13T11:59:54.833,Temp_Crit_B,Boiler Unit,Critical threshold broken for Temp_Crit_B,Критическая температура в зоне B. Нарушение теплообмена.,0
Low,2026-05-13,11:59:57.555,2026-05-13T11:59:57.555,Temp_Crit_B,Boiler Unit,Critical threshold broken for Temp_Crit_B,Критическая температура в зоне B. Нарушение теплообмена.,0
High,2026-05-13,12:00:04.821,2026-05-13T12:00:04.821,Pump_Cavitation,Pump Station B,Critical threshold broken for Pump_Cavitation,Кавитация насоса. Снизить производительность или повысить давление на входе.,1
Medium,2026-05-13,12:00:05.204,2026-05-13T12:00:05.204,Bearing_Temp_High,Compressor Station A,Critical threshold broken for Bearing_Temp_High,Перегрев подшипника. Недостаточная смазка или повреждение обоймы.,0
Low,2026-05-13,12:00:34.138,2026-05-13T12:00:34.138,Valve_Slow,Compressor Station A,Critical threshold broken for Valve_Slow,Запаздывание клапана. Загрязнение привода или износ уплотнений.,0
Medium,2026-05-13,12:00:37.379,2026-05-13T12:00:37.379,Lube_Oil_Press_Low,Compressor Station A,Critical threshold broken for Lube_Oil_Press_Low,Давление смазочного масла ниже нормы. Проверить масляный насос и фильтры.,0
High,2026-05-13,12:00:39.590,2026-05-13T12:00:39.590,Vib_Sensor_04_Err,Compressor Station A,Critical threshold broken for Vib_Sensor_04_Err,Вибрация превысила критический порог. Возможный износ подшипника или дисбаланс ротора.,1
High,2026-05-13,12:00:47.844,2026-05-13T12:00:47.844,Steam_Press_High,Boiler Unit,Critical threshold broken for Steam_Press_High,Давление пара превышает норму. Проверить регулятор давления и предохранительный клапан.,1
High,2026-05-13,12:00:48.831,2026-05-13T12:00:48.831,Vib_Sensor_04_Err,Compressor Station A,Critical threshold broken for Vib_Sensor_04_Err,Вибрация превысила критический порог. Возможный износ подшипника или дисбаланс ротора.,1
Medium,2026-05-13,12:00:52.853,2026-05-13T12:00:52.853,Bearing_Temp_High,Compressor Station A,Critical threshold broken for Bearing_Temp_High,Перегрев подшипника. Недостаточная смазка или повреждение обоймы.,0
Medium,2026-05-13,12:01:05.583,2026-05-13T12:01:05.583,Lube_Oil_Press_Low,Compressor Station A,Critical threshold broken for Lube_Oil_Press_Low,Давление смазочного масла ниже нормы. Проверить масляный насос и фильтры.,0
High,2026-05-13,12:01:07.137,2026-05-13T12:01:07.137,Pump_Cavitation,Pump Station B,Critical threshold broken for Pump_Cavitation,Кавитация насоса. Снизить производительность или повысить давление на входе.,1
Medium,2026-05-13,12:01:11.556,2026-05-13T12:01:11.556,Flow_Low,Pump Station B,Critical threshold broken for Flow_Low,Низкий расход. Проверить задвижки и состояние рабочего колеса.,0
Medium,2026-05-13,12:01:13.162,2026-05-13T12:01:13.162,Bearing_Temp_High,Compressor Station A,Critical threshold broken for Bearing_Temp_High,Перегрев подшипника. Недостаточная смазка или повреждение обоймы.,0
Low,2026-05-13,12:01:48.775,2026-05-13T12:01:48.775,Valve_Slow,Compressor Station A,Critical threshold broken for Valve_Slow,Запаздывание клапана. Загрязнение привода или износ уплотнений.,0
High,2026-05-13,12:01:49.950,2026-05-13T12:01:49.950,Steam_Press_High,Boiler Unit,Critical threshold broken for Steam_Press_High,Давление пара превышает норму. Проверить регулятор давления и предохранительный клапан.,1
Medium,2026-05-13,12:01:50.449,2026-05-13T12:01:50.449,Pressure_Drop,Pump Station B,Critical threshold broken for Pressure_Drop,Падение давления. Возможна утечка или засорение фильтра.,0
Medium,2026-05-13,12:01:53.132,2026-05-13T12:01:53.132,Lube_Oil_Press_Low,Compressor Station A,Critical threshold broken for Lube_Oil_Press_Low,Давление смазочного масла ниже нормы. Проверить масляный насос и фильтры.,0
Medium,2026-05-13,12:01:56.113,2026-05-13T12:01:56.113,Bearing_Temp_High,Compressor Station A,Critical threshold broken for Bearing_Temp_High,Перегрев подшипника. Недостаточная смазка или повреждение обоймы.,0
High,2026-05-13,12:02:16.364,2026-05-13T12:02:16.364,Vib_Sensor_04_Err,Compressor Station A,Critical threshold broken for Vib_Sensor_04_Err,Вибрация превысила критический порог. Возможный износ подшипника или дисбаланс ротора.,1
High,2026-05-13,12:02:26.999,2026-05-13T12:02:26.999,Steam_Press_High,Boiler Unit,Critical threshold broken for Steam_Press_High,Давление пара превышает норму. Проверить регулятор давления и предохранительный клапан.,1
Medium,2026-05-13,12:02:40.064,2026-05-13T12:02:40.064,Shaft_Displacement,Compressor Station A,Critical threshold broken for Shaft_Displacement,Осевое смещение вала за пределами допуска. Проверить муфту и опоры.,0
High,2026-05-13,12:02:42.861,2026-05-13T12:02:42.861,HX_FoulingAlarm,Heat Exchanger C,Critical threshold broken for HX_FoulingAlarm,Загрязнение теплообменника. Снижение КПД — требуется промывка.,1
Low,2026-05-13,12:02:48.587,2026-05-13T12:02:48.587,Flow_Variance,Boiler Unit,Critical threshold broken for Flow_Variance,Нестабильный расход. Частичное засорение трубопровода.,0
Medium,2026-05-13,12:03:14.997,2026-05-13T12:03:14.997,Flow_Low,Pump Station B,Critical threshold broken for Flow_Low,Низкий расход. Проверить задвижки и состояние рабочего колеса.,0
Medium,2026-05-13,12:03:16.252,2026-05-13T12:03:16.252,Shaft_Displacement,Compressor Station A,Critical threshold broken for Shaft_Displacement,Осевое смещение вала за пределами допуска. Проверить муфту и опоры.,0
Medium,2026-05-13,12:03:22.323,2026-05-13T12:03:22.323,Bearing_Temp_High,Compressor Station A,Critical threshold broken for Bearing_Temp_High,Перегрев подшипника. Недостаточная смазка или повреждение обоймы.,0
High,2026-05-13,12:03:40.511,2026-05-13T12:03:40.511,Vib_Sensor_04_Err,Compressor Station A,Critical threshold broken for Vib_Sensor_04_Err,Вибрация превысила критический порог. Возможный износ подшипника или дисбаланс ротора.,1
Medium,2026-05-13,12:03:58.199,2026-05-13T12:03:58.199,Pressure_Drop,Pump Station B,Critical threshold broken for Pressure_Drop,Падение давления. Возможна утечка или засорение фильтра.,0
Medium,2026-05-13,12:05:02.830,2026-05-13T12:05:02.830,Bearing_Temp_High,Compressor Station A,Critical threshold broken for Bearing_Temp_High,Перегрев подшипника. Недостаточная смазка или повреждение обоймы.,0
Medium,2026-05-13,12:05:05.687,2026-05-13T12:05:05.687,Shaft_Displacement,Compressor Station A,Critical threshold broken for Shaft_Displacement,Осевое смещение вала за пределами допуска. Проверить муфту и опоры.,0
High,2026-05-13,12:05:28.111,2026-05-13T12:05:28.111,HX_FoulingAlarm,Heat Exchanger C,Critical threshold broken for HX_FoulingAlarm,Загрязнение теплообменника. Снижение КПД — требуется промывка.,1
Medium,2026-05-13,12:05:31.477,2026-05-13T12:05:31.477,Bearing_Temp_High,Compressor Station A,Critical threshold broken for Bearing_Temp_High,Перегрев подшипника. Недостаточная смазка или повреждение обоймы.,0
Medium,2026-05-13,12:05:33.804,2026-05-13T12:05:33.804,Bearing_Temp_High,Compressor Station A,Critical threshold broken for Bearing_Temp_High,Перегрев подшипника. Недостаточная смазка или повреждение обоймы.,0
Medium,2026-05-13,12:05:34.247,2026-05-13T12:05:34.247,Bearing_Temp_High,Compressor Station A,Critical threshold broken for Bearing_Temp_High,Перегрев подшипника. Недостаточная смазка или повреждение обоймы.,0
Low,2026-05-13,12:05:41.674,2026-05-13T12:05:41.674,Flow_Variance,Boiler Unit,Critical threshold broken for Flow_Variance,Нестабильный расход. Частичное засорение трубопровода.,0
High,2026-05-13,12:05:49.461,2026-05-13T12:05:49.461,Vib_Sensor_04_Err,Compressor Station A,Critical threshold broken for Vib_Sensor_04_Err,Вибрация превысила критический порог. Возможный износ подшипника или дисбаланс ротора.,1
High,2026-05-13,12:06:03.355,2026-05-13T12:06:03.355,Vib_Sensor_04_Err,Compressor Station A,Critical threshold broken for Vib_Sensor_04_Err,Вибрация превысила критический порог. Возможный износ подшипника или дисбаланс ротора.,1
High,2026-05-13,12:06:14.151,2026-05-13T12:06:14.151,Vib_Sensor_04_Err,Compressor Station A,Critical threshold broken for Vib_Sensor_04_Err,Вибрация превысила критический порог. Возможный износ подшипника или дисбаланс ротора.,1
Medium,2026-05-13,12:06:14.611,2026-05-13T12:06:14.611,Lube_Oil_Press_Low,Compressor Station A,Critical threshold broken for Lube_Oil_Press_Low,Давление смазочного масла ниже нормы. Проверить масляный насос и фильтры.,0
High,2026-05-13,12:06:20.090,2026-05-13T12:06:20.090,Steam_Press_High,Boiler Unit,Critical threshold broken for Steam_Press_High,Давление пара превышает норму. Проверить регулятор давления и предохранительный клапан.,1
Medium,2026-05-13,12:06:36.006,2026-05-13T12:06:36.006,Lube_Oil_Press_Low,Compressor Station A,Critical threshold broken for Lube_Oil_Press_Low,Давление смазочного масла ниже нормы. Проверить масляный насос и фильтры.,0
High,2026-05-13,12:06:38.797,2026-05-13T12:06:38.797,Vib_Sensor_04_Err,Compressor Station A,Critical threshold broken for Vib_Sensor_04_Err,Вибрация превысила критический порог. Возможный износ подшипника или дисбаланс ротора.,1
High,2026-05-13,12:07:20.892,2026-05-13T12:07:20.892,Vib_Sensor_04_Err,Compressor Station A,Critical threshold broken for Vib_Sensor_04_Err,Вибрация превысила критический порог. Возможный износ подшипника или дисбаланс ротора.,1
High,2026-05-13,12:07:37.792,2026-05-13T12:07:37.792,Steam_Press_High,Boiler Unit,Critical threshold broken for Steam_Press_High,Давление пара превышает норму. Проверить регулятор давления и предохранительный клапан.,1
High,2026-05-13,12:07:38.667,2026-05-13T12:07:38.667,Vib_Sensor_04_Err,Compressor Station A,Critical threshold broken for Vib_Sensor_04_Err,Вибрация превысила критический порог. Возможный износ подшипника или дисбаланс ротора.,1
Medium,2026-05-13,12:07:47.913,2026-05-13T12:07:47.913,Bearing_Temp_High,Compressor Station A,Critical threshold broken for Bearing_Temp_High,Перегрев подшипника. Недостаточная смазка или повреждение обоймы.,0
Medium,2026-05-13,12:07:59.835,2026-05-13T12:07:59.835,Lube_Oil_Press_Low,Compressor Station A,Critical threshold broken for Lube_Oil_Press_Low,Давление смазочного масла ниже нормы. Проверить масляный насос и фильтры.,0
Low,2026-05-13,12:08:01.690,2026-05-13T12:08:01.690,Flow_Restrict,Heat Exchanger C,Critical threshold broken for Flow_Restrict,Ограничение потока. Частичное перекрытие прохода.,0
High,2026-05-13,12:08:27.128,2026-05-13T12:08:27.128,Vib_Sensor_04_Err,Compressor Station A,Critical threshold broken for Vib_Sensor_04_Err,Вибрация превысила критический порог. Возможный износ подшипника или дисбаланс ротора.,1
Medium,2026-05-13,12:08:33.364,2026-05-13T12:08:33.364,Bearing_Temp_High,Compressor Station A,Critical threshold broken for Bearing_Temp_High,Перегрев подшипника. Недостаточная смазка или повреждение обоймы.,0
Medium,2026-05-13,12:08:50.252,2026-05-13T12:08:50.252,Bearing_Temp_High,Compressor Station A,Critical threshold broken for Bearing_Temp_High,Перегрев подшипника. Недостаточная смазка или повреждение обоймы.,0
Low,2026-05-13,12:09:09.643,2026-05-13T12:09:09.643,Temp_Crit_B,Boiler Unit,Critical threshold broken for Temp_Crit_B,Критическая температура в зоне B. Нарушение теплообмена.,0
Medium,2026-05-13,12:09:16.357,2026-05-13T12:09:16.357,Pressure_Drop,Pump Station B,Critical threshold broken for Pressure_Drop,Падение давления. Возможна утечка или засорение фильтра.,0
High,2026-05-13,12:09:49.024,2026-05-13T12:09:49.024,Steam_Press_High,Boiler Unit,Critical threshold broken for Steam_Press_High,Давление пара превышает норму. Проверить регулятор давления и предохранительный клапан.,1
High,2026-05-13,12:09:51.853,2026-05-13T12:09:51.853,HX_FoulingAlarm,Heat Exchanger C,Critical threshold broken for HX_FoulingAlarm,Загрязнение теплообменника. Снижение КПД — требуется промывка.,1
High,2026-05-13,12:09:58.956,2026-05-13T12:09:58.956,Vib_Sensor_04_Err,Compressor Station A,Critical threshold broken for Vib_Sensor_04_Err,Вибрация превысила критический порог. Возможный износ подшипника или дисбаланс ротора.,1
Medium,2026-05-13,12:10:21.863,2026-05-13T12:10:21.863,Bearing_Temp_High,Compressor Station A,Critical threshold broken for Bearing_Temp_High,Перегрев подшипника. Недостаточная смазка или повреждение обоймы.,0
High,2026-05-13,12:10:59.114,2026-05-13T12:10:59.114,Vib_Sensor_04_Err,Compressor Station A,Critical threshold broken for Vib_Sensor_04_Err,Вибрация превысила критический порог. Возможный износ подшипника или дисбаланс ротора.,1
Low,2026-05-13,12:11:32.592,2026-05-13T12:11:32.592,Temp_Crit_B,Boiler Unit,Critical threshold broken for Temp_Crit_B,Критическая температура в зоне B. Нарушение теплообмена.,0
High,2026-05-13,12:11:50.290,2026-05-13T12:11:50.290,Vib_Sensor_04_Err,Compressor Station A,Critical threshold broken for Vib_Sensor_04_Err,Вибрация превысила критический порог. Возможный износ подшипника или дисбаланс ротора.,1
High,2026-05-13,12:12:17.830,2026-05-13T12:12:17.830,Vib_Sensor_04_Err,Compressor Station A,Critical threshold broken for Vib_Sensor_04_Err,Вибрация превысила критический порог. Возможный износ подшипника или дисбаланс ротора.,1
High,2026-05-13,12:12:36.179,2026-05-13T12:12:36.179,Steam_Press_High,Boiler Unit,Critical threshold broken for Steam_Press_High,Давление пара превышает норму. Проверить регулятор давления и предохранительный клапан.,1
Medium,2026-05-13,12:12:40.090,2026-05-13T12:12:40.090,Lube_Oil_Press_Low,Compressor Station A,Critical threshold broken for Lube_Oil_Press_Low,Давление смазочного масла ниже нормы. Проверить масляный насос и фильтры.,0
Low,2026-05-13,12:13:19.265,2026-05-13T12:13:19.265,Valve_Slow,Compressor Station A,Critical threshold broken for Valve_Slow,Запаздывание клапана. Загрязнение привода или износ уплотнений.,0
High,2026-05-13,12:13:21.364,2026-05-13T12:13:21.364,Steam_Press_High,Boiler Unit,Critical threshold broken for Steam_Press_High,Давление пара превышает норму. Проверить регулятор давления и предохранительный клапан.,1
Low,2026-05-13,12:13:25.901,2026-05-13T12:13:25.901,Valve_Slow,Compressor Station A,Critical threshold broken for Valve_Slow,Запаздывание клапана. Загрязнение привода или износ уплотнений.,0
Medium,2026-05-13,12:13:31.959,2026-05-13T12:13:31.959,Pressure_Drop,Pump Station B,Critical threshold broken for Pressure_Drop,Падение давления. Возможна утечка или засорение фильтра.,0
Medium,2026-05-13,12:14:32.583,2026-05-13T12:14:32.583,Lube_Oil_Press_Low,Compressor Station A,Critical threshold broken for Lube_Oil_Press_Low,Давление смазочного масла ниже нормы. Проверить масляный насос и фильтры.,0
High,2026-05-13,12:14:36.370,2026-05-13T12:14:36.370,Vib_Sensor_04_Err,Compressor Station A,Critical threshold broken for Vib_Sensor_04_Err,Вибрация превысила критический порог. Возможный износ подшипника или дисбаланс ротора.,1
Medium,2026-05-13,12:14:39.389,2026-05-13T12:14:39.389,Lube_Oil_Press_Low,Compressor Station A,Critical threshold broken for Lube_Oil_Press_Low,Давление смазочного масла ниже нормы. Проверить масляный насос и фильтры.,0
High,2026-05-13,12:14:48.522,2026-05-13T12:14:48.522,Vib_Sensor_04_Err,Compressor Station A,Critical threshold broken for Vib_Sensor_04_Err,Вибрация превысила критический порог. Возможный износ подшипника или дисбаланс ротора.,1
Low,2026-05-13,12:14:55.270,2026-05-13T12:14:55.270,Temp_Crit_B,Boiler Unit,Critical threshold broken for Temp_Crit_B,Критическая температура в зоне B. Нарушение теплообмена.,0
High,2026-05-13,12:15:11.969,2026-05-13T12:15:11.969,Vib_Sensor_04_Err,Compressor Station A,Critical threshold broken for Vib_Sensor_04_Err,Вибрация превысила критический порог. Возможный износ подшипника или дисбаланс ротора.,1
Medium,2026-05-13,12:15:20.887,2026-05-13T12:15:20.887,Bearing_Temp_High,Compressor Station A,Critical threshold broken for Bearing_Temp_High,Перегрев подшипника. Недостаточная смазка или повреждение обоймы.,0
High,2026-05-13,12:15:28.262,2026-05-13T12:15:28.262,HX_FoulingAlarm,Heat Exchanger C,Critical threshold broken for HX_FoulingAlarm,Загрязнение теплообменника. Снижение КПД — требуется промывка.,1
Low,2026-05-13,12:15:29.176,2026-05-13T12:15:29.176,Flow_Variance,Boiler Unit,Critical threshold broken for Flow_Variance,Нестабильный расход. Частичное засорение трубопровода.,0
Medium,2026-05-13,12:15:40.646,2026-05-13T12:15:40.646,Bearing_Temp_High,Compressor Station A,Critical threshold broken for Bearing_Temp_High,Перегрев подшипника. Недостаточная смазка или повреждение обоймы.,0
Medium,2026-05-13,12:15:43.408,2026-05-13T12:15:43.408,Shaft_Displacement,Compressor Station A,Critical threshold broken for Shaft_Displacement,Осевое смещение вала за пределами допуска. Проверить муфту и опоры.,0
High,2026-05-13,12:15:43.656,2026-05-13T12:15:43.656,Vib_Sensor_04_Err,Compressor Station A,Critical threshold broken for Vib_Sensor_04_Err,Вибрация превысила критический порог. Возможный износ подшипника или дисбаланс ротора.,1
High,2026-05-13,12:15:53.205,2026-05-13T12:15:53.205,Vib_Sensor_04_Err,Compressor Station A,Critical threshold broken for Vib_Sensor_04_Err,Вибрация превысила критический порог. Возможный износ подшипника или дисбаланс ротора.,1
Medium,2026-05-13,12:16:03.563,2026-05-13T12:16:03.563,Shaft_Displacement,Compressor Station A,Critical threshold broken for Shaft_Displacement,Осевое смещение вала за пределами допуска. Проверить муфту и опоры.,0
High,2026-05-13,12:16:06.091,2026-05-13T12:16:06.091,Pump_Cavitation,Pump Station B,Critical threshold broken for Pump_Cavitation,Кавитация насоса. Снизить производительность или повысить давление на входе.,1
High,2026-05-13,12:16:06.269,2026-05-13T12:16:06.269,Vib_Sensor_04_Err,Compressor Station A,Critical threshold broken for Vib_Sensor_04_Err,Вибрация превысила критический порог. Возможный износ подшипника или дисбаланс ротора.,1
Medium,2026-05-13,12:16:08.491,2026-05-13T12:16:08.491,Flow_Low,Pump Station B,Critical threshold broken for Flow_Low,Низкий расход. Проверить задвижки и состояние рабочего колеса.,0
Medium,2026-05-13,12:16:08.597,2026-05-13T12:16:08.597,Lube_Oil_Press_Low,Compressor Station A,Critical threshold broken for Lube_Oil_Press_Low,Давление смазочного масла ниже нормы. Проверить масляный насос и фильтры.,0
Low,2026-05-13,12:16:10.214,2026-05-13T12:16:10.214,Flow_Restrict,Heat Exchanger C,Critical threshold broken for Flow_Restrict,Ограничение потока. Частичное перекрытие прохода.,0
High,2026-05-13,12:16:14.213,2026-05-13T12:16:14.213,Vib_Sensor_04_Err,Compressor Station A,Critical threshold broken for Vib_Sensor_04_Err,Вибрация превысила критический порог. Возможный износ подшипника или дисбаланс ротора.,1
High,2026-05-13,12:16:28.025,2026-05-13T12:16:28.025,Steam_Press_High,Boiler Unit,Critical threshold broken for Steam_Press_High,Давление пара превышает норму. Проверить регулятор давления и предохранительный клапан.,1
Medium,2026-05-13,12:16:33.005,2026-05-13T12:16:33.005,Lube_Oil_Press_Low,Compressor Station A,Critical threshold broken for Lube_Oil_Press_Low,Давление смазочного масла ниже нормы. Проверить масляный насос и фильтры.,0
High,2026-05-13,12:16:37.242,2026-05-13T12:16:37.242,Vib_Sensor_04_Err,Compressor Station A,Critical threshold broken for Vib_Sensor_04_Err,Вибрация превысила критический порог. Возможный износ подшипника или дисбаланс ротора.,1
Medium,2026-05-13,12:17:15.454,2026-05-13T12:17:15.454,Lube_Oil_Press_Low,Compressor Station A,Critical threshold broken for Lube_Oil_Press_Low,Давление смазочного масла ниже нормы. Проверить масляный насос и фильтры.,0
Medium,2026-05-13,12:17:20.329,2026-05-13T12:17:20.329,Lube_Oil_Press_Low,Compressor Station A,Critical threshold broken for Lube_Oil_Press_Low,Давление смазочного масла ниже нормы. Проверить масляный насос и фильтры.,0
Medium,2026-05-13,12:17:33.941,2026-05-13T12:17:33.941,Flow_Low,Pump Station B,Critical threshold broken for Flow_Low,Низкий расход. Проверить задвижки и состояние рабочего колеса.,0
Medium,2026-05-13,12:17:54.088,2026-05-13T12:17:54.088,Lube_Oil_Press_Low,Compressor Station A,Critical threshold broken for Lube_Oil_Press_Low,Давление смазочного масла ниже нормы. Проверить масляный насос и фильтры.,0
High,2026-05-13,12:17:57.050,2026-05-13T12:17:57.050,HX_FoulingAlarm,Heat Exchanger C,Critical threshold broken for HX_FoulingAlarm,Загрязнение теплообменника. Снижение КПД — требуется промывка.,1
Medium,2026-05-13,12:18:00.526,2026-05-13T12:18:00.526,Lube_Oil_Press_Low,Compressor Station A,Critical threshold broken for Lube_Oil_Press_Low,Давление смазочного масла ниже нормы. Проверить масляный насос и фильтры.,0
Medium,2026-05-13,12:18:01.230,2026-05-13T12:18:01.230,Lube_Oil_Press_Low,Compressor Station A,Critical threshold broken for Lube_Oil_Press_Low,Давление смазочного масла ниже нормы. Проверить масляный насос и фильтры.,0
High,2026-05-13,12:18:03.849,2026-05-13T12:18:03.849,Steam_Press_High,Boiler Unit,Critical threshold broken for Steam_Press_High,Давление пара превышает норму. Проверить регулятор давления и предохранительный клапан.,1
Medium,2026-05-13,12:18:27.897,2026-05-13T12:18:27.897,Lube_Oil_Press_Low,Compressor Station A,Critical threshold broken for Lube_Oil_Press_Low,Давление смазочного масла ниже нормы. Проверить масляный насос и фильтры.,0
High,2026-05-13,12:18:29.786,2026-05-13T12:18:29.786,Vib_Sensor_04_Err,Compressor Station A,Critical threshold broken for Vib_Sensor_04_Err,Вибрация превысила критический порог. Возможный износ подшипника или дисбаланс ротора.,1
Medium,2026-05-13,12:18:51.855,2026-05-13T12:18:51.855,Bearing_Temp_High,Compressor Station A,Critical threshold broken for Bearing_Temp_High,Перегрев подшипника. Недостаточная смазка или повреждение обоймы.,0
Medium,2026-05-13,12:18:59.467,2026-05-13T12:18:59.467,Shaft_Displacement,Compressor Station A,Critical threshold broken for Shaft_Displacement,Осевое смещение вала за пределами допуска. Проверить муфту и опоры.,0
High,2026-05-13,12:19:26.653,2026-05-13T12:19:26.653,Pump_Cavitation,Pump Station B,Critical threshold broken for Pump_Cavitation,Кавитация насоса. Снизить производительность или повысить давление на входе.,1
Medium,2026-05-13,12:19:36.340,2026-05-13T12:19:36.340,Shaft_Displacement,Compressor Station A,Critical threshold broken for Shaft_Displacement,Осевое смещение вала за пределами допуска. Проверить муфту и опоры.,0
Medium,2026-05-13,12:19:59.678,2026-05-13T12:19:59.678,Lube_Oil_Press_Low,Compressor Station A,Critical threshold broken for Lube_Oil_Press_Low,Давление смазочного масла ниже нормы. Проверить масляный насос и фильтры.,0
Medium,2026-05-13,12:20:49.800,2026-05-13T12:20:49.800,Bearing_Temp_High,Compressor Station A,Critical threshold broken for Bearing_Temp_High,Перегрев подшипника. Недостаточная смазка или повреждение обоймы.,0
High,2026-05-13,12:20:56.328,2026-05-13T12:20:56.328,Pump_Cavitation,Pump Station B,Critical threshold broken for Pump_Cavitation,Кавитация насоса. Снизить производительность или повысить давление на входе.,1
High,2026-05-13,12:21:03.557,2026-05-13T12:21:03.557,Vib_Sensor_04_Err,Compressor Station A,Critical threshold broken for Vib_Sensor_04_Err,Вибрация превысила критический порог. Возможный износ подшипника или дисбаланс ротора.,1
High,2026-05-13,12:21:10.790,2026-05-13T12:21:10.790,Vib_Sensor_04_Err,Compressor Station A,Critical threshold broken for Vib_Sensor_04_Err,Вибрация превысила критический порог. Возможный износ подшипника или дисбаланс ротора.,1
Medium,2026-05-13,12:21:44.127,2026-05-13T12:21:44.127,Shaft_Displacement,Compressor Station A,Critical threshold broken for Shaft_Displacement,Осевое смещение вала за пределами допуска. Проверить муфту и опоры.,0
Medium,2026-05-13,12:21:52.467,2026-05-13T12:21:52.467,Flow_Low,Pump Station B,Critical threshold broken for Flow_Low,Низкий расход. Проверить задвижки и состояние рабочего колеса.,0
Medium,2026-05-13,12:21:54.229,2026-05-13T12:21:54.229,Temp_Delta_High,Heat Exchanger C,Critical threshold broken for Temp_Delta_High,Высокая разница температур. Нарушение режима теплопередачи.,0
Medium,2026-05-13,12:22:32.798,2026-05-13T12:22:32.798,Bearing_Temp_High,Compressor Station A,Critical threshold broken for Bearing_Temp_High,Перегрев подшипника. Недостаточная смазка или повреждение обоймы.,0
High,2026-05-13,12:22:38.552,2026-05-13T12:22:38.552,Pump_Cavitation,Pump Station B,Critical threshold broken for Pump_Cavitation,Кавитация насоса. Снизить производительность или повысить давление на входе.,1
Low,2026-05-13,12:22:57.060,2026-05-13T12:22:57.060,Temp_Crit_B,Boiler Unit,Critical threshold broken for Temp_Crit_B,Критическая температура в зоне B. Нарушение теплообмена.,0
High,2026-05-13,12:23:05.507,2026-05-13T12:23:05.507,Vib_Sensor_04_Err,Compressor Station A,Critical threshold broken for Vib_Sensor_04_Err,Вибрация превысила критический порог. Возможный износ подшипника или дисбаланс ротора.,1
Low,2026-05-13,12:23:12.052,2026-05-13T12:23:12.052,Valve_Slow,Compressor Station A,Critical threshold broken for Valve_Slow,Запаздывание клапана. Загрязнение привода или износ уплотнений.,0
High,2026-05-13,12:23:15.779,2026-05-13T12:23:15.779,Vib_Sensor_04_Err,Compressor Station A,Critical threshold broken for Vib_Sensor_04_Err,Вибрация превысила критический порог. Возможный износ подшипника или дисбаланс ротора.,1
Low,2026-05-13,12:23:48.296,2026-05-13T12:23:48.296,Flow_Restrict,Heat Exchanger C,Critical threshold broken for Flow_Restrict,Ограничение потока. Частичное перекрытие прохода.,0
High,2026-05-13,12:23:54.330,2026-05-13T12:23:54.330,Vib_Sensor_04_Err,Compressor Station A,Critical threshold broken for Vib_Sensor_04_Err,Вибрация превысила критический порог. Возможный износ подшипника или дисбаланс ротора.,1
Medium,2026-05-13,12:24:10.944,2026-05-13T12:24:10.944,Flow_Low,Pump Station B,Critical threshold broken for Flow_Low,Низкий расход. Проверить задвижки и состояние рабочего колеса.,0
High,2026-05-13,12:24:13.189,2026-05-13T12:24:13.189,Pump_Cavitation,Pump Station B,Critical threshold broken for Pump_Cavitation,Кавитация насоса. Снизить производительность или повысить давление на входе.,1
High,2026-05-13,12:24:17.622,2026-05-13T12:24:17.622,HX_FoulingAlarm,Heat Exchanger C,Critical threshold broken for HX_FoulingAlarm,Загрязнение теплообменника. Снижение КПД — требуется промывка.,1
High,2026-05-13,12:24:18.670,2026-05-13T12:24:18.670,Vib_Sensor_04_Err,Compressor Station A,Critical threshold broken for Vib_Sensor_04_Err,Вибрация превысила критический порог. Возможный износ подшипника или дисбаланс ротора.,1
Medium,2026-05-13,12:24:46.382,2026-05-13T12:24:46.382,Valve_Stuck_Close,Boiler Unit,Critical threshold broken for Valve_Stuck_Close,Клапан не открывается. Механическая блокировка или отказ привода.,0
High,2026-05-13,12:25:00.886,2026-05-13T12:25:00.886,Vib_Sensor_04_Err,Compressor Station A,Critical threshold broken for Vib_Sensor_04_Err,Вибрация превысила критический порог. Возможный износ подшипника или дисбаланс ротора.,1
Medium,2026-05-13,12:25:44.847,2026-05-13T12:25:44.847,Pressure_Drop,Pump Station B,Critical threshold broken for Pressure_Drop,Падение давления. Возможна утечка или засорение фильтра.,0
High,2026-05-13,12:25:50.465,2026-05-13T12:25:50.465,Steam_Press_High,Boiler Unit,Critical threshold broken for Steam_Press_High,Давление пара превышает норму. Проверить регулятор давления и предохранительный клапан.,1
Low,2026-05-13,12:26:52.700,2026-05-13T12:26:52.700,Flow_Variance,Boiler Unit,Critical threshold broken for Flow_Variance,Нестабильный расход. Частичное засорение трубопровода.,0
Medium,2026-05-13,12:26:53.291,2026-05-13T12:26:53.291,Lube_Oil_Press_Low,Compressor Station A,Critical threshold broken for Lube_Oil_Press_Low,Давление смазочного масла ниже нормы. Проверить масляный насос и фильтры.,0
Medium,2026-05-13,12:27:16.640,2026-05-13T12:27:16.640,Temp_Delta_High,Heat Exchanger C,Critical threshold broken for Temp_Delta_High,Высокая разница температур. Нарушение режима теплопередачи.,0
Medium,2026-05-13,12:27:19.658,2026-05-13T12:27:19.658,Lube_Oil_Press_Low,Compressor Station A,Critical threshold broken for Lube_Oil_Press_Low,Давление смазочного масла ниже нормы. Проверить масляный насос и фильтры.,0
Medium,2026-05-13,12:27:57.830,2026-05-13T12:27:57.830,Bearing_Temp_High,Compressor Station A,Critical threshold broken for Bearing_Temp_High,Перегрев подшипника. Недостаточная смазка или повреждение обоймы.,0
Medium,2026-05-13,12:28:30.969,2026-05-13T12:28:30.969,Bearing_Temp_High,Compressor Station A,Critical threshold broken for Bearing_Temp_High,Перегрев подшипника. Недостаточная смазка или повреждение обоймы.,0
Medium,2026-05-13,12:28:53.135,2026-05-13T12:28:53.135,Shaft_Displacement,Compressor Station A,Critical threshold broken for Shaft_Displacement,Осевое смещение вала за пределами допуска. Проверить муфту и опоры.,0
High,2026-05-13,12:28:56.419,2026-05-13T12:28:56.419,Vib_Sensor_04_Err,Compressor Station A,Critical threshold broken for Vib_Sensor_04_Err,Вибрация превысила критический порог. Возможный износ подшипника или дисбаланс ротора.,1
Medium,2026-05-13,12:29:13.564,2026-05-13T12:29:13.564,Flow_Low,Pump Station B,Critical threshold broken for Flow_Low,Низкий расход. Проверить задвижки и состояние рабочего колеса.,0
Medium,2026-05-13,12:29:25.624,2026-05-13T12:29:25.624,Lube_Oil_Press_Low,Compressor Station A,Critical threshold broken for Lube_Oil_Press_Low,Давление смазочного масла ниже нормы. Проверить масляный насос и фильтры.,0
High,2026-05-13,12:29:32.192,2026-05-13T12:29:32.192,Pump_Cavitation,Pump Station B,Critical threshold broken for Pump_Cavitation,Кавитация насоса. Снизить производительность или повысить давление на входе.,1
Medium,2026-05-13,12:30:44.737,2026-05-13T12:30:44.737,Temp_Delta_High,Heat Exchanger C,Critical threshold broken for Temp_Delta_High,Высокая разница температур. Нарушение режима теплопередачи.,0
Medium,2026-05-13,12:31:17.656,2026-05-13T12:31:17.656,Lube_Oil_Press_Low,Compressor Station A,Critical threshold broken for Lube_Oil_Press_Low,Давление смазочного масла ниже нормы. Проверить масляный насос и фильтры.,0
High,2026-05-13,12:31:41.621,2026-05-13T12:31:41.621,Vib_Sensor_04_Err,Compressor Station A,Critical threshold broken for Vib_Sensor_04_Err,Вибрация превысила критический порог. Возможный износ подшипника или дисбаланс ротора.,1
Medium,2026-05-13,12:32:33.798,2026-05-13T12:32:33.798,Bearing_Temp_High,Compressor Station A,Critical threshold broken for Bearing_Temp_High,Перегрев подшипника. Недостаточная смазка или повреждение обоймы.,0
High,2026-05-13,12:32:53.994,2026-05-13T12:32:53.994,HX_FoulingAlarm,Heat Exchanger C,Critical threshold broken for HX_FoulingAlarm,Загрязнение теплообменника. Снижение КПД — требуется промывка.,1
Medium,2026-05-13,12:33:24.477,2026-05-13T12:33:24.477,Bearing_Temp_High,Compressor Station A,Critical threshold broken for Bearing_Temp_High,Перегрев подшипника. Недостаточная смазка или повреждение обоймы.,0
Medium,2026-05-13,12:33:34.839,2026-05-13T12:33:34.839,Lube_Oil_Press_Low,Compressor Station A,Critical threshold broken for Lube_Oil_Press_Low,Давление смазочного масла ниже нормы. Проверить масляный насос и фильтры.,0
Low,2026-05-13,12:33:47.493,2026-05-13T12:33:47.493,Temp_Crit_B,Boiler Unit,Critical threshold broken for Temp_Crit_B,Критическая температура в зоне B. Нарушение теплообмена.,0
Medium,2026-05-13,12:33:57.639,2026-05-13T12:33:57.639,Lube_Oil_Press_Low,Compressor Station A,Critical threshold broken for Lube_Oil_Press_Low,Давление смазочного масла ниже нормы. Проверить масляный насос и фильтры.,0
Low,2026-05-13,12:33:59.354,2026-05-13T12:33:59.354,Valve_Slow,Compressor Station A,Critical threshold broken for Valve_Slow,Запаздывание клапана. Загрязнение привода или износ уплотнений.,0
Low,2026-05-13,12:34:59.327,2026-05-13T12:34:59.327,Valve_Slow,Compressor Station A,Critical threshold broken for Valve_Slow,Запаздывание клапана. Загрязнение привода или износ уплотнений.,0
Medium,2026-05-13,12:37:44.213,2026-05-13T12:37:44.213,Temp_Delta_High,Heat Exchanger C,Critical threshold broken for Temp_Delta_High,Высокая разница температур. Нарушение режима теплопередачи.,0
Medium,2026-05-13,12:39:32.770,2026-05-13T12:39:32.770,Lube_Oil_Press_Low,Compressor Station A,Critical threshold broken for Lube_Oil_Press_Low,Давление смазочного масла ниже нормы. Проверить масляный насос и фильтры.,0
Medium,2026-05-13,12:39:59.850,2026-05-13T12:39:59.850,Lube_Oil_Press_Low,Compressor Station A,Critical threshold broken for Lube_Oil_Press_Low,Давление смазочного масла ниже нормы. Проверить масляный насос и фильтры.,0
High,2026-05-13,12:40:27.840,2026-05-13T12:40:27.840,Vib_Sensor_04_Err,Compressor Station A,Critical threshold broken for Vib_Sensor_04_Err,Вибрация превысила критический порог. Возможный износ подшипника или дисбаланс ротора.,1
Medium,2026-05-13,12:41:19.655,2026-05-13T12:41:19.655,Valve_Stuck_Close,Boiler Unit,Critical threshold broken for Valve_Stuck_Close,Клапан не открывается. Механическая блокировка или отказ привода.,0
Medium,2026-05-13,12:41:27.339,2026-05-13T12:41:27.339,Shaft_Displacement,Compressor Station A,Critical threshold broken for Shaft_Displacement,Осевое смещение вала за пределами допуска. Проверить муфту и опоры.,0
High,2026-05-13,12:41:35.303,2026-05-13T12:41:35.303,Vib_Sensor_04_Err,Compressor Station A,Critical threshold broken for Vib_Sensor_04_Err,Вибрация превысила критический порог. Возможный износ подшипника или дисбаланс ротора.,1
Medium,2026-05-13,12:42:27.851,2026-05-13T12:42:27.851,Lube_Oil_Press_Low,Compressor Station A,Critical threshold broken for Lube_Oil_Press_Low,Давление смазочного масла ниже нормы. Проверить масляный насос и фильтры.,0
High,2026-05-13,12:42:51.975,2026-05-13T12:42:51.975,Pump_Cavitation,Pump Station B,Critical threshold broken for Pump_Cavitation,Кавитация насоса. Снизить производительность или повысить давление на входе.,1
High,2026-05-13,12:45:11.587,2026-05-13T12:45:11.587,Vib_Sensor_04_Err,Compressor Station A,Critical threshold broken for Vib_Sensor_04_Err,Вибрация превысила критический порог. Возможный износ подшипника или дисбаланс ротора.,1
Medium,2026-05-13,12:46:58.344,2026-05-13T12:46:58.344,Pressure_Drop,Pump Station B,Critical threshold broken for Pressure_Drop,Падение давления. Возможна утечка или засорение фильтра.,0
High,2026-05-13,12:48:37.031,2026-05-13T12:48:37.031,HX_FoulingAlarm,Heat Exchanger C,Critical threshold broken for HX_FoulingAlarm,Загрязнение теплообменника. Снижение КПД — требуется промывка.,1
High,2026-05-13,12:49:17.951,2026-05-13T12:49:17.951,Vib_Sensor_04_Err,Compressor Station A,Critical threshold broken for Vib_Sensor_04_Err,Вибрация превысила критический порог. Возможный износ подшипника или дисбаланс ротора.,1
High,2026-05-13,12:49:42.395,2026-05-13T12:49:42.395,Vib_Sensor_04_Err,Compressor Station A,Critical threshold broken for Vib_Sensor_04_Err,Вибрация превысила критический порог. Возможный износ подшипника или дисбаланс ротора.,1
Medium,2026-05-13,12:49:47.007,2026-05-13T12:49:47.007,Bearing_Temp_High,Compressor Station A,Critical threshold broken for Bearing_Temp_High,Перегрев подшипника. Недостаточная смазка или повреждение обоймы.,0
High,2026-05-13,12:49:53.338,2026-05-13T12:49:53.338,Vib_Sensor_04_Err,Compressor Station A,Critical threshold broken for Vib_Sensor_04_Err,Вибрация превысила критический порог. Возможный износ подшипника или дисбаланс ротора.,1
Medium,2026-05-13,12:51:41.750,2026-05-13T12:51:41.750,Lube_Oil_Press_Low,Compressor Station A,Critical threshold broken for Lube_Oil_Press_Low,Давление смазочного масла ниже нормы. Проверить масляный насос и фильтры.,0
Medium,2026-05-13,12:52:23.259,2026-05-13T12:52:23.259,Bearing_Temp_High,Compressor Station A,Critical threshold broken for Bearing_Temp_High,Перегрев подшипника. Недостаточная смазка или повреждение обоймы.,0
Medium,2026-05-13,12:52:48.632,2026-05-13T12:52:48.632,Valve_Stuck_Close,Boiler Unit,Critical threshold broken for Valve_Stuck_Close,Клапан не открывается. Механическая блокировка или отказ привода.,0
Medium,2026-05-13,12:58:07.939,2026-05-13T12:58:07.939,Pressure_Drop,Pump Station B,Critical threshold broken for Pressure_Drop,Падение давления. Возможна утечка или засорение фильтра.,0
Medium,2026-05-13,12:59:47.132,2026-05-13T12:59:47.132,Lube_Oil_Press_Low,Compressor Station A,Critical threshold broken for Lube_Oil_Press_Low,Давление смазочного масла ниже нормы. Проверить масляный насос и фильтры.,0
High,2026-05-13,13:01:14.548,2026-05-13T13:01:14.548,Vib_Sensor_04_Err,Compressor Station A,Critical threshold broken for Vib_Sensor_04_Err,Вибрация превысила критический порог. Возможный износ подшипника или дисбаланс ротора.,1
High,2026-05-13,13:02:28.236,2026-05-13T13:02:28.236,Vib_Sensor_04_Err,Compressor Station A,Critical threshold broken for Vib_Sensor_04_Err,Вибрация превысила критический порог. Возможный износ подшипника или дисбаланс ротора.,1
Low,2026-05-13,13:04:38.636,2026-05-13T13:04:38.636,Flow_Variance,Boiler Unit,Critical threshold broken for Flow_Variance,Нестабильный расход. Частичное засорение трубопровода.,0
Medium,2026-05-13,13:08:42.442,2026-05-13T13:08:42.442,Shaft_Displacement,Compressor Station A,Critical threshold broken for Shaft_Displacement,Осевое смещение вала за пределами допуска. Проверить муфту и опоры.,0
Low,2026-05-13,13:29:51.234,2026-05-13T13:29:51.234,Temp_Crit_B,Boiler Unit,Critical threshold broken for Temp_Crit_B,Критическая температура в зоне B. Нарушение теплообмена.,0
Medium,2026-05-13,13:49:12.416,2026-05-13T13:49:12.416,Shaft_Displacement,Compressor Station A,Critical threshold broken for Shaft_Displacement,Осевое смещение вала за пределами допуска. Проверить муфту и опоры.,0
High,2026-05-13,14:01:21.123,2026-05-13T14:01:21.123,HX_FoulingAlarm,Heat Exchanger C,Critical threshold broken for HX_FoulingAlarm,Загрязнение теплообменника. Снижение КПД — требуется промывка.,1
Medium,2026-05-13,14:02:09.074,2026-05-13T14:02:09.074,Bearing_Temp_High,Compressor Station A,Critical threshold broken for Bearing_Temp_High,Перегрев подшипника. Недостаточная смазка или повреждение обоймы.,0
High,2026-05-13,14:03:59.680,2026-05-13T14:03:59.680,Vib_Sensor_04_Err,Compressor Station A,Critical threshold broken for Vib_Sensor_04_Err,Вибрация превысила критический порог. Возможный износ подшипника или дисбаланс ротора.,1
High,2026-05-13,14:07:10.222,2026-05-13T14:07:10.222,Vib_Sensor_04_Err,Compressor Station A,Critical threshold broken for Vib_Sensor_04_Err,Вибрация превысила критический порог. Возможный износ подшипника или дисбаланс ротора.,1
Medium,2026-05-13,14:09:35.027,2026-05-13T14:09:35.027,Lube_Oil_Press_Low,Compressor Station A,Critical threshold broken for Lube_Oil_Press_Low,Давление смазочного масла ниже нормы. Проверить масляный насос и фильтры.,0
Medium,2026-05-13,14:10:40.622,2026-05-13T14:10:40.622,Flow_Low,Pump Station B,Critical threshold broken for Flow_Low,Низкий расход. Проверить задвижки и состояние рабочего колеса.,0
High,2026-05-13,14:14:08.658,2026-05-13T14:14:08.658,Vib_Sensor_04_Err,Compressor Station A,Critical threshold broken for Vib_Sensor_04_Err,Вибрация превысила критический порог. Возможный износ подшипника или дисбаланс ротора.,1
High,2026-05-13,14:15:31.871,2026-05-13T14:15:31.871,Pump_Cavitation,Pump Station B,Critical threshold broken for Pump_Cavitation,Кавитация насоса. Снизить производительность или повысить давление на входе.,1
High,2026-05-13,14:18:27.373,2026-05-13T14:18:27.373,Vib_Sensor_04_Err,Compressor Station A,Critical threshold broken for Vib_Sensor_04_Err,Вибрация превысила критический порог. Возможный износ подшипника или дисбаланс ротора.,1
Low,2026-05-13,14:27:46.234,2026-05-13T14:27:46.234,Flow_Restrict,Heat Exchanger C,Critical threshold broken for Flow_Restrict,Ограничение потока. Частичное перекрытие прохода.,0
Medium,2026-05-13,14:38:03.457,2026-05-13T14:38:03.457,Temp_Delta_High,Heat Exchanger C,Critical threshold broken for Temp_Delta_High,Высокая разница температур. Нарушение режима теплопередачи.,0
Medium,2026-05-13,14:38:46.707,2026-05-13T14:38:46.707,Bearing_Temp_High,Compressor Station A,Critical threshold broken for Bearing_Temp_High,Перегрев подшипника. Недостаточная смазка или повреждение обоймы.,0
High,2026-05-13,14:39:32.118,2026-05-13T14:39:32.118,Vib_Sensor_04_Err,Compressor Station A,Critical threshold broken for Vib_Sensor_04_Err,Вибрация превысила критический порог. Возможный износ подшипника или дисбаланс ротора.,1
Medium,2026-05-13,14:43:35.010,2026-05-13T14:43:35.010,Lube_Oil_Press_Low,Compressor Station A,Critical threshold broken for Lube_Oil_Press_Low,Давление смазочного масла ниже нормы. Проверить масляный насос и фильтры.,0
Medium,2026-05-13,14:52:06.439,2026-05-13T14:52:06.439,Bearing_Temp_High,Compressor Station A,Critical threshold broken for Bearing_Temp_High,Перегрев подшипника. Недостаточная смазка или повреждение обоймы.,0
High,2026-05-13,14:55:39.020,2026-05-13T14:55:39.020,Vib_Sensor_04_Err,Compressor Station A,Critical threshold broken for Vib_Sensor_04_Err,Вибрация превысила критический порог. Возможный износ подшипника или дисбаланс ротора.,1
Medium,2026-05-13,14:58:31.419,2026-05-13T14:58:31.419,Bearing_Temp_High,Compressor Station A,Critical threshold broken for Bearing_Temp_High,Перегрев подшипника. Недостаточная смазка или повреждение обоймы.,0
High,2026-05-13,15:15:51.822,2026-05-13T15:15:51.822,Vib_Sensor_04_Err,Compressor Station A,Critical threshold broken for Vib_Sensor_04_Err,Вибрация превысила критический порог. Возможный износ подшипника или дисбаланс ротора.,1
Medium,2026-05-13,15:19:44.737,2026-05-13T15:19:44.737,Bearing_Temp_High,Compressor Station A,Critical threshold broken for Bearing_Temp_High,Перегрев подшипника. Недостаточная смазка или повреждение обоймы.,0
High,2026-05-13,15:19:46.380,2026-05-13T15:19:46.380,Vib_Sensor_04_Err,Compressor Station A,Critical threshold broken for Vib_Sensor_04_Err,Вибрация превысила критический порог. Возможный износ подшипника или дисбаланс ротора.,1
High,2026-05-13,15:23:01.233,2026-05-13T15:23:01.233,HX_FoulingAlarm,Heat Exchanger C,Critical threshold broken for HX_FoulingAlarm,Загрязнение теплообменника. Снижение КПД — требуется промывка.,1
Low,2026-05-13,15:26:52.122,2026-05-13T15:26:52.122,Temp_Crit_B,Boiler Unit,Critical threshold broken for Temp_Crit_B,Критическая температура в зоне B. Нарушение теплообмена.,0
Low,2026-05-13,15:28:38.605,2026-05-13T15:28:38.605,Valve_Slow,Compressor Station A,Critical threshold broken for Valve_Slow,Запаздывание клапана. Загрязнение привода или износ уплотнений.,0
Medium,2026-05-13,15:32:34.106,2026-05-13T15:32:34.106,Bearing_Temp_High,Compressor Station A,Critical threshold broken for Bearing_Temp_High,Перегрев подшипника. Недостаточная смазка или повреждение обоймы.,0
Medium,2026-05-13,15:36:34.081,2026-05-13T15:36:34.081,Bearing_Temp_High,Compressor Station A,Critical threshold broken for Bearing_Temp_High,Перегрев подшипника. Недостаточная смазка или повреждение обоймы.,0
Medium,2026-05-13,15:41:34.000,2026-05-13T15:41:34.000,Shaft_Displacement,Compressor Station A,Critical threshold broken for Shaft_Displacement,Осевое смещение вала за пределами допуска. Проверить муфту и опоры.,0
Medium,2026-05-13,15:41:56.653,2026-05-13T15:41:56.653,Pressure_Drop,Pump Station B,Critical threshold broken for Pressure_Drop,Падение давления. Возможна утечка или засорение фильтра.,0
Medium,2026-05-13,15:44:57.750,2026-05-13T15:44:57.750,Bearing_Temp_High,Compressor Station A,Critical threshold broken for Bearing_Temp_High,Перегрев подшипника. Недостаточная смазка или повреждение обоймы.,0
Medium,2026-05-13,15:47:42.897,2026-05-13T15:47:42.897,Lube_Oil_Press_Low,Compressor Station A,Critical threshold broken for Lube_Oil_Press_Low,Давление смазочного масла ниже нормы. Проверить масляный насос и фильтры.,0
High,2026-05-13,15:52:14.056,2026-05-13T15:52:14.056,Pump_Cavitation,Pump Station B,Critical threshold broken for Pump_Cavitation,Кавитация насоса. Снизить производительность или повысить давление на входе.,1
High,2026-05-13,15:53:27.590,2026-05-13T15:53:27.590,Vib_Sensor_04_Err,Compressor Station A,Critical threshold broken for Vib_Sensor_04_Err,Вибрация превысила критический порог. Возможный износ подшипника или дисбаланс ротора.,1
Medium,2026-05-13,15:57:22.046,2026-05-13T15:57:22.046,Lube_Oil_Press_Low,Compressor Station A,Critical threshold broken for Lube_Oil_Press_Low,Давление смазочного масла ниже нормы. Проверить масляный насос и фильтры.,0
Medium,2026-05-13,16:00:54.460,2026-05-13T16:00:54.460,Lube_Oil_Press_Low,Compressor Station A,Critical threshold broken for Lube_Oil_Press_Low,Давление смазочного масла ниже нормы. Проверить масляный насос и фильтры.,0
Medium,2026-05-13,16:06:48.332,2026-05-13T16:06:48.332,Valve_Stuck_Close,Boiler Unit,Critical threshold broken for Valve_Stuck_Close,Клапан не открывается. Механическая блокировка или отказ привода.,0
High,2026-05-13,16:22:51.797,2026-05-13T16:22:51.797,Vib_Sensor_04_Err,Compressor Station A,Critical threshold broken for Vib_Sensor_04_Err,Вибрация превысила критический порог. Возможный износ подшипника или дисбаланс ротора.,1
High,2026-05-13,16:27:18.353,2026-05-13T16:27:18.353,Vib_Sensor_04_Err,Compressor Station A,Critical threshold broken for Vib_Sensor_04_Err,Вибрация превысила критический порог. Возможный износ подшипника или дисбаланс ротора.,1
Medium,2026-05-13,16:35:58.249,2026-05-13T16:35:58.249,Flow_Low,Pump Station B,Critical threshold broken for Flow_Low,Низкий расход. Проверить задвижки и состояние рабочего колеса.,0
High,2026-05-13,16:41:47.873,2026-05-13T16:41:47.873,Pump_Cavitation,Pump Station B,Critical threshold broken for Pump_Cavitation,Кавитация насоса. Снизить производительность или повысить давление на входе.,1
Low,2026-05-13,16:43:51.726,2026-05-13T16:43:51.726,Flow_Variance,Boiler Unit,Critical threshold broken for Flow_Variance,Нестабильный расход. Частичное засорение трубопровода.,0
Medium,2026-05-13,17:05:27.323,2026-05-13T17:05:27.323,Bearing_Temp_High,Compressor Station A,Critical threshold broken for Bearing_Temp_High,Перегрев подшипника. Недостаточная смазка или повреждение обоймы.,0
High,2026-05-13,17:06:47.556,2026-05-13T17:06:47.556,Vib_Sensor_04_Err,Compressor Station A,Critical threshold broken for Vib_Sensor_04_Err,Вибрация превысила критический порог. Возможный износ подшипника или дисбаланс ротора.,1
High,2026-05-13,17:08:40.042,2026-05-13T17:08:40.042,Vib_Sensor_04_Err,Compressor Station A,Critical threshold broken for Vib_Sensor_04_Err,Вибрация превысила критический порог. Возможный износ подшипника или дисбаланс ротора.,1
Medium,2026-05-13,17:09:16.167,2026-05-13T17:09:16.167,Shaft_Displacement,Compressor Station A,Critical threshold broken for Shaft_Displacement,Осевое смещение вала за пределами допуска. Проверить муфту и опоры.,0
High,2026-05-13,17:10:21.717,2026-05-13T17:10:21.717,Vib_Sensor_04_Err,Compressor Station A,Critical threshold broken for Vib_Sensor_04_Err,Вибрация превысила критический порог. Возможный износ подшипника или дисбаланс ротора.,1
Medium,2026-05-13,17:28:08.743,2026-05-13T17:28:08.743,Lube_Oil_Press_Low,Compressor Station A,Critical threshold broken for Lube_Oil_Press_Low,Давление смазочного масла ниже нормы. Проверить масляный насос и фильтры.,0
High,2026-05-13,17:30:01.425,2026-05-13T17:30:01.425,Vib_Sensor_04_Err,Compressor Station A,Critical threshold broken for Vib_Sensor_04_Err,Вибрация превысила критический порог. Возможный износ подшипника или дисбаланс ротора.,1
High,2026-05-13,17:34:08.758,2026-05-13T17:34:08.758,Vib_Sensor_04_Err,Compressor Station A,Critical threshold broken for Vib_Sensor_04_Err,Вибрация превысила критический порог. Возможный износ подшипника или дисбаланс ротора.,1
Medium,2026-05-13,17:41:08.355,2026-05-13T17:41:08.355,Shaft_Displacement,Compressor Station A,Critical threshold broken for Shaft_Displacement,Осевое смещение вала за пределами допуска. Проверить муфту и опоры.,0
High,2026-05-13,17:52:40.282,2026-05-13T17:52:40.282,Steam_Press_High,Boiler Unit,Critical threshold broken for Steam_Press_High,Давление пара превышает норму. Проверить регулятор давления и предохранительный клапан.,1
Medium,2026-05-13,17:52:53.611,2026-05-13T17:52:53.611,Lube_Oil_Press_Low,Compressor Station A,Critical threshold broken for Lube_Oil_Press_Low,Давление смазочного масла ниже нормы. Проверить масляный насос и фильтры.,0
Medium,2026-05-13,17:56:35.386,2026-05-13T17:56:35.386,Lube_Oil_Press_Low,Compressor Station A,Critical threshold broken for Lube_Oil_Press_Low,Давление смазочного масла ниже нормы. Проверить масляный насос и фильтры.,0
Medium,2026-05-13,18:07:06.111,2026-05-13T18:07:06.111,Bearing_Temp_High,Compressor Station A,Critical threshold broken for Bearing_Temp_High,Перегрев подшипника. Недостаточная смазка или повреждение обоймы.,0
High,2026-05-13,18:07:57.480,2026-05-13T18:07:57.480,Vib_Sensor_04_Err,Compressor Station A,Critical threshold broken for Vib_Sensor_04_Err,Вибрация превысила критический порог. Возможный износ подшипника или дисбаланс ротора.,1
Medium,2026-05-13,18:18:56.807,2026-05-13T18:18:56.807,Lube_Oil_Press_Low,Compressor Station A,Critical threshold broken for Lube_Oil_Press_Low,Давление смазочного масла ниже нормы. Проверить масляный насос и фильтры.,0
High,2026-05-13,18:25:33.017,2026-05-13T18:25:33.017,Vib_Sensor_04_Err,Compressor Station A,Critical threshold broken for Vib_Sensor_04_Err,Вибрация превысила критический порог. Возможный износ подшипника или дисбаланс ротора.,1
Medium,2026-05-13,18:26:21.140,2026-05-13T18:26:21.140,Lube_Oil_Press_Low,Compressor Station A,Critical threshold broken for Lube_Oil_Press_Low,Давление смазочного масла ниже нормы. Проверить масляный насос и фильтры.,0
Medium,2026-05-13,18:30:15.985,2026-05-13T18:30:15.985,Pressure_Drop,Pump Station B,Critical threshold broken for Pressure_Drop,Падение давления. Возможна утечка или засорение фильтра.,0
High,2026-05-13,18:41:04.464,2026-05-13T18:41:04.464,Vib_Sensor_04_Err,Compressor Station A,Critical threshold broken for Vib_Sensor_04_Err,Вибрация превысила критический порог. Возможный износ подшипника или дисбаланс ротора.,1
Medium,2026-05-13,18:45:09.545,2026-05-13T18:45:09.545,Shaft_Displacement,Compressor Station A,Critical threshold broken for Shaft_Displacement,Осевое смещение вала за пределами допуска. Проверить муфту и опоры.,0
High,2026-05-13,18:46:49.312,2026-05-13T18:46:49.312,Pump_Cavitation,Pump Station B,Critical threshold broken for Pump_Cavitation,Кавитация насоса. Снизить производительность или повысить давление на входе.,1
Medium,2026-05-13,18:46:59.066,2026-05-13T18:46:59.066,Pressure_Drop,Pump Station B,Critical threshold broken for Pressure_Drop,Падение давления. Возможна утечка или засорение фильтра.,0
High,2026-05-13,18:51:46.209,2026-05-13T18:51:46.209,HX_FoulingAlarm,Heat Exchanger C,Critical threshold broken for HX_FoulingAlarm,Загрязнение теплообменника. Снижение КПД — требуется промывка.,1
Medium,2026-05-13,18:53:40.830,2026-05-13T18:53:40.830,Pressure_Drop,Pump Station B,Critical threshold broken for Pressure_Drop,Падение давления. Возможна утечка или засорение фильтра.,0
High,2026-05-13,18:56:24.145,2026-05-13T18:56:24.145,Vib_Sensor_04_Err,Compressor Station A,Critical threshold broken for Vib_Sensor_04_Err,Вибрация превысила критический порог. Возможный износ подшипника или дисбаланс ротора.,1
Low,2026-05-13,18:56:27.509,2026-05-13T18:56:27.509,Flow_Variance,Boiler Unit,Critical threshold broken for Flow_Variance,Нестабильный расход. Частичное засорение трубопровода.,0
Low,2026-05-13,18:58:42.001,2026-05-13T18:58:42.001,Temp_Crit_B,Boiler Unit,Critical threshold broken for Temp_Crit_B,Критическая температура в зоне B. Нарушение теплообмена.,0
Medium,2026-05-13,19:00:47.799,2026-05-13T19:00:47.799,Shaft_Displacement,Compressor Station A,Critical threshold broken for Shaft_Displacement,Осевое смещение вала за пределами допуска. Проверить муфту и опоры.,0
Medium,2026-05-13,19:08:36.695,2026-05-13T19:08:36.695,Bearing_Temp_High,Compressor Station A,Critical threshold broken for Bearing_Temp_High,Перегрев подшипника. Недостаточная смазка или повреждение обоймы.,0
High,2026-05-13,19:10:50.774,2026-05-13T19:10:50.774,Vib_Sensor_04_Err,Compressor Station A,Critical threshold broken for Vib_Sensor_04_Err,Вибрация превысила критический порог. Возможный износ подшипника или дисбаланс ротора.,1
High,2026-05-13,19:20:19.745,2026-05-13T19:20:19.745,Vib_Sensor_04_Err,Compressor Station A,Critical threshold broken for Vib_Sensor_04_Err,Вибрация превысила критический порог. Возможный износ подшипника или дисбаланс ротора.,1
Low,2026-05-13,19:21:27.576,2026-05-13T19:21:27.576,Valve_Slow,Compressor Station A,Critical threshold broken for Valve_Slow,Запаздывание клапана. Загрязнение привода или износ уплотнений.,0
High,2026-05-13,19:23:55.517,2026-05-13T19:23:55.517,HX_FoulingAlarm,Heat Exchanger C,Critical threshold broken for HX_FoulingAlarm,Загрязнение теплообменника. Снижение КПД — требуется промывка.,1
High,2026-05-13,19:24:28.738,2026-05-13T19:24:28.738,Vib_Sensor_04_Err,Compressor Station A,Critical threshold broken for Vib_Sensor_04_Err,Вибрация превысила критический порог. Возможный износ подшипника или дисбаланс ротора.,1
Medium,2026-05-13,19:25:30.462,2026-05-13T19:25:30.462,Bearing_Temp_High,Compressor Station A,Critical threshold broken for Bearing_Temp_High,Перегрев подшипника. Недостаточная смазка или повреждение обоймы.,0
High,2026-05-13,19:41:11.981,2026-05-13T19:41:11.981,Vib_Sensor_04_Err,Compressor Station A,Critical threshold broken for Vib_Sensor_04_Err,Вибрация превысила критический порог. Возможный износ подшипника или дисбаланс ротора.,1
Medium,2026-05-13,19:42:48.362,2026-05-13T19:42:48.362,Bearing_Temp_High,Compressor Station A,Critical threshold broken for Bearing_Temp_High,Перегрев подшипника. Недостаточная смазка или повреждение обоймы.,0
High,2026-05-13,19:46:58.662,2026-05-13T19:46:58.662,Vib_Sensor_04_Err,Compressor Station A,Critical threshold broken for Vib_Sensor_04_Err,Вибрация превысила критический порог. Возможный износ подшипника или дисбаланс ротора.,1
Medium,2026-05-13,19:48:39.712,2026-05-13T19:48:39.712,Temp_Delta_High,Heat Exchanger C,Critical threshold broken for Temp_Delta_High,Высокая разница температур. Нарушение режима теплопередачи.,0
Medium,2026-05-13,19:48:47.905,2026-05-13T19:48:47.905,Bearing_Temp_High,Compressor Station A,Critical threshold broken for Bearing_Temp_High,Перегрев подшипника. Недостаточная смазка или повреждение обоймы.,0
Low,2026-05-13,19:49:16.980,2026-05-13T19:49:16.980,Temp_Crit_B,Boiler Unit,Critical threshold broken for Temp_Crit_B,Критическая температура в зоне B. Нарушение теплообмена.,0
Medium,2026-05-13,19:50:37.730,2026-05-13T19:50:37.730,Temp_Delta_High,Heat Exchanger C,Critical threshold broken for Temp_Delta_High,Высокая разница температур. Нарушение режима теплопередачи.,0
High,2026-05-13,19:52:25.362,2026-05-13T19:52:25.362,Vib_Sensor_04_Err,Compressor Station A,Critical threshold broken for Vib_Sensor_04_Err,Вибрация превысила критический порог. Возможный износ подшипника или дисбаланс ротора.,1
High,2026-05-13,20:06:17.816,2026-05-13T20:06:17.816,Pump_Cavitation,Pump Station B,Critical threshold broken for Pump_Cavitation,Кавитация насоса. Снизить производительность или повысить давление на входе.,1
Medium,2026-05-13,20:15:36.662,2026-05-13T20:15:36.662,Bearing_Temp_High,Compressor Station A,Critical threshold broken for Bearing_Temp_High,Перегрев подшипника. Недостаточная смазка или повреждение обоймы.,0
Medium,2026-05-13,20:24:29.220,2026-05-13T20:24:29.220,Temp_Delta_High,Heat Exchanger C,Critical threshold broken for Temp_Delta_High,Высокая разница температур. Нарушение режима теплопередачи.,0
High,2026-05-13,20:24:55.188,2026-05-13T20:24:55.188,Vib_Sensor_04_Err,Compressor Station A,Critical threshold broken for Vib_Sensor_04_Err,Вибрация превысила критический порог. Возможный износ подшипника или дисбаланс ротора.,1
Low,2026-05-13,20:25:51.058,2026-05-13T20:25:51.058,Temp_Crit_B,Boiler Unit,Critical threshold broken for Temp_Crit_B,Критическая температура в зоне B. Нарушение теплообмена.,0
High,2026-05-13,20:27:23.704,2026-05-13T20:27:23.704,HX_FoulingAlarm,Heat Exchanger C,Critical threshold broken for HX_FoulingAlarm,Загрязнение теплообменника. Снижение КПД — требуется промывка.,1
Medium,2026-05-13,20:29:01.256,2026-05-13T20:29:01.256,Lube_Oil_Press_Low,Compressor Station A,Critical threshold broken for Lube_Oil_Press_Low,Давление смазочного масла ниже нормы. Проверить масляный насос и фильтры.,0
High,2026-05-13,20:35:42.352,2026-05-13T20:35:42.352,HX_FoulingAlarm,Heat Exchanger C,Critical threshold broken for HX_FoulingAlarm,Загрязнение теплообменника. Снижение КПД — требуется промывка.,1
High,2026-05-13,20:41:50.041,2026-05-13T20:41:50.041,Vib_Sensor_04_Err,Compressor Station A,Critical threshold broken for Vib_Sensor_04_Err,Вибрация превысила критический порог. Возможный износ подшипника или дисбаланс ротора.,1
Medium,2026-05-13,20:42:34.393,2026-05-13T20:42:34.393,Bearing_Temp_High,Compressor Station A,Critical threshold broken for Bearing_Temp_High,Перегрев подшипника. Недостаточная смазка или повреждение обоймы.,0
Low,2026-05-13,20:43:52.268,2026-05-13T20:43:52.268,Temp_Crit_B,Boiler Unit,Critical threshold broken for Temp_Crit_B,Критическая температура в зоне B. Нарушение теплообмена.,0
Medium,2026-05-13,21:08:22.317,2026-05-13T21:08:22.317,Bearing_Temp_High,Compressor Station A,Critical threshold broken for Bearing_Temp_High,Перегрев подшипника. Недостаточная смазка или повреждение обоймы.,0
Medium,2026-05-13,21:14:08.618,2026-05-13T21:14:08.618,Lube_Oil_Press_Low,Compressor Station A,Critical threshold broken for Lube_Oil_Press_Low,Давление смазочного масла ниже нормы. Проверить масляный насос и фильтры.,0
Medium,2026-05-13,21:21:10.766,2026-05-13T21:21:10.766,Lube_Oil_Press_Low,Compressor Station A,Critical threshold broken for Lube_Oil_Press_Low,Давление смазочного масла ниже нормы. Проверить масляный насос и фильтры.,0
High,2026-05-13,21:22:00.652,2026-05-13T21:22:00.652,Vib_Sensor_04_Err,Compressor Station A,Critical threshold broken for Vib_Sensor_04_Err,Вибрация превысила критический порог. Возможный износ подшипника или дисбаланс ротора.,1
Medium,2026-05-13,21:23:48.273,2026-05-13T21:23:48.273,Lube_Oil_Press_Low,Compressor Station A,Critical threshold broken for Lube_Oil_Press_Low,Давление смазочного масла ниже нормы. Проверить масляный насос и фильтры.,0
Medium,2026-05-13,21:31:02.756,2026-05-13T21:31:02.756,Lube_Oil_Press_Low,Compressor Station A,Critical threshold broken for Lube_Oil_Press_Low,Давление смазочного масла ниже нормы. Проверить масляный насос и фильтры.,0
Medium,2026-05-13,21:31:10.553,2026-05-13T21:31:10.553,Lube_Oil_Press_Low,Compressor Station A,Critical threshold broken for Lube_Oil_Press_Low,Давление смазочного масла ниже нормы. Проверить масляный насос и фильтры.,0
High,2026-05-13,21:33:23.083,2026-05-13T21:33:23.083,Vib_Sensor_04_Err,Compressor Station A,Critical threshold broken for Vib_Sensor_04_Err,Вибрация превысила критический порог. Возможный износ подшипника или дисбаланс ротора.,1
High,2026-05-13,21:35:11.821,2026-05-13T21:35:11.821,Vib_Sensor_04_Err,Compressor Station A,Critical threshold broken for Vib_Sensor_04_Err,Вибрация превысила критический порог. Возможный износ подшипника или дисбаланс ротора.,1
High,2026-05-13,21:47:02.402,2026-05-13T21:47:02.402,Vib_Sensor_04_Err,Compressor Station A,Critical threshold broken for Vib_Sensor_04_Err,Вибрация превысила критический порог. Возможный износ подшипника или дисбаланс ротора.,1
Medium,2026-05-13,21:55:29.598,2026-05-13T21:55:29.598,Flow_Low,Pump Station B,Critical threshold broken for Flow_Low,Низкий расход. Проверить задвижки и состояние рабочего колеса.,0
Medium,2026-05-13,22:02:12.600,2026-05-13T22:02:12.600,Valve_Stuck_Close,Boiler Unit,Critical threshold broken for Valve_Stuck_Close,Клапан не открывается. Механическая блокировка или отказ привода.,0
High,2026-05-13,22:08:22.428,2026-05-13T22:08:22.428,Vib_Sensor_04_Err,Compressor Station A,Critical threshold broken for Vib_Sensor_04_Err,Вибрация превысила критический порог. Возможный износ подшипника или дисбаланс ротора.,1
Medium,2026-05-13,22:12:24.865,2026-05-13T22:12:24.865,Shaft_Displacement,Compressor Station A,Critical threshold broken for Shaft_Displacement,Осевое смещение вала за пределами допуска. Проверить муфту и опоры.,0
Medium,2026-05-13,22:16:46.860,2026-05-13T22:16:46.860,Lube_Oil_Press_Low,Compressor Station A,Critical threshold broken for Lube_Oil_Press_Low,Давление смазочного масла ниже нормы. Проверить масляный насос и фильтры.,0
Medium,2026-05-13,22:18:28.309,2026-05-13T22:18:28.309,Pressure_Drop,Pump Station B,Critical threshold broken for Pressure_Drop,Падение давления. Возможна утечка или засорение фильтра.,0
Medium,2026-05-13,22:19:33.858,2026-05-13T22:19:33.858,Shaft_Displacement,Compressor Station A,Critical threshold broken for Shaft_Displacement,Осевое смещение вала за пределами допуска. Проверить муфту и опоры.,0
High,2026-05-13,22:19:38.991,2026-05-13T22:19:38.991,Steam_Press_High,Boiler Unit,Critical threshold broken for Steam_Press_High,Давление пара превышает норму. Проверить регулятор давления и предохранительный клапан.,1
High,2026-05-13,22:19:51.916,2026-05-13T22:19:51.916,Vib_Sensor_04_Err,Compressor Station A,Critical threshold broken for Vib_Sensor_04_Err,Вибрация превысила критический порог. Возможный износ подшипника или дисбаланс ротора.,1
High,2026-05-13,22:22:02.038,2026-05-13T22:22:02.038,Steam_Press_High,Boiler Unit,Critical threshold broken for Steam_Press_High,Давление пара превышает норму. Проверить регулятор давления и предохранительный клапан.,1
High,2026-05-13,22:25:20.669,2026-05-13T22:25:20.669,Vib_Sensor_04_Err,Compressor Station A,Critical threshold broken for Vib_Sensor_04_Err,Вибрация превысила критический порог. Возможный износ подшипника или дисбаланс ротора.,1
Low,2026-05-13,22:30:07.557,2026-05-13T22:30:07.557,Flow_Variance,Boiler Unit,Critical threshold broken for Flow_Variance,Нестабильный расход. Частичное засорение трубопровода.,0
Low,2026-05-13,22:31:43.168,2026-05-13T22:31:43.168,Temp_Crit_B,Boiler Unit,Critical threshold broken for Temp_Crit_B,Критическая температура в зоне B. Нарушение теплообмена.,0
Medium,2026-05-13,22:31:50.966,2026-05-13T22:31:50.966,Shaft_Displacement,Compressor Station A,Critical threshold broken for Shaft_Displacement,Осевое смещение вала за пределами допуска. Проверить муфту и опоры.,0
High,2026-05-13,22:38:14.841,2026-05-13T22:38:14.841,Vib_Sensor_04_Err,Compressor Station A,Critical threshold broken for Vib_Sensor_04_Err,Вибрация превысила критический порог. Возможный износ подшипника или дисбаланс ротора.,1
High,2026-05-13,22:42:00.177,2026-05-13T22:42:00.177,Vib_Sensor_04_Err,Compressor Station A,Critical threshold broken for Vib_Sensor_04_Err,Вибрация превысила критический порог. Возможный износ подшипника или дисбаланс ротора.,1
High,2026-05-13,22:49:03.517,2026-05-13T22:49:03.517,HX_FoulingAlarm,Heat Exchanger C,Critical threshold broken for HX_FoulingAlarm,Загрязнение теплообменника. Снижение КПД — требуется промывка.,1
High,2026-05-13,22:50:12.627,2026-05-13T22:50:12.627,Vib_Sensor_04_Err,Compressor Station A,Critical threshold broken for Vib_Sensor_04_Err,Вибрация превысила критический порог. Возможный износ подшипника или дисбаланс ротора.,1
Medium,2026-05-13,23:03:50.552,2026-05-13T23:03:50.552,Lube_Oil_Press_Low,Compressor Station A,Critical threshold broken for Lube_Oil_Press_Low,Давление смазочного масла ниже нормы. Проверить масляный насос и фильтры.,0
Medium,2026-05-13,23:07:31.738,2026-05-13T23:07:31.738,Shaft_Displacement,Compressor Station A,Critical threshold broken for Shaft_Displacement,Осевое смещение вала за пределами допуска. Проверить муфту и опоры.,0
Medium,2026-05-13,23:13:29.292,2026-05-13T23:13:29.292,Temp_Delta_High,Heat Exchanger C,Critical threshold broken for Temp_Delta_High,Высокая разница температур. Нарушение режима теплопередачи.,0
Medium,2026-05-13,23:19:56.721,2026-05-13T23:19:56.721,Lube_Oil_Press_Low,Compressor Station A,Critical threshold broken for Lube_Oil_Press_Low,Давление смазочного масла ниже нормы. Проверить масляный насос и фильтры.,0
Medium,2026-05-13,23:26:56.427,2026-05-13T23:26:56.427,Bearing_Temp_High,Compressor Station A,Critical threshold broken for Bearing_Temp_High,Перегрев подшипника. Недостаточная смазка или повреждение обоймы.,0
High,2026-05-13,23:28:20.140,2026-05-13T23:28:20.140,Steam_Press_High,Boiler Unit,Critical threshold broken for Steam_Press_High,Давление пара превышает норму. Проверить регулятор давления и предохранительный клапан.,1
Medium,2026-05-13,23:33:05.525,2026-05-13T23:33:05.525,Bearing_Temp_High,Compressor Station A,Critical threshold broken for Bearing_Temp_High,Перегрев подшипника. Недостаточная смазка или повреждение обоймы.,0
High,2026-05-13,23:43:55.331,2026-05-13T23:43:55.331,Vib_Sensor_04_Err,Compressor Station A,Critical threshold broken for Vib_Sensor_04_Err,Вибрация превысила критический порог. Возможный износ подшипника или дисбаланс ротора.,1
High,2026-05-13,23:44:28.113,2026-05-13T23:44:28.113,Pump_Cavitation,Pump Station B,Critical threshold broken for Pump_Cavitation,Кавитация насоса. Снизить производительность или повысить давление на входе.,1
Medium,2026-05-14,00:09:17.970,2026-05-14T00:09:17.970,Valve_Stuck_Close,Boiler Unit,Critical threshold broken for Valve_Stuck_Close,Клапан не открывается. Механическая блокировка или отказ привода.,0
High,2026-05-14,00:15:08.395,2026-05-14T00:15:08.395,Vib_Sensor_04_Err,Compressor Station A,Critical threshold broken for Vib_Sensor_04_Err,Вибрация превысила критический порог. Возможный износ подшипника или дисбаланс ротора.,1
Medium,2026-05-14,00:20:18.396,2026-05-14T00:20:18.396,Bearing_Temp_High,Compressor Station A,Critical threshold broken for Bearing_Temp_High,Перегрев подшипника. Недостаточная смазка или повреждение обоймы.,0
High,2026-05-14,00:23:59.686,2026-05-14T00:23:59.686,Vib_Sensor_04_Err,Compressor Station A,Critical threshold broken for Vib_Sensor_04_Err,Вибрация превысила критический порог. Возможный износ подшипника или дисбаланс ротора.,1
High,2026-05-14,00:35:24.508,2026-05-14T00:35:24.508,Vib_Sensor_04_Err,Compressor Station A,Critical threshold broken for Vib_Sensor_04_Err,Вибрация превысила критический порог. Возможный износ подшипника или дисбаланс ротора.,1
Medium,2026-05-14,00:39:26.843,2026-05-14T00:39:26.843,Temp_Delta_High,Heat Exchanger C,Critical threshold broken for Temp_Delta_High,Высокая разница температур. Нарушение режима теплопередачи.,0
Medium,2026-05-14,00:43:51.138,2026-05-14T00:43:51.138,Bearing_Temp_High,Compressor Station A,Critical threshold broken for Bearing_Temp_High,Перегрев подшипника. Недостаточная смазка или повреждение обоймы.,0
High,2026-05-14,00:55:39.614,2026-05-14T00:55:39.614,Vib_Sensor_04_Err,Compressor Station A,Critical threshold broken for Vib_Sensor_04_Err,Вибрация превысила критический порог. Возможный износ подшипника или дисбаланс ротора.,1
High,2026-05-14,00:56:32.817,2026-05-14T00:56:32.817,Pump_Cavitation,Pump Station B,Critical threshold broken for Pump_Cavitation,Кавитация насоса. Снизить производительность или повысить давление на входе.,1
High,2026-05-14,01:02:16.578,2026-05-14T01:02:16.578,Vib_Sensor_04_Err,Compressor Station A,Critical threshold broken for Vib_Sensor_04_Err,Вибрация превысила критический порог. Возможный износ подшипника или дисбаланс ротора.,1
Medium,2026-05-14,01:08:43.219,2026-05-14T01:08:43.219,Bearing_Temp_High,Compressor Station A,Critical threshold broken for Bearing_Temp_High,Перегрев подшипника. Недостаточная смазка или повреждение обоймы.,0
High,2026-05-14,01:12:49.275,2026-05-14T01:12:49.275,Steam_Press_High,Boiler Unit,Critical threshold broken for Steam_Press_High,Давление пара превышает норму. Проверить регулятор давления и предохранительный клапан.,1
Medium,2026-05-14,01:22:40.349,2026-05-14T01:22:40.349,Lube_Oil_Press_Low,Compressor Station A,Critical threshold broken for Lube_Oil_Press_Low,Давление смазочного масла ниже нормы. Проверить масляный насос и фильтры.,0
High,2026-05-14,01:27:47.423,2026-05-14T01:27:47.423,HX_FoulingAlarm,Heat Exchanger C,Critical threshold broken for HX_FoulingAlarm,Загрязнение теплообменника. Снижение КПД — требуется промывка.,1
Medium,2026-05-14,01:31:46.125,2026-05-14T01:31:46.125,Valve_Stuck_Close,Boiler Unit,Critical threshold broken for Valve_Stuck_Close,Клапан не открывается. Механическая блокировка или отказ привода.,0
High,2026-05-14,01:34:34.906,2026-05-14T01:34:34.906,Pump_Cavitation,Pump Station B,Critical threshold broken for Pump_Cavitation,Кавитация насоса. Снизить производительность или повысить давление на входе.,1
Medium,2026-05-14,01:40:50.944,2026-05-14T01:40:50.944,Lube_Oil_Press_Low,Compressor Station A,Critical threshold broken for Lube_Oil_Press_Low,Давление смазочного масла ниже нормы. Проверить масляный насос и фильтры.,0
High,2026-05-14,01:50:11.178,2026-05-14T01:50:11.178,HX_FoulingAlarm,Heat Exchanger C,Critical threshold broken for HX_FoulingAlarm,Загрязнение теплообменника. Снижение КПД — требуется промывка.,1
High,2026-05-14,02:04:30.769,2026-05-14T02:04:30.769,Vib_Sensor_04_Err,Compressor Station A,Critical threshold broken for Vib_Sensor_04_Err,Вибрация превысила критический порог. Возможный износ подшипника или дисбаланс ротора.,1
Medium,2026-05-14,02:11:27.414,2026-05-14T02:11:27.414,Valve_Stuck_Close,Boiler Unit,Critical threshold broken for Valve_Stuck_Close,Клапан не открывается. Механическая блокировка или отказ привода.,0
Medium,2026-05-14,02:12:51.549,2026-05-14T02:12:51.549,Pressure_Drop,Pump Station B,Critical threshold broken for Pressure_Drop,Падение давления. Возможна утечка или засорение фильтра.,0
Medium,2026-05-14,02:27:11.615,2026-05-14T02:27:11.615,Lube_Oil_Press_Low,Compressor Station A,Critical threshold broken for Lube_Oil_Press_Low,Давление смазочного масла ниже нормы. Проверить масляный насос и фильтры.,0
Medium,2026-05-14,02:33:48.182,2026-05-14T02:33:48.182,Shaft_Displacement,Compressor Station A,Critical threshold broken for Shaft_Displacement,Осевое смещение вала за пределами допуска. Проверить муфту и опоры.,0
Low,2026-05-14,02:36:44.871,2026-05-14T02:36:44.871,Temp_Crit_B,Boiler Unit,Critical threshold broken for Temp_Crit_B,Критическая температура в зоне B. Нарушение теплообмена.,0
Low,2026-05-14,02:36:56.058,2026-05-14T02:36:56.058,Valve_Slow,Compressor Station A,Critical threshold broken for Valve_Slow,Запаздывание клапана. Загрязнение привода или износ уплотнений.,0
Medium,2026-05-14,02:39:56.156,2026-05-14T02:39:56.156,Shaft_Displacement,Compressor Station A,Critical threshold broken for Shaft_Displacement,Осевое смещение вала за пределами допуска. Проверить муфту и опоры.,0
Low,2026-05-14,02:40:38.347,2026-05-14T02:40:38.347,Valve_Slow,Compressor Station A,Critical threshold broken for Valve_Slow,Запаздывание клапана. Загрязнение привода или износ уплотнений.,0
High,2026-05-14,02:52:40.944,2026-05-14T02:52:40.944,Vib_Sensor_04_Err,Compressor Station A,Critical threshold broken for Vib_Sensor_04_Err,Вибрация превысила критический порог. Возможный износ подшипника или дисбаланс ротора.,1
Medium,2026-05-14,03:03:05.639,2026-05-14T03:03:05.639,Lube_Oil_Press_Low,Compressor Station A,Critical threshold broken for Lube_Oil_Press_Low,Давление смазочного масла ниже нормы. Проверить масляный насос и фильтры.,0
Medium,2026-05-14,03:04:15.852,2026-05-14T03:04:15.852,Temp_Delta_High,Heat Exchanger C,Critical threshold broken for Temp_Delta_High,Высокая разница температур. Нарушение режима теплопередачи.,0
Medium,2026-05-14,03:18:49.652,2026-05-14T03:18:49.652,Pressure_Drop,Pump Station B,Critical threshold broken for Pressure_Drop,Падение давления. Возможна утечка или засорение фильтра.,0
Medium,2026-05-14,03:37:37.656,2026-05-14T03:37:37.656,Flow_Low,Pump Station B,Critical threshold broken for Flow_Low,Низкий расход. Проверить задвижки и состояние рабочего колеса.,0
High,2026-05-14,03:49:29.578,2026-05-14T03:49:29.578,Vib_Sensor_04_Err,Compressor Station A,Critical threshold broken for Vib_Sensor_04_Err,Вибрация превысила критический порог. Возможный износ подшипника или дисбаланс ротора.,1
Medium,2026-05-14,04:08:12.079,2026-05-14T04:08:12.079,Flow_Low,Pump Station B,Critical threshold broken for Flow_Low,Низкий расход. Проверить задвижки и состояние рабочего колеса.,0
High,2026-05-14,04:10:59.270,2026-05-14T04:10:59.270,Vib_Sensor_04_Err,Compressor Station A,Critical threshold broken for Vib_Sensor_04_Err,Вибрация превысила критический порог. Возможный износ подшипника или дисбаланс ротора.,1
High,2026-05-14,04:23:22.927,2026-05-14T04:23:22.927,HX_FoulingAlarm,Heat Exchanger C,Critical threshold broken for HX_FoulingAlarm,Загрязнение теплообменника. Снижение КПД — требуется промывка.,1
Medium,2026-05-14,04:23:48.744,2026-05-14T04:23:48.744,Flow_Low,Pump Station B,Critical threshold broken for Flow_Low,Низкий расход. Проверить задвижки и состояние рабочего колеса.,0
High,2026-05-14,04:25:09.594,2026-05-14T04:25:09.594,HX_FoulingAlarm,Heat Exchanger C,Critical threshold broken for HX_FoulingAlarm,Загрязнение теплообменника. Снижение КПД — требуется промывка.,1
Low,2026-05-14,04:29:27.690,2026-05-14T04:29:27.690,Flow_Variance,Boiler Unit,Critical threshold broken for Flow_Variance,Нестабильный расход. Частичное засорение трубопровода.,0
Medium,2026-05-14,04:32:32.793,2026-05-14T04:32:32.793,Shaft_Displacement,Compressor Station A,Critical threshold broken for Shaft_Displacement,Осевое смещение вала за пределами допуска. Проверить муфту и опоры.,0
Low,2026-05-14,04:38:13.517,2026-05-14T04:38:13.517,Valve_Slow,Compressor Station A,Critical threshold broken for Valve_Slow,Запаздывание клапана. Загрязнение привода или износ уплотнений.,0
Medium,2026-05-14,04:46:17.027,2026-05-14T04:46:17.027,Lube_Oil_Press_Low,Compressor Station A,Critical threshold broken for Lube_Oil_Press_Low,Давление смазочного масла ниже нормы. Проверить масляный насос и фильтры.,0
Medium,2026-05-14,04:50:43.506,2026-05-14T04:50:43.506,Lube_Oil_Press_Low,Compressor Station A,Critical threshold broken for Lube_Oil_Press_Low,Давление смазочного масла ниже нормы. Проверить масляный насос и фильтры.,0
Medium,2026-05-14,04:54:35.150,2026-05-14T04:54:35.150,Shaft_Displacement,Compressor Station A,Critical threshold broken for Shaft_Displacement,Осевое смещение вала за пределами допуска. Проверить муфту и опоры.,0
High,2026-05-14,04:57:58.156,2026-05-14T04:57:58.156,Vib_Sensor_04_Err,Compressor Station A,Critical threshold broken for Vib_Sensor_04_Err,Вибрация превысила критический порог. Возможный износ подшипника или дисбаланс ротора.,1
Medium,2026-05-14,05:00:13.966,2026-05-14T05:00:13.966,Bearing_Temp_High,Compressor Station A,Critical threshold broken for Bearing_Temp_High,Перегрев подшипника. Недостаточная смазка или повреждение обоймы.,0
High,2026-05-14,05:00:33.183,2026-05-14T05:00:33.183,Vib_Sensor_04_Err,Compressor Station A,Critical threshold broken for Vib_Sensor_04_Err,Вибрация превысила критический порог. Возможный износ подшипника или дисбаланс ротора.,1
Medium,2026-05-14,05:04:28.799,2026-05-14T05:04:28.799,Lube_Oil_Press_Low,Compressor Station A,Critical threshold broken for Lube_Oil_Press_Low,Давление смазочного масла ниже нормы. Проверить масляный насос и фильтры.,0
High,2026-05-14,05:07:32.310,2026-05-14T05:07:32.310,Vib_Sensor_04_Err,Compressor Station A,Critical threshold broken for Vib_Sensor_04_Err,Вибрация превысила критический порог. Возможный износ подшипника или дисбаланс ротора.,1
Low,2026-05-14,05:11:44.622,2026-05-14T05:11:44.622,Flow_Restrict,Heat Exchanger C,Critical threshold broken for Flow_Restrict,Ограничение потока. Частичное перекрытие прохода.,0
High,2026-05-14,05:14:55.806,2026-05-14T05:14:55.806,Vib_Sensor_04_Err,Compressor Station A,Critical threshold broken for Vib_Sensor_04_Err,Вибрация превысила критический порог. Возможный износ подшипника или дисбаланс ротора.,1
Medium,2026-05-14,05:23:25.778,2026-05-14T05:23:25.778,Temp_Delta_High,Heat Exchanger C,Critical threshold broken for Temp_Delta_High,Высокая разница температур. Нарушение режима теплопередачи.,0
Medium,2026-05-14,05:25:47.766,2026-05-14T05:25:47.766,Temp_Delta_High,Heat Exchanger C,Critical threshold broken for Temp_Delta_High,Высокая разница температур. Нарушение режима теплопередачи.,0
Medium,2026-05-14,05:37:09.363,2026-05-14T05:37:09.363,Lube_Oil_Press_Low,Compressor Station A,Critical threshold broken for Lube_Oil_Press_Low,Давление смазочного масла ниже нормы. Проверить масляный насос и фильтры.,0
Medium,2026-05-14,05:39:48.296,2026-05-14T05:39:48.296,Lube_Oil_Press_Low,Compressor Station A,Critical threshold broken for Lube_Oil_Press_Low,Давление смазочного масла ниже нормы. Проверить масляный насос и фильтры.,0
Medium,2026-05-14,05:43:20.418,2026-05-14T05:43:20.418,Lube_Oil_Press_Low,Compressor Station A,Critical threshold broken for Lube_Oil_Press_Low,Давление смазочного масла ниже нормы. Проверить масляный насос и фильтры.,0
High,2026-05-14,05:53:50.248,2026-05-14T05:53:50.248,Vib_Sensor_04_Err,Compressor Station A,Critical threshold broken for Vib_Sensor_04_Err,Вибрация превысила критический порог. Возможный износ подшипника или дисбаланс ротора.,1
Medium,2026-05-14,05:56:35.934,2026-05-14T05:56:35.934,Bearing_Temp_High,Compressor Station A,Critical threshold broken for Bearing_Temp_High,Перегрев подшипника. Недостаточная смазка или повреждение обоймы.,0
High,2026-05-14,06:03:17.359,2026-05-14T06:03:17.359,HX_FoulingAlarm,Heat Exchanger C,Critical threshold broken for HX_FoulingAlarm,Загрязнение теплообменника. Снижение КПД — требуется промывка.,1
High,2026-05-14,06:23:15.712,2026-05-14T06:23:15.712,HX_FoulingAlarm,Heat Exchanger C,Critical threshold broken for HX_FoulingAlarm,Загрязнение теплообменника. Снижение КПД — требуется промывка.,1
High,2026-05-14,06:30:37.129,2026-05-14T06:30:37.129,Vib_Sensor_04_Err,Compressor Station A,Critical threshold broken for Vib_Sensor_04_Err,Вибрация превысила критический порог. Возможный износ подшипника или дисбаланс ротора.,1
Low,2026-05-14,06:44:01.826,2026-05-14T06:44:01.826,Flow_Variance,Boiler Unit,Critical threshold broken for Flow_Variance,Нестабильный расход. Частичное засорение трубопровода.,0
Medium,2026-05-14,06:51:00.831,2026-05-14T06:51:00.831,Pressure_Drop,Pump Station B,Critical threshold broken for Pressure_Drop,Падение давления. Возможна утечка или засорение фильтра.,0
Medium,2026-05-14,06:51:26.635,2026-05-14T06:51:26.635,Bearing_Temp_High,Compressor Station A,Critical threshold broken for Bearing_Temp_High,Перегрев подшипника. Недостаточная смазка или повреждение обоймы.,0
Medium,2026-05-14,06:52:21.936,2026-05-14T06:52:21.936,Valve_Stuck_Close,Boiler Unit,Critical threshold broken for Valve_Stuck_Close,Клапан не открывается. Механическая блокировка или отказ привода.,0
High,2026-05-14,07:09:52.520,2026-05-14T07:09:52.520,Vib_Sensor_04_Err,Compressor Station A,Critical threshold broken for Vib_Sensor_04_Err,Вибрация превысила критический порог. Возможный износ подшипника или дисбаланс ротора.,1
Medium,2026-05-14,07:12:00.578,2026-05-14T07:12:00.578,Lube_Oil_Press_Low,Compressor Station A,Critical threshold broken for Lube_Oil_Press_Low,Давление смазочного масла ниже нормы. Проверить масляный насос и фильтры.,0
Medium,2026-05-14,07:21:10.617,2026-05-14T07:21:10.617,Bearing_Temp_High,Compressor Station A,Critical threshold broken for Bearing_Temp_High,Перегрев подшипника. Недостаточная смазка или повреждение обоймы.,0
Medium,2026-05-14,07:21:25.575,2026-05-14T07:21:25.575,Lube_Oil_Press_Low,Compressor Station A,Critical threshold broken for Lube_Oil_Press_Low,Давление смазочного масла ниже нормы. Проверить масляный насос и фильтры.,0
Medium,2026-05-14,07:28:18.529,2026-05-14T07:28:18.529,Valve_Stuck_Close,Boiler Unit,Critical threshold broken for Valve_Stuck_Close,Клапан не открывается. Механическая блокировка или отказ привода.,0
Medium,2026-05-14,07:30:44.315,2026-05-14T07:30:44.315,Lube_Oil_Press_Low,Compressor Station A,Critical threshold broken for Lube_Oil_Press_Low,Давление смазочного масла ниже нормы. Проверить масляный насос и фильтры.,0
Medium,2026-05-14,07:31:26.100,2026-05-14T07:31:26.100,Lube_Oil_Press_Low,Compressor Station A,Critical threshold broken for Lube_Oil_Press_Low,Давление смазочного масла ниже нормы. Проверить масляный насос и фильтры.,0
High,2026-05-14,07:33:00.616,2026-05-14T07:33:00.616,Vib_Sensor_04_Err,Compressor Station A,Critical threshold broken for Vib_Sensor_04_Err,Вибрация превысила критический порог. Возможный износ подшипника или дисбаланс ротора.,1
Medium,2026-05-14,07:33:21.994,2026-05-14T07:33:21.994,Pressure_Drop,Pump Station B,Critical threshold broken for Pressure_Drop,Падение давления. Возможна утечка или засорение фильтра.,0
Low,2026-05-14,07:34:49.756,2026-05-14T07:34:49.756,Temp_Crit_B,Boiler Unit,Critical threshold broken for Temp_Crit_B,Критическая температура в зоне B. Нарушение теплообмена.,0
Medium,2026-05-14,07:35:13.538,2026-05-14T07:35:13.538,Pressure_Drop,Pump Station B,Critical threshold broken for Pressure_Drop,Падение давления. Возможна утечка или засорение фильтра.,0
High,2026-05-14,07:36:00.941,2026-05-14T07:36:00.941,HX_FoulingAlarm,Heat Exchanger C,Critical threshold broken for HX_FoulingAlarm,Загрязнение теплообменника. Снижение КПД — требуется промывка.,1
High,2026-05-14,07:39:44.165,2026-05-14T07:39:44.165,HX_FoulingAlarm,Heat Exchanger C,Critical threshold broken for HX_FoulingAlarm,Загрязнение теплообменника. Снижение КПД — требуется промывка.,1
High,2026-05-14,07:49:40.663,2026-05-14T07:49:40.663,Vib_Sensor_04_Err,Compressor Station A,Critical threshold broken for Vib_Sensor_04_Err,Вибрация превысила критический порог. Возможный износ подшипника или дисбаланс ротора.,1
Low,2026-05-14,07:55:25.011,2026-05-14T07:55:25.011,Valve_Slow,Compressor Station A,Critical threshold broken for Valve_Slow,Запаздывание клапана. Загрязнение привода или износ уплотнений.,0
High,2026-05-14,07:55:46.310,2026-05-14T07:55:46.310,Vib_Sensor_04_Err,Compressor Station A,Critical threshold broken for Vib_Sensor_04_Err,Вибрация превысила критический порог. Возможный износ подшипника или дисбаланс ротора.,1
Medium,2026-05-14,07:59:43.416,2026-05-14T07:59:43.416,Bearing_Temp_High,Compressor Station A,Critical threshold broken for Bearing_Temp_High,Перегрев подшипника. Недостаточная смазка или повреждение обоймы.,0
High,2026-05-14,08:23:03.278,2026-05-14T08:23:03.278,Vib_Sensor_04_Err,Compressor Station A,Critical threshold broken for Vib_Sensor_04_Err,Вибрация превысила критический порог. Возможный износ подшипника или дисбаланс ротора.,1
Medium,2026-05-14,08:29:12.800,2026-05-14T08:29:12.800,Temp_Delta_High,Heat Exchanger C,Critical threshold broken for Temp_Delta_High,Высокая разница температур. Нарушение режима теплопередачи.,0
High,2026-05-14,08:30:14.773,2026-05-14T08:30:14.773,Vib_Sensor_04_Err,Compressor Station A,Critical threshold broken for Vib_Sensor_04_Err,Вибрация превысила критический порог. Возможный износ подшипника или дисбаланс ротора.,1
High,2026-05-14,08:30:24.216,2026-05-14T08:30:24.216,Steam_Press_High,Boiler Unit,Critical threshold broken for Steam_Press_High,Давление пара превышает норму. Проверить регулятор давления и предохранительный клапан.,1
Medium,2026-05-14,08:42:37.158,2026-05-14T08:42:37.158,Shaft_Displacement,Compressor Station A,Critical threshold broken for Shaft_Displacement,Осевое смещение вала за пределами допуска. Проверить муфту и опоры.,0
Medium,2026-05-14,08:51:52.627,2026-05-14T08:51:52.627,Lube_Oil_Press_Low,Compressor Station A,Critical threshold broken for Lube_Oil_Press_Low,Давление смазочного масла ниже нормы. Проверить масляный насос и фильтры.,0
High,2026-05-14,08:53:29.174,2026-05-14T08:53:29.174,Vib_Sensor_04_Err,Compressor Station A,Critical threshold broken for Vib_Sensor_04_Err,Вибрация превысила критический порог. Возможный износ подшипника или дисбаланс ротора.,1
Medium,2026-05-14,08:56:50.850,2026-05-14T08:56:50.850,Lube_Oil_Press_Low,Compressor Station A,Critical threshold broken for Lube_Oil_Press_Low,Давление смазочного масла ниже нормы. Проверить масляный насос и фильтры.,0
High,2026-05-14,09:03:19.670,2026-05-14T09:03:19.670,Steam_Press_High,Boiler Unit,Critical threshold broken for Steam_Press_High,Давление пара превышает норму. Проверить регулятор давления и предохранительный клапан.,1
High,2026-05-14,09:17:11.572,2026-05-14T09:17:11.572,Vib_Sensor_04_Err,Compressor Station A,Critical threshold broken for Vib_Sensor_04_Err,Вибрация превысила критический порог. Возможный износ подшипника или дисбаланс ротора.,1
Medium,2026-05-14,09:20:42.423,2026-05-14T09:20:42.423,Lube_Oil_Press_Low,Compressor Station A,Critical threshold broken for Lube_Oil_Press_Low,Давление смазочного масла ниже нормы. Проверить масляный насос и фильтры.,0
Medium,2026-05-14,09:36:49.385,2026-05-14T09:36:49.385,Shaft_Displacement,Compressor Station A,Critical threshold broken for Shaft_Displacement,Осевое смещение вала за пределами допуска. Проверить муфту и опоры.,0
Medium,2026-05-14,09:37:58.289,2026-05-14T09:37:58.289,Bearing_Temp_High,Compressor Station A,Critical threshold broken for Bearing_Temp_High,Перегрев подшипника. Недостаточная смазка или повреждение обоймы.,0
High,2026-05-14,10:00:07.630,2026-05-14T10:00:07.630,Vib_Sensor_04_Err,Compressor Station A,Critical threshold broken for Vib_Sensor_04_Err,Вибрация превысила критический порог. Возможный износ подшипника или дисбаланс ротора.,1
Low,2026-05-14,10:03:32.627,2026-05-14T10:03:32.627,Temp_Crit_B,Boiler Unit,Critical threshold broken for Temp_Crit_B,Критическая температура в зоне B. Нарушение теплообмена.,0
High,2026-05-14,10:13:38.457,2026-05-14T10:13:38.457,Vib_Sensor_04_Err,Compressor Station A,Critical threshold broken for Vib_Sensor_04_Err,Вибрация превысила критический порог. Возможный износ подшипника или дисбаланс ротора.,1
Low,2026-05-14,10:13:40.893,2026-05-14T10:13:40.893,Valve_Slow,Compressor Station A,Critical threshold broken for Valve_Slow,Запаздывание клапана. Загрязнение привода или износ уплотнений.,0
Medium,2026-05-14,10:18:01.687,2026-05-14T10:18:01.687,Temp_Delta_High,Heat Exchanger C,Critical threshold broken for Temp_Delta_High,Высокая разница температур. Нарушение режима теплопередачи.,0
High,2026-05-14,10:26:34.592,2026-05-14T10:26:34.592,HX_FoulingAlarm,Heat Exchanger C,Critical threshold broken for HX_FoulingAlarm,Загрязнение теплообменника. Снижение КПД — требуется промывка.,1
Medium,2026-05-14,10:30:23.502,2026-05-14T10:30:23.502,Bearing_Temp_High,Compressor Station A,Critical threshold broken for Bearing_Temp_High,Перегрев подшипника. Недостаточная смазка или повреждение обоймы.,0
Medium,2026-05-14,10:34:17.597,2026-05-14T10:34:17.597,Flow_Low,Pump Station B,Critical threshold broken for Flow_Low,Низкий расход. Проверить задвижки и состояние рабочего колеса.,0
Low,2026-05-14,10:35:08.427,2026-05-14T10:35:08.427,Flow_Restrict,Heat Exchanger C,Critical threshold broken for Flow_Restrict,Ограничение потока. Частичное перекрытие прохода.,0
Medium,2026-05-14,10:38:14.573,2026-05-14T10:38:14.573,Lube_Oil_Press_Low,Compressor Station A,Critical threshold broken for Lube_Oil_Press_Low,Давление смазочного масла ниже нормы. Проверить масляный насос и фильтры.,0
High,2026-05-14,10:44:25.597,2026-05-14T10:44:25.597,Vib_Sensor_04_Err,Compressor Station A,Critical threshold broken for Vib_Sensor_04_Err,Вибрация превысила критический порог. Возможный износ подшипника или дисбаланс ротора.,1
High,2026-05-14,10:51:47.806,2026-05-14T10:51:47.806,Steam_Press_High,Boiler Unit,Critical threshold broken for Steam_Press_High,Давление пара превышает норму. Проверить регулятор давления и предохранительный клапан.,1
High,2026-05-14,10:54:53.102,2026-05-14T10:54:53.102,Vib_Sensor_04_Err,Compressor Station A,Critical threshold broken for Vib_Sensor_04_Err,Вибрация превысила критический порог. Возможный износ подшипника или дисбаланс ротора.,1
High,2026-05-14,11:03:27.305,2026-05-14T11:03:27.305,Vib_Sensor_04_Err,Compressor Station A,Critical threshold broken for Vib_Sensor_04_Err,Вибрация превысила критический порог. Возможный износ подшипника или дисбаланс ротора.,1
High,2026-05-14,11:35:22.279,2026-05-14T11:35:22.279,Vib_Sensor_04_Err,Compressor Station A,Critical threshold broken for Vib_Sensor_04_Err,Вибрация превысила критический порог. Возможный износ подшипника или дисбаланс ротора.,1
Medium,2026-05-14,11:35:23.526,2026-05-14T11:35:23.526,Lube_Oil_Press_Low,Compressor Station A,Critical threshold broken for Lube_Oil_Press_Low,Давление смазочного масла ниже нормы. Проверить масляный насос и фильтры.,0
Low,2026-05-14,11:35:51.510,2026-05-14T11:35:51.510,Valve_Slow,Compressor Station A,Critical threshold broken for Valve_Slow,Запаздывание клапана. Загрязнение привода или износ уплотнений.,0
High,2026-05-14,11:40:39.526,2026-05-14T11:40:39.526,Vib_Sensor_04_Err,Compressor Station A,Critical threshold broken for Vib_Sensor_04_Err,Вибрация превысила критический порог. Возможный износ подшипника или дисбаланс ротора.,1
Medium,2026-05-14,11:43:33.058,2026-05-14T11:43:33.058,Pressure_Drop,Pump Station B,Critical threshold broken for Pressure_Drop,Падение давления. Возможна утечка или засорение фильтра.,0
High,2026-05-14,11:47:05.171,2026-05-14T11:47:05.171,Vib_Sensor_04_Err,Compressor Station A,Critical threshold broken for Vib_Sensor_04_Err,Вибрация превысила критический порог. Возможный износ подшипника или дисбаланс ротора.,1
High,2026-05-14,12:00:25.618,2026-05-14T12:00:25.618,Vib_Sensor_04_Err,Compressor Station A,Critical threshold broken for Vib_Sensor_04_Err,Вибрация превысила критический порог. Возможный износ подшипника или дисбаланс ротора.,1
High,2026-05-14,12:01:11.137,2026-05-14T12:01:11.137,Vib_Sensor_04_Err,Compressor Station A,Critical threshold broken for Vib_Sensor_04_Err,Вибрация превысила критический порог. Возможный износ подшипника или дисбаланс ротора.,1
Medium,2026-05-14,12:15:59.706,2026-05-14T12:15:59.706,Temp_Delta_High,Heat Exchanger C,Critical threshold broken for Temp_Delta_High,Высокая разница температур. Нарушение режима теплопередачи.,0
High,2026-05-14,12:18:11.533,2026-05-14T12:18:11.533,Vib_Sensor_04_Err,Compressor Station A,Critical threshold broken for Vib_Sensor_04_Err,Вибрация превысила критический порог. Возможный износ подшипника или дисбаланс ротора.,1
High,2026-05-14,12:18:17.733,2026-05-14T12:18:17.733,Vib_Sensor_04_Err,Compressor Station A,Critical threshold broken for Vib_Sensor_04_Err,Вибрация превысила критический порог. Возможный износ подшипника или дисбаланс ротора.,1
High,2026-05-14,12:19:08.531,2026-05-14T12:19:08.531,Vib_Sensor_04_Err,Compressor Station A,Critical threshold broken for Vib_Sensor_04_Err,Вибрация превысила критический порог. Возможный износ подшипника или дисбаланс ротора.,1
High,2026-05-14,12:30:28.959,2026-05-14T12:30:28.959,Vib_Sensor_04_Err,Compressor Station A,Critical threshold broken for Vib_Sensor_04_Err,Вибрация превысила критический порог. Возможный износ подшипника или дисбаланс ротора.,1
Medium,2026-05-14,12:45:06.964,2026-05-14T12:45:06.964,Valve_Stuck_Close,Boiler Unit,Critical threshold broken for Valve_Stuck_Close,Клапан не открывается. Механическая блокировка или отказ привода.,0
High,2026-05-14,12:46:11.526,2026-05-14T12:46:11.526,Pump_Cavitation,Pump Station B,Critical threshold broken for Pump_Cavitation,Кавитация насоса. Снизить производительность или повысить давление на входе.,1
Low,2026-05-14,12:49:16.280,2026-05-14T12:49:16.280,Valve_Slow,Compressor Station A,Critical threshold broken for Valve_Slow,Запаздывание клапана. Загрязнение привода или износ уплотнений.,0
Medium,2026-05-14,13:02:51.784,2026-05-14T13:02:51.784,Pressure_Drop,Pump Station B,Critical threshold broken for Pressure_Drop,Падение давления. Возможна утечка или засорение фильтра.,0
Low,2026-05-14,13:04:02.422,2026-05-14T13:04:02.422,Valve_Slow,Compressor Station A,Critical threshold broken for Valve_Slow,Запаздывание клапана. Загрязнение привода или износ уплотнений.,0
Medium,2026-05-14,13:05:09.219,2026-05-14T13:05:09.219,Lube_Oil_Press_Low,Compressor Station A,Critical threshold broken for Lube_Oil_Press_Low,Давление смазочного масла ниже нормы. Проверить масляный насос и фильтры.,0
High,2026-05-14,13:05:47.567,2026-05-14T13:05:47.567,Vib_Sensor_04_Err,Compressor Station A,Critical threshold broken for Vib_Sensor_04_Err,Вибрация превысила критический порог. Возможный износ подшипника или дисбаланс ротора.,1
Medium,2026-05-14,13:22:35.853,2026-05-14T13:22:35.853,Shaft_Displacement,Compressor Station A,Critical threshold broken for Shaft_Displacement,Осевое смещение вала за пределами допуска. Проверить муфту и опоры.,0
High,2026-05-14,13:25:28.901,2026-05-14T13:25:28.901,Vib_Sensor_04_Err,Compressor Station A,Critical threshold broken for Vib_Sensor_04_Err,Вибрация превысила критический порог. Возможный износ подшипника или дисбаланс ротора.,1
High,2026-05-14,13:29:41.401,2026-05-14T13:29:41.401,HX_FoulingAlarm,Heat Exchanger C,Critical threshold broken for HX_FoulingAlarm,Загрязнение теплообменника. Снижение КПД — требуется промывка.,1
Low,2026-05-14,13:31:40.761,2026-05-14T13:31:40.761,Flow_Variance,Boiler Unit,Critical threshold broken for Flow_Variance,Нестабильный расход. Частичное засорение трубопровода.,0
Low,2026-05-14,13:40:20.235,2026-05-14T13:40:20.235,Valve_Slow,Compressor Station A,Critical threshold broken for Valve_Slow,Запаздывание клапана. Загрязнение привода или износ уплотнений.,0
High,2026-05-14,13:48:04.151,2026-05-14T13:48:04.151,Vib_Sensor_04_Err,Compressor Station A,Critical threshold broken for Vib_Sensor_04_Err,Вибрация превысила критический порог. Возможный износ подшипника или дисбаланс ротора.,1
High,2026-05-14,13:49:17.357,2026-05-14T13:49:17.357,Pump_Cavitation,Pump Station B,Critical threshold broken for Pump_Cavitation,Кавитация насоса. Снизить производительность или повысить давление на входе.,1
Medium,2026-05-14,13:53:17.868,2026-05-14T13:53:17.868,Pressure_Drop,Pump Station B,Critical threshold broken for Pressure_Drop,Падение давления. Возможна утечка или засорение фильтра.,0
High,2026-05-14,14:09:29.632,2026-05-14T14:09:29.632,HX_FoulingAlarm,Heat Exchanger C,Critical threshold broken for HX_FoulingAlarm,Загрязнение теплообменника. Снижение КПД — требуется промывка.,1
High,2026-05-14,14:11:23.140,2026-05-14T14:11:23.140,Vib_Sensor_04_Err,Compressor Station A,Critical threshold broken for Vib_Sensor_04_Err,Вибрация превысила критический порог. Возможный износ подшипника или дисбаланс ротора.,1
High,2026-05-14,14:13:42.904,2026-05-14T14:13:42.904,Vib_Sensor_04_Err,Compressor Station A,Critical threshold broken for Vib_Sensor_04_Err,Вибрация превысила критический порог. Возможный износ подшипника или дисбаланс ротора.,1
Medium,2026-05-14,14:27:35.061,2026-05-14T14:27:35.061,Lube_Oil_Press_Low,Compressor Station A,Critical threshold broken for Lube_Oil_Press_Low,Давление смазочного масла ниже нормы. Проверить масляный насос и фильтры.,0
High,2026-05-14,14:29:41.336,2026-05-14T14:29:41.336,Vib_Sensor_04_Err,Compressor Station A,Critical threshold broken for Vib_Sensor_04_Err,Вибрация превысила критический порог. Возможный износ подшипника или дисбаланс ротора.,1
Medium,2026-05-14,14:56:30.160,2026-05-14T14:56:30.160,Shaft_Displacement,Compressor Station A,Critical threshold broken for Shaft_Displacement,Осевое смещение вала за пределами допуска. Проверить муфту и опоры.,0
High,2026-05-14,14:56:46.260,2026-05-14T14:56:46.260,Vib_Sensor_04_Err,Compressor Station A,Critical threshold broken for Vib_Sensor_04_Err,Вибрация превысила критический порог. Возможный износ подшипника или дисбаланс ротора.,1
Medium,2026-05-14,15:02:40.127,2026-05-14T15:02:40.127,Valve_Stuck_Close,Boiler Unit,Critical threshold broken for Valve_Stuck_Close,Клапан не открывается. Механическая блокировка или отказ привода.,0
Low,2026-05-14,15:04:00.044,2026-05-14T15:04:00.044,Flow_Restrict,Heat Exchanger C,Critical threshold broken for Flow_Restrict,Ограничение потока. Частичное перекрытие прохода.,0
High,2026-05-14,15:10:07.066,2026-05-14T15:10:07.066,Steam_Press_High,Boiler Unit,Critical threshold broken for Steam_Press_High,Давление пара превышает норму. Проверить регулятор давления и предохранительный клапан.,1
Medium,2026-05-14,15:15:11.694,2026-05-14T15:15:11.694,Lube_Oil_Press_Low,Compressor Station A,Critical threshold broken for Lube_Oil_Press_Low,Давление смазочного масла ниже нормы. Проверить масляный насос и фильтры.,0
High,2026-05-14,15:15:33.775,2026-05-14T15:15:33.775,Steam_Press_High,Boiler Unit,Critical threshold broken for Steam_Press_High,Давление пара превышает норму. Проверить регулятор давления и предохранительный клапан.,1
Medium,2026-05-14,15:21:01.729,2026-05-14T15:21:01.729,Bearing_Temp_High,Compressor Station A,Critical threshold broken for Bearing_Temp_High,Перегрев подшипника. Недостаточная смазка или повреждение обоймы.,0
Low,2026-05-14,15:26:38.680,2026-05-14T15:26:38.680,Temp_Crit_B,Boiler Unit,Critical threshold broken for Temp_Crit_B,Критическая температура в зоне B. Нарушение теплообмена.,0
High,2026-05-14,15:40:06.653,2026-05-14T15:40:06.653,Vib_Sensor_04_Err,Compressor Station A,Critical threshold broken for Vib_Sensor_04_Err,Вибрация превысила критический порог. Возможный износ подшипника или дисбаланс ротора.,1
Medium,2026-05-14,15:49:25.841,2026-05-14T15:49:25.841,Lube_Oil_Press_Low,Compressor Station A,Critical threshold broken for Lube_Oil_Press_Low,Давление смазочного масла ниже нормы. Проверить масляный насос и фильтры.,0
High,2026-05-14,15:57:15.819,2026-05-14T15:57:15.819,Vib_Sensor_04_Err,Compressor Station A,Critical threshold broken for Vib_Sensor_04_Err,Вибрация превысила критический порог. Возможный износ подшипника или дисбаланс ротора.,1
High,2026-05-14,16:00:00.755,2026-05-14T16:00:00.755,Vib_Sensor_04_Err,Compressor Station A,Critical threshold broken for Vib_Sensor_04_Err,Вибрация превысила критический порог. Возможный износ подшипника или дисбаланс ротора.,1
High,2026-05-14,16:00:23.018,2026-05-14T16:00:23.018,Steam_Press_High,Boiler Unit,Critical threshold broken for Steam_Press_High,Давление пара превышает норму. Проверить регулятор давления и предохранительный клапан.,1
Low,2026-05-14,16:02:17.409,2026-05-14T16:02:17.409,Flow_Variance,Boiler Unit,Critical threshold broken for Flow_Variance,Нестабильный расход. Частичное засорение трубопровода.,0
Medium,2026-05-14,16:03:21.578,2026-05-14T16:03:21.578,Pressure_Drop,Pump Station B,Critical threshold broken for Pressure_Drop,Падение давления. Возможна утечка или засорение фильтра.,0
High,2026-05-14,16:10:35.012,2026-05-14T16:10:35.012,HX_FoulingAlarm,Heat Exchanger C,Critical threshold broken for HX_FoulingAlarm,Загрязнение теплообменника. Снижение КПД — требуется промывка.,1
High,2026-05-14,16:15:48.245,2026-05-14T16:15:48.245,Pump_Cavitation,Pump Station B,Critical threshold broken for Pump_Cavitation,Кавитация насоса. Снизить производительность или повысить давление на входе.,1
Medium,2026-05-14,16:24:31.042,2026-05-14T16:24:31.042,Lube_Oil_Press_Low,Compressor Station A,Critical threshold broken for Lube_Oil_Press_Low,Давление смазочного масла ниже нормы. Проверить масляный насос и фильтры.,0
Medium,2026-05-14,16:32:28.868,2026-05-14T16:32:28.868,Lube_Oil_Press_Low,Compressor Station A,Critical threshold broken for Lube_Oil_Press_Low,Давление смазочного масла ниже нормы. Проверить масляный насос и фильтры.,0
Low,2026-05-14,16:33:42.967,2026-05-14T16:33:42.967,Temp_Crit_B,Boiler Unit,Critical threshold broken for Temp_Crit_B,Критическая температура в зоне B. Нарушение теплообмена.,0
Medium,2026-05-14,16:34:06.761,2026-05-14T16:34:06.761,Bearing_Temp_High,Compressor Station A,Critical threshold broken for Bearing_Temp_High,Перегрев подшипника. Недостаточная смазка или повреждение обоймы.,0
Low,2026-05-14,16:35:04.936,2026-05-14T16:35:04.936,Temp_Crit_B,Boiler Unit,Critical threshold broken for Temp_Crit_B,Критическая температура в зоне B. Нарушение теплообмена.,0
Medium,2026-05-14,16:35:15.292,2026-05-14T16:35:15.292,Temp_Delta_High,Heat Exchanger C,Critical threshold broken for Temp_Delta_High,Высокая разница температур. Нарушение режима теплопередачи.,0
High,2026-05-14,16:36:39.285,2026-05-14T16:36:39.285,Steam_Press_High,Boiler Unit,Critical threshold broken for Steam_Press_High,Давление пара превышает норму. Проверить регулятор давления и предохранительный клапан.,1
Medium,2026-05-14,16:36:43.026,2026-05-14T16:36:43.026,Bearing_Temp_High,Compressor Station A,Critical threshold broken for Bearing_Temp_High,Перегрев подшипника. Недостаточная смазка или повреждение обоймы.,0
High,2026-05-14,16:38:35.702,2026-05-14T16:38:35.702,Vib_Sensor_04_Err,Compressor Station A,Critical threshold broken for Vib_Sensor_04_Err,Вибрация превысила критический порог. Возможный износ подшипника или дисбаланс ротора.,1
High,2026-05-14,16:42:18.790,2026-05-14T16:42:18.790,Steam_Press_High,Boiler Unit,Critical threshold broken for Steam_Press_High,Давление пара превышает норму. Проверить регулятор давления и предохранительный клапан.,1
Medium,2026-05-14,16:42:35.294,2026-05-14T16:42:35.294,Bearing_Temp_High,Compressor Station A,Critical threshold broken for Bearing_Temp_High,Перегрев подшипника. Недостаточная смазка или повреждение обоймы.,0
Medium,2026-05-14,16:43:12.491,2026-05-14T16:43:12.491,Shaft_Displacement,Compressor Station A,Critical threshold broken for Shaft_Displacement,Осевое смещение вала за пределами допуска. Проверить муфту и опоры.,0
Medium,2026-05-14,16:44:47.354,2026-05-14T16:44:47.354,Lube_Oil_Press_Low,Compressor Station A,Critical threshold broken for Lube_Oil_Press_Low,Давление смазочного масла ниже нормы. Проверить масляный насос и фильтры.,0
High,2026-05-14,16:45:03.002,2026-05-14T16:45:03.002,Pump_Cavitation,Pump Station B,Critical threshold broken for Pump_Cavitation,Кавитация насоса. Снизить производительность или повысить давление на входе.,1
Medium,2026-05-14,16:45:50.846,2026-05-14T16:45:50.846,Bearing_Temp_High,Compressor Station A,Critical threshold broken for Bearing_Temp_High,Перегрев подшипника. Недостаточная смазка или повреждение обоймы.,0
High,2026-05-14,16:47:16.941,2026-05-14T16:47:16.941,Pump_Cavitation,Pump Station B,Critical threshold broken for Pump_Cavitation,Кавитация насоса. Снизить производительность или повысить давление на входе.,1
Medium,2026-05-14,16:47:26.220,2026-05-14T16:47:26.220,Pressure_Drop,Pump Station B,Critical threshold broken for Pressure_Drop,Падение давления. Возможна утечка или засорение фильтра.,0
High,2026-05-14,16:47:34.352,2026-05-14T16:47:34.352,Vib_Sensor_04_Err,Compressor Station A,Critical threshold broken for Vib_Sensor_04_Err,Вибрация превысила критический порог. Возможный износ подшипника или дисбаланс ротора.,1
High,2026-05-14,16:48:10.214,2026-05-14T16:48:10.214,Vib_Sensor_04_Err,Compressor Station A,Critical threshold broken for Vib_Sensor_04_Err,Вибрация превысила критический порог. Возможный износ подшипника или дисбаланс ротора.,1
Medium,2026-05-14,16:48:30.252,2026-05-14T16:48:30.252,Shaft_Displacement,Compressor Station A,Critical threshold broken for Shaft_Displacement,Осевое смещение вала за пределами допуска. Проверить муфту и опоры.,0
Medium,2026-05-14,16:49:52.529,2026-05-14T16:49:52.529,Lube_Oil_Press_Low,Compressor Station A,Critical threshold broken for Lube_Oil_Press_Low,Давление смазочного масла ниже нормы. Проверить масляный насос и фильтры.,0
High,2026-05-14,16:50:25.474,2026-05-14T16:50:25.474,Steam_Press_High,Boiler Unit,Critical threshold broken for Steam_Press_High,Давление пара превышает норму. Проверить регулятор давления и предохранительный клапан.,1
High,2026-05-14,16:50:47.693,2026-05-14T16:50:47.693,Vib_Sensor_04_Err,Compressor Station A,Critical threshold broken for Vib_Sensor_04_Err,Вибрация превысила критический порог. Возможный износ подшипника или дисбаланс ротора.,1
Medium,2026-05-14,16:51:04.104,2026-05-14T16:51:04.104,Temp_Delta_High,Heat Exchanger C,Critical threshold broken for Temp_Delta_High,Высокая разница температур. Нарушение режима теплопередачи.,0
Medium,2026-05-14,16:51:09.474,2026-05-14T16:51:09.474,Lube_Oil_Press_Low,Compressor Station A,Critical threshold broken for Lube_Oil_Press_Low,Давление смазочного масла ниже нормы. Проверить масляный насос и фильтры.,0
High,2026-05-14,16:52:42.765,2026-05-14T16:52:42.765,Pump_Cavitation,Pump Station B,Critical threshold broken for Pump_Cavitation,Кавитация насоса. Снизить производительность или повысить давление на входе.,1
High,2026-05-14,16:53:17.183,2026-05-14T16:53:17.183,Pump_Cavitation,Pump Station B,Critical threshold broken for Pump_Cavitation,Кавитация насоса. Снизить производительность или повысить давление на входе.,1
Medium,2026-05-14,16:53:23.718,2026-05-14T16:53:23.718,Flow_Low,Pump Station B,Critical threshold broken for Flow_Low,Низкий расход. Проверить задвижки и состояние рабочего колеса.,0
Low,2026-05-14,16:53:26.427,2026-05-14T16:53:26.427,Flow_Restrict,Heat Exchanger C,Critical threshold broken for Flow_Restrict,Ограничение потока. Частичное перекрытие прохода.,0
Medium,2026-05-14,16:53:59.272,2026-05-14T16:53:59.272,Temp_Delta_High,Heat Exchanger C,Critical threshold broken for Temp_Delta_High,Высокая разница температур. Нарушение режима теплопередачи.,0
Medium,2026-05-14,16:55:00.011,2026-05-14T16:55:00.011,Shaft_Displacement,Compressor Station A,Critical threshold broken for Shaft_Displacement,Осевое смещение вала за пределами допуска. Проверить муфту и опоры.,0
Medium,2026-05-14,16:55:52.800,2026-05-14T16:55:52.800,Bearing_Temp_High,Compressor Station A,Critical threshold broken for Bearing_Temp_High,Перегрев подшипника. Недостаточная смазка или повреждение обоймы.,0
Medium,2026-05-14,16:56:02.268,2026-05-14T16:56:02.268,Temp_Delta_High,Heat Exchanger C,Critical threshold broken for Temp_Delta_High,Высокая разница температур. Нарушение режима теплопередачи.,0
Medium,2026-05-14,16:56:13.690,2026-05-14T16:56:13.690,Valve_Stuck_Close,Boiler Unit,Critical threshold broken for Valve_Stuck_Close,Клапан не открывается. Механическая блокировка или отказ привода.,0
Medium,2026-05-14,16:56:49.898,2026-05-14T16:56:49.898,Shaft_Displacement,Compressor Station A,Critical threshold broken for Shaft_Displacement,Осевое смещение вала за пределами допуска. Проверить муфту и опоры.,0
High,2026-05-14,16:56:51.787,2026-05-14T16:56:51.787,Vib_Sensor_04_Err,Compressor Station A,Critical threshold broken for Vib_Sensor_04_Err,Вибрация превысила критический порог. Возможный износ подшипника или дисбаланс ротора.,1
Medium,2026-05-14,16:56:58.779,2026-05-14T16:56:58.779,Bearing_Temp_High,Compressor Station A,Critical threshold broken for Bearing_Temp_High,Перегрев подшипника. Недостаточная смазка или повреждение обоймы.,0
Medium,2026-05-14,16:57:06.297,2026-05-14T16:57:06.297,Bearing_Temp_High,Compressor Station A,Critical threshold broken for Bearing_Temp_High,Перегрев подшипника. Недостаточная смазка или повреждение обоймы.,0
High,2026-05-14,16:57:29.948,2026-05-14T16:57:29.948,HX_FoulingAlarm,Heat Exchanger C,Critical threshold broken for HX_FoulingAlarm,Загрязнение теплообменника. Снижение КПД — требуется промывка.,1
Medium,2026-05-14,16:58:40.018,2026-05-14T16:58:40.018,Lube_Oil_Press_Low,Compressor Station A,Critical threshold broken for Lube_Oil_Press_Low,Давление смазочного масла ниже нормы. Проверить масляный насос и фильтры.,0
High,2026-05-14,16:59:18.984,2026-05-14T16:59:18.984,Pump_Cavitation,Pump Station B,Critical threshold broken for Pump_Cavitation,Кавитация насоса. Снизить производительность или повысить давление на входе.,1
High,2026-05-14,17:00:02.391,2026-05-14T17:00:02.391,Vib_Sensor_04_Err,Compressor Station A,Critical threshold broken for Vib_Sensor_04_Err,Вибрация превысила критический порог. Возможный износ подшипника или дисбаланс ротора.,1
Low,2026-05-14,17:00:24.991,2026-05-14T17:00:24.991,Valve_Slow,Compressor Station A,Critical threshold broken for Valve_Slow,Запаздывание клапана. Загрязнение привода или износ уплотнений.,0
High,2026-05-14,17:01:00.034,2026-05-14T17:01:00.034,Vib_Sensor_04_Err,Compressor Station A,Critical threshold broken for Vib_Sensor_04_Err,Вибрация превысила критический порог. Возможный износ подшипника или дисбаланс ротора.,1
Medium,2026-05-14,17:02:15.254,2026-05-14T17:02:15.254,Shaft_Displacement,Compressor Station A,Critical threshold broken for Shaft_Displacement,Осевое смещение вала за пределами допуска. Проверить муфту и опоры.,0
High,2026-05-14,17:02:37.583,2026-05-14T17:02:37.583,Vib_Sensor_04_Err,Compressor Station A,Critical threshold broken for Vib_Sensor_04_Err,Вибрация превысила критический порог. Возможный износ подшипника или дисбаланс ротора.,1
Medium,2026-05-14,17:03:07.635,2026-05-14T17:03:07.635,Lube_Oil_Press_Low,Compressor Station A,Critical threshold broken for Lube_Oil_Press_Low,Давление смазочного масла ниже нормы. Проверить масляный насос и фильтры.,0
High,2026-05-14,17:03:23.261,2026-05-14T17:03:23.261,Steam_Press_High,Boiler Unit,Critical threshold broken for Steam_Press_High,Давление пара превышает норму. Проверить регулятор давления и предохранительный клапан.,1
Medium,2026-05-14,17:03:25.567,2026-05-14T17:03:25.567,Bearing_Temp_High,Compressor Station A,Critical threshold broken for Bearing_Temp_High,Перегрев подшипника. Недостаточная смазка или повреждение обоймы.,0
Medium,2026-05-14,17:04:03.190,2026-05-14T17:04:03.190,Lube_Oil_Press_Low,Compressor Station A,Critical threshold broken for Lube_Oil_Press_Low,Давление смазочного масла ниже нормы. Проверить масляный насос и фильтры.,0
High,2026-05-14,17:04:04.770,2026-05-14T17:04:04.770,Vib_Sensor_04_Err,Compressor Station A,Critical threshold broken for Vib_Sensor_04_Err,Вибрация превысила критический порог. Возможный износ подшипника или дисбаланс ротора.,1
High,2026-05-14,17:04:54.212,2026-05-14T17:04:54.212,Pump_Cavitation,Pump Station B,Critical threshold broken for Pump_Cavitation,Кавитация насоса. Снизить производительность или повысить давление на входе.,1
High,2026-05-14,17:05:09.270,2026-05-14T17:05:09.270,Vib_Sensor_04_Err,Compressor Station A,Critical threshold broken for Vib_Sensor_04_Err,Вибрация превысила критический порог. Возможный износ подшипника или дисбаланс ротора.,1
High,2026-05-14,17:05:59.352,2026-05-14T17:05:59.352,Vib_Sensor_04_Err,Compressor Station A,Critical threshold broken for Vib_Sensor_04_Err,Вибрация превысила критический порог. Возможный износ подшипника или дисбаланс ротора.,1
Medium,2026-05-14,17:06:07.583,2026-05-14T17:06:07.583,Temp_Delta_High,Heat Exchanger C,Critical threshold broken for Temp_Delta_High,Высокая разница температур. Нарушение режима теплопередачи.,0
Medium,2026-05-14,17:06:08.350,2026-05-14T17:06:08.350,Flow_Low,Pump Station B,Critical threshold broken for Flow_Low,Низкий расход. Проверить задвижки и состояние рабочего колеса.,0
High,2026-05-14,17:06:23.484,2026-05-14T17:06:23.484,Vib_Sensor_04_Err,Compressor Station A,Critical threshold broken for Vib_Sensor_04_Err,Вибрация превысила критический порог. Возможный износ подшипника или дисбаланс ротора.,1
High,2026-05-14,17:07:34.687,2026-05-14T17:07:34.687,Vib_Sensor_04_Err,Compressor Station A,Critical threshold broken for Vib_Sensor_04_Err,Вибрация превысила критический порог. Возможный износ подшипника или дисбаланс ротора.,1
High,2026-05-14,17:08:07.651,2026-05-14T17:08:07.651,Vib_Sensor_04_Err,Compressor Station A,Critical threshold broken for Vib_Sensor_04_Err,Вибрация превысила критический порог. Возможный износ подшипника или дисбаланс ротора.,1
High,2026-05-14,17:08:10.622,2026-05-14T17:08:10.622,Vib_Sensor_04_Err,Compressor Station A,Critical threshold broken for Vib_Sensor_04_Err,Вибрация превысила критический порог. Возможный износ подшипника или дисбаланс ротора.,1
Medium,2026-05-14,17:08:11.307,2026-05-14T17:08:11.307,Valve_Stuck_Close,Boiler Unit,Critical threshold broken for Valve_Stuck_Close,Клапан не открывается. Механическая блокировка или отказ привода.,0
Medium,2026-05-14,17:09:05.117,2026-05-14T17:09:05.117,Lube_Oil_Press_Low,Compressor Station A,Critical threshold broken for Lube_Oil_Press_Low,Давление смазочного масла ниже нормы. Проверить масляный насос и фильтры.,0
High,2026-05-14,17:09:58.832,2026-05-14T17:09:58.832,Steam_Press_High,Boiler Unit,Critical threshold broken for Steam_Press_High,Давление пара превышает норму. Проверить регулятор давления и предохранительный клапан.,1
Medium,2026-05-14,17:10:09.729,2026-05-14T17:10:09.729,Shaft_Displacement,Compressor Station A,Critical threshold broken for Shaft_Displacement,Осевое смещение вала за пределами допуска. Проверить муфту и опоры.,0
High,2026-05-14,17:10:41.646,2026-05-14T17:10:41.646,Vib_Sensor_04_Err,Compressor Station A,Critical threshold broken for Vib_Sensor_04_Err,Вибрация превысила критический порог. Возможный износ подшипника или дисбаланс ротора.,1
Medium,2026-05-14,17:11:24.947,2026-05-14T17:11:24.947,Lube_Oil_Press_Low,Compressor Station A,Critical threshold broken for Lube_Oil_Press_Low,Давление смазочного масла ниже нормы. Проверить масляный насос и фильтры.,0
High,2026-05-14,17:12:23.289,2026-05-14T17:12:23.289,Vib_Sensor_04_Err,Compressor Station A,Critical threshold broken for Vib_Sensor_04_Err,Вибрация превысила критический порог. Возможный износ подшипника или дисбаланс ротора.,1
High,2026-05-14,17:12:25.155,2026-05-14T17:12:25.155,Vib_Sensor_04_Err,Compressor Station A,Critical threshold broken for Vib_Sensor_04_Err,Вибрация превысила критический порог. Возможный износ подшипника или дисбаланс ротора.,1
High,2026-05-14,17:12:25.339,2026-05-14T17:12:25.339,Vib_Sensor_04_Err,Compressor Station A,Critical threshold broken for Vib_Sensor_04_Err,Вибрация превысила критический порог. Возможный износ подшипника или дисбаланс ротора.,1
Medium,2026-05-14,17:12:48.302,2026-05-14T17:12:48.302,Lube_Oil_Press_Low,Compressor Station A,Critical threshold broken for Lube_Oil_Press_Low,Давление смазочного масла ниже нормы. Проверить масляный насос и фильтры.,0
Medium,2026-05-14,17:13:09.938,2026-05-14T17:13:09.938,Shaft_Displacement,Compressor Station A,Critical threshold broken for Shaft_Displacement,Осевое смещение вала за пределами допуска. Проверить муфту и опоры.,0
Low,2026-05-14,17:13:26.026,2026-05-14T17:13:26.026,Flow_Restrict,Heat Exchanger C,Critical threshold broken for Flow_Restrict,Ограничение потока. Частичное перекрытие прохода.,0
Medium,2026-05-14,17:13:58.721,2026-05-14T17:13:58.721,Lube_Oil_Press_Low,Compressor Station A,Critical threshold broken for Lube_Oil_Press_Low,Давление смазочного масла ниже нормы. Проверить масляный насос и фильтры.,0
Low,2026-05-14,17:14:17.309,2026-05-14T17:14:17.309,Temp_Crit_B,Boiler Unit,Critical threshold broken for Temp_Crit_B,Критическая температура в зоне B. Нарушение теплообмена.,0
Medium,2026-05-14,17:14:18.798,2026-05-14T17:14:18.798,Lube_Oil_Press_Low,Compressor Station A,Critical threshold broken for Lube_Oil_Press_Low,Давление смазочного масла ниже нормы. Проверить масляный насос и фильтры.,0
Medium,2026-05-14,17:14:47.059,2026-05-14T17:14:47.059,Lube_Oil_Press_Low,Compressor Station A,Critical threshold broken for Lube_Oil_Press_Low,Давление смазочного масла ниже нормы. Проверить масляный насос и фильтры.,0
Low,2026-05-14,17:16:10.827,2026-05-14T17:16:10.827,Flow_Restrict,Heat Exchanger C,Critical threshold broken for Flow_Restrict,Ограничение потока. Частичное перекрытие прохода.,0
High,2026-05-14,17:16:26.468,2026-05-14T17:16:26.468,Steam_Press_High,Boiler Unit,Critical threshold broken for Steam_Press_High,Давление пара превышает норму. Проверить регулятор давления и предохранительный клапан.,1
High,2026-05-14,17:16:31.992,2026-05-14T17:16:31.992,HX_FoulingAlarm,Heat Exchanger C,Critical threshold broken for HX_FoulingAlarm,Загрязнение теплообменника. Снижение КПД — требуется промывка.,1
Medium,2026-05-14,17:16:36.622,2026-05-14T17:16:36.622,Bearing_Temp_High,Compressor Station A,Critical threshold broken for Bearing_Temp_High,Перегрев подшипника. Недостаточная смазка или повреждение обоймы.,0
Medium,2026-05-14,17:17:02.474,2026-05-14T17:17:02.474,Bearing_Temp_High,Compressor Station A,Critical threshold broken for Bearing_Temp_High,Перегрев подшипника. Недостаточная смазка или повреждение обоймы.,0
Low,2026-05-14,17:17:13.375,2026-05-14T17:17:13.375,Temp_Crit_B,Boiler Unit,Critical threshold broken for Temp_Crit_B,Критическая температура в зоне B. Нарушение теплообмена.,0
High,2026-05-14,17:18:48.602,2026-05-14T17:18:48.602,Pump_Cavitation,Pump Station B,Critical threshold broken for Pump_Cavitation,Кавитация насоса. Снизить производительность или повысить давление на входе.,1
Medium,2026-05-14,17:19:04.711,2026-05-14T17:19:04.711,Lube_Oil_Press_Low,Compressor Station A,Critical threshold broken for Lube_Oil_Press_Low,Давление смазочного масла ниже нормы. Проверить масляный насос и фильтры.,0
Low,2026-05-14,17:19:50.713,2026-05-14T17:19:50.713,Flow_Restrict,Heat Exchanger C,Critical threshold broken for Flow_Restrict,Ограничение потока. Частичное перекрытие прохода.,0
High,2026-05-14,17:19:52.359,2026-05-14T17:19:52.359,Vib_Sensor_04_Err,Compressor Station A,Critical threshold broken for Vib_Sensor_04_Err,Вибрация превысила критический порог. Возможный износ подшипника или дисбаланс ротора.,1
Medium,2026-05-14,17:20:25.086,2026-05-14T17:20:25.086,Bearing_Temp_High,Compressor Station A,Critical threshold broken for Bearing_Temp_High,Перегрев подшипника. Недостаточная смазка или повреждение обоймы.,0
Medium,2026-05-14,17:20:25.805,2026-05-14T17:20:25.805,Bearing_Temp_High,Compressor Station A,Critical threshold broken for Bearing_Temp_High,Перегрев подшипника. Недостаточная смазка или повреждение обоймы.,0
Medium,2026-05-14,17:20:30.503,2026-05-14T17:20:30.503,Lube_Oil_Press_Low,Compressor Station A,Critical threshold broken for Lube_Oil_Press_Low,Давление смазочного масла ниже нормы. Проверить масляный насос и фильтры.,0
High,2026-05-14,17:20:47.130,2026-05-14T17:20:47.130,Pump_Cavitation,Pump Station B,Critical threshold broken for Pump_Cavitation,Кавитация насоса. Снизить производительность или повысить давление на входе.,1
Medium,2026-05-14,17:20:47.427,2026-05-14T17:20:47.427,Lube_Oil_Press_Low,Compressor Station A,Critical threshold broken for Lube_Oil_Press_Low,Давление смазочного масла ниже нормы. Проверить масляный насос и фильтры.,0
High,2026-05-14,17:20:53.738,2026-05-14T17:20:53.738,Vib_Sensor_04_Err,Compressor Station A,Critical threshold broken for Vib_Sensor_04_Err,Вибрация превысила критический порог. Возможный износ подшипника или дисбаланс ротора.,1
Medium,2026-05-14,17:21:04.945,2026-05-14T17:21:04.945,Lube_Oil_Press_Low,Compressor Station A,Critical threshold broken for Lube_Oil_Press_Low,Давление смазочного масла ниже нормы. Проверить масляный насос и фильтры.,0
Medium,2026-05-14,17:21:28.860,2026-05-14T17:21:28.860,Bearing_Temp_High,Compressor Station A,Critical threshold broken for Bearing_Temp_High,Перегрев подшипника. Недостаточная смазка или повреждение обоймы.,0
High,2026-05-14,17:21:32.883,2026-05-14T17:21:32.883,Vib_Sensor_04_Err,Compressor Station A,Critical threshold broken for Vib_Sensor_04_Err,Вибрация превысила критический порог. Возможный износ подшипника или дисбаланс ротора.,1
High,2026-05-14,17:21:46.448,2026-05-14T17:21:46.448,Vib_Sensor_04_Err,Compressor Station A,Critical threshold broken for Vib_Sensor_04_Err,Вибрация превысила критический порог. Возможный износ подшипника или дисбаланс ротора.,1
High,2026-05-14,17:22:04.025,2026-05-14T17:22:04.025,Vib_Sensor_04_Err,Compressor Station A,Critical threshold broken for Vib_Sensor_04_Err,Вибрация превысила критический порог. Возможный износ подшипника или дисбаланс ротора.,1
Medium,2026-05-14,17:22:05.545,2026-05-14T17:22:05.545,Lube_Oil_Press_Low,Compressor Station A,Critical threshold broken for Lube_Oil_Press_Low,Давление смазочного масла ниже нормы. Проверить масляный насос и фильтры.,0
Low,2026-05-14,17:22:16.853,2026-05-14T17:22:16.853,Temp_Crit_B,Boiler Unit,Critical threshold broken for Temp_Crit_B,Критическая температура в зоне B. Нарушение теплообмена.,0
Medium,2026-05-14,17:22:19.955,2026-05-14T17:22:19.955,Lube_Oil_Press_Low,Compressor Station A,Critical threshold broken for Lube_Oil_Press_Low,Давление смазочного масла ниже нормы. Проверить масляный насос и фильтры.,0
High,2026-05-14,17:22:24.368,2026-05-14T17:22:24.368,Steam_Press_High,Boiler Unit,Critical threshold broken for Steam_Press_High,Давление пара превышает норму. Проверить регулятор давления и предохранительный клапан.,1
Medium,2026-05-14,17:23:00.062,2026-05-14T17:23:00.062,Bearing_Temp_High,Compressor Station A,Critical threshold broken for Bearing_Temp_High,Перегрев подшипника. Недостаточная смазка или повреждение обоймы.,0
High,2026-05-14,17:23:11.366,2026-05-14T17:23:11.366,Vib_Sensor_04_Err,Compressor Station A,Critical threshold broken for Vib_Sensor_04_Err,Вибрация превысила критический порог. Возможный износ подшипника или дисбаланс ротора.,1
Medium,2026-05-14,17:23:15.876,2026-05-14T17:23:15.876,Lube_Oil_Press_Low,Compressor Station A,Critical threshold broken for Lube_Oil_Press_Low,Давление смазочного масла ниже нормы. Проверить масляный насос и фильтры.,0
Medium,2026-05-14,17:23:26.299,2026-05-14T17:23:26.299,Bearing_Temp_High,Compressor Station A,Critical threshold broken for Bearing_Temp_High,Перегрев подшипника. Недостаточная смазка или повреждение обоймы.,0
Medium,2026-05-14,17:23:33.451,2026-05-14T17:23:33.451,Valve_Stuck_Close,Boiler Unit,Critical threshold broken for Valve_Stuck_Close,Клапан не открывается. Механическая блокировка или отказ привода.,0
Medium,2026-05-14,17:23:46.591,2026-05-14T17:23:46.591,Lube_Oil_Press_Low,Compressor Station A,Critical threshold broken for Lube_Oil_Press_Low,Давление смазочного масла ниже нормы. Проверить масляный насос и фильтры.,0
Medium,2026-05-14,17:23:55.454,2026-05-14T17:23:55.454,Lube_Oil_Press_Low,Compressor Station A,Critical threshold broken for Lube_Oil_Press_Low,Давление смазочного масла ниже нормы. Проверить масляный насос и фильтры.,0
High,2026-05-14,17:24:02.532,2026-05-14T17:24:02.532,Pump_Cavitation,Pump Station B,Critical threshold broken for Pump_Cavitation,Кавитация насоса. Снизить производительность или повысить давление на входе.,1
High,2026-05-14,17:24:14.469,2026-05-14T17:24:14.469,Vib_Sensor_04_Err,Compressor Station A,Critical threshold broken for Vib_Sensor_04_Err,Вибрация превысила критический порог. Возможный износ подшипника или дисбаланс ротора.,1
High,2026-05-14,17:24:34.763,2026-05-14T17:24:34.763,Vib_Sensor_04_Err,Compressor Station A,Critical threshold broken for Vib_Sensor_04_Err,Вибрация превысила критический порог. Возможный износ подшипника или дисбаланс ротора.,1
Medium,2026-05-14,17:25:02.173,2026-05-14T17:25:02.173,Bearing_Temp_High,Compressor Station A,Critical threshold broken for Bearing_Temp_High,Перегрев подшипника. Недостаточная смазка или повреждение обоймы.,0
Low,2026-05-14,17:25:03.789,2026-05-14T17:25:03.789,Temp_Crit_B,Boiler Unit,Critical threshold broken for Temp_Crit_B,Критическая температура в зоне B. Нарушение теплообмена.,0
High,2026-05-14,17:25:04.703,2026-05-14T17:25:04.703,HX_FoulingAlarm,Heat Exchanger C,Critical threshold broken for HX_FoulingAlarm,Загрязнение теплообменника. Снижение КПД — требуется промывка.,1
Medium,2026-05-14,17:25:27.868,2026-05-14T17:25:27.868,Lube_Oil_Press_Low,Compressor Station A,Critical threshold broken for Lube_Oil_Press_Low,Давление смазочного масла ниже нормы. Проверить масляный насос и фильтры.,0
High,2026-05-14,17:26:01.334,2026-05-14T17:26:01.334,Vib_Sensor_04_Err,Compressor Station A,Critical threshold broken for Vib_Sensor_04_Err,Вибрация превысила критический порог. Возможный износ подшипника или дисбаланс ротора.,1
Medium,2026-05-14,17:26:04.971,2026-05-14T17:26:04.971,Bearing_Temp_High,Compressor Station A,Critical threshold broken for Bearing_Temp_High,Перегрев подшипника. Недостаточная смазка или повреждение обоймы.,0
Low,2026-05-14,17:26:27.502,2026-05-14T17:26:27.502,Valve_Slow,Compressor Station A,Critical threshold broken for Valve_Slow,Запаздывание клапана. Загрязнение привода или износ уплотнений.,0
Medium,2026-05-14,17:26:31.146,2026-05-14T17:26:31.146,Lube_Oil_Press_Low,Compressor Station A,Critical threshold broken for Lube_Oil_Press_Low,Давление смазочного масла ниже нормы. Проверить масляный насос и фильтры.,0
Low,2026-05-14,17:26:33.038,2026-05-14T17:26:33.038,Flow_Variance,Boiler Unit,Critical threshold broken for Flow_Variance,Нестабильный расход. Частичное засорение трубопровода.,0
Low,2026-05-14,17:26:43.792,2026-05-14T17:26:43.792,Temp_Crit_B,Boiler Unit,Critical threshold broken for Temp_Crit_B,Критическая температура в зоне B. Нарушение теплообмена.,0
Medium,2026-05-14,17:26:55.417,2026-05-14T17:26:55.417,Bearing_Temp_High,Compressor Station A,Critical threshold broken for Bearing_Temp_High,Перегрев подшипника. Недостаточная смазка или повреждение обоймы.,0
Low,2026-05-14,17:27:01.607,2026-05-14T17:27:01.607,Temp_Crit_B,Boiler Unit,Critical threshold broken for Temp_Crit_B,Критическая температура в зоне B. Нарушение теплообмена.,0
Medium,2026-05-14,17:27:04.756,2026-05-14T17:27:04.756,Bearing_Temp_High,Compressor Station A,Critical threshold broken for Bearing_Temp_High,Перегрев подшипника. Недостаточная смазка или повреждение обоймы.,0
Medium,2026-05-14,17:27:05.606,2026-05-14T17:27:05.606,Bearing_Temp_High,Compressor Station A,Critical threshold broken for Bearing_Temp_High,Перегрев подшипника. Недостаточная смазка или повреждение обоймы.,0
High,2026-05-14,17:27:09.812,2026-05-14T17:27:09.812,Vib_Sensor_04_Err,Compressor Station A,Critical threshold broken for Vib_Sensor_04_Err,Вибрация превысила критический порог. Возможный износ подшипника или дисбаланс ротора.,1
High,2026-05-14,17:27:31.051,2026-05-14T17:27:31.051,Vib_Sensor_04_Err,Compressor Station A,Critical threshold broken for Vib_Sensor_04_Err,Вибрация превысила критический порог. Возможный износ подшипника или дисбаланс ротора.,1
Medium,2026-05-14,17:27:47.155,2026-05-14T17:27:47.155,Valve_Stuck_Close,Boiler Unit,Critical threshold broken for Valve_Stuck_Close,Клапан не открывается. Механическая блокировка или отказ привода.,0
Low,2026-05-14,17:28:02.013,2026-05-14T17:28:02.013,Flow_Variance,Boiler Unit,Critical threshold broken for Flow_Variance,Нестабильный расход. Частичное засорение трубопровода.,0
Medium,2026-05-14,17:28:16.732,2026-05-14T17:28:16.732,Lube_Oil_Press_Low,Compressor Station A,Critical threshold broken for Lube_Oil_Press_Low,Давление смазочного масла ниже нормы. Проверить масляный насос и фильтры.,0
High,2026-05-14,17:28:19.520,2026-05-14T17:28:19.520,Vib_Sensor_04_Err,Compressor Station A,Critical threshold broken for Vib_Sensor_04_Err,Вибрация превысила критический порог. Возможный износ подшипника или дисбаланс ротора.,1
Medium,2026-05-14,17:28:25.562,2026-05-14T17:28:25.562,Lube_Oil_Press_Low,Compressor Station A,Critical threshold broken for Lube_Oil_Press_Low,Давление смазочного масла ниже нормы. Проверить масляный насос и фильтры.,0
High,2026-05-14,17:28:26.422,2026-05-14T17:28:26.422,Vib_Sensor_04_Err,Compressor Station A,Critical threshold broken for Vib_Sensor_04_Err,Вибрация превысила критический порог. Возможный износ подшипника или дисбаланс ротора.,1
High,2026-05-14,17:28:27.020,2026-05-14T17:28:27.020,Vib_Sensor_04_Err,Compressor Station A,Critical threshold broken for Vib_Sensor_04_Err,Вибрация превысила критический порог. Возможный износ подшипника или дисбаланс ротора.,1
High,2026-05-14,17:28:31.150,2026-05-14T17:28:31.150,HX_FoulingAlarm,Heat Exchanger C,Critical threshold broken for HX_FoulingAlarm,Загрязнение теплообменника. Снижение КПД — требуется промывка.,1
Medium,2026-05-14,17:28:32.298,2026-05-14T17:28:32.298,Lube_Oil_Press_Low,Compressor Station A,Critical threshold broken for Lube_Oil_Press_Low,Давление смазочного масла ниже нормы. Проверить масляный насос и фильтры.,0
Medium,2026-05-14,17:28:39.301,2026-05-14T17:28:39.301,Lube_Oil_Press_Low,Compressor Station A,Critical threshold broken for Lube_Oil_Press_Low,Давление смазочного масла ниже нормы. Проверить масляный насос и фильтры.,0
High,2026-05-14,17:28:41.696,2026-05-14T17:28:41.696,Vib_Sensor_04_Err,Compressor Station A,Critical threshold broken for Vib_Sensor_04_Err,Вибрация превысила критический порог. Возможный износ подшипника или дисбаланс ротора.,1
Medium,2026-05-14,17:28:57.145,2026-05-14T17:28:57.145,Lube_Oil_Press_Low,Compressor Station A,Critical threshold broken for Lube_Oil_Press_Low,Давление смазочного масла ниже нормы. Проверить масляный насос и фильтры.,0
Medium,2026-05-14,17:29:05.007,2026-05-14T17:29:05.007,Lube_Oil_Press_Low,Compressor Station A,Critical threshold broken for Lube_Oil_Press_Low,Давление смазочного масла ниже нормы. Проверить масляный насос и фильтры.,0
High,2026-05-14,17:29:26.371,2026-05-14T17:29:26.371,Pump_Cavitation,Pump Station B,Critical threshold broken for Pump_Cavitation,Кавитация насоса. Снизить производительность или повысить давление на входе.,1
High,2026-05-14,17:29:27.697,2026-05-14T17:29:27.697,HX_FoulingAlarm,Heat Exchanger C,Critical threshold broken for HX_FoulingAlarm,Загрязнение теплообменника. Снижение КПД — требуется промывка.,1
High,2026-05-14,17:29:39.002,2026-05-14T17:29:39.002,Steam_Press_High,Boiler Unit,Critical threshold broken for Steam_Press_High,Давление пара превышает норму. Проверить регулятор давления и предохранительный клапан.,1
High,2026-05-14,17:29:44.973,2026-05-14T17:29:44.973,Pump_Cavitation,Pump Station B,Critical threshold broken for Pump_Cavitation,Кавитация насоса. Снизить производительность или повысить давление на входе.,1
Low,2026-05-14,17:29:47.164,2026-05-14T17:29:47.164,Flow_Restrict,Heat Exchanger C,Critical threshold broken for Flow_Restrict,Ограничение потока. Частичное перекрытие прохода.,0
Low,2026-05-14,17:29:48.579,2026-05-14T17:29:48.579,Flow_Variance,Boiler Unit,Critical threshold broken for Flow_Variance,Нестабильный расход. Частичное засорение трубопровода.,0
Medium,2026-05-14,17:30:19.758,2026-05-14T17:30:19.758,Lube_Oil_Press_Low,Compressor Station A,Critical threshold broken for Lube_Oil_Press_Low,Давление смазочного масла ниже нормы. Проверить масляный насос и фильтры.,0
High,2026-05-14,17:30:23.931,2026-05-14T17:30:23.931,Vib_Sensor_04_Err,Compressor Station A,Critical threshold broken for Vib_Sensor_04_Err,Вибрация превысила критический порог. Возможный износ подшипника или дисбаланс ротора.,1
High,2026-05-14,17:30:30.661,2026-05-14T17:30:30.661,Steam_Press_High,Boiler Unit,Critical threshold broken for Steam_Press_High,Давление пара превышает норму. Проверить регулятор давления и предохранительный клапан.,1
Medium,2026-05-14,17:30:42.488,2026-05-14T17:30:42.488,Valve_Stuck_Close,Boiler Unit,Critical threshold broken for Valve_Stuck_Close,Клапан не открывается. Механическая блокировка или отказ привода.,0
Medium,2026-05-14,17:30:53.543,2026-05-14T17:30:53.543,Bearing_Temp_High,Compressor Station A,Critical threshold broken for Bearing_Temp_High,Перегрев подшипника. Недостаточная смазка или повреждение обоймы.,0
Low,2026-05-14,17:31:07.958,2026-05-14T17:31:07.958,Flow_Restrict,Heat Exchanger C,Critical threshold broken for Flow_Restrict,Ограничение потока. Частичное перекрытие прохода.,0
Medium,2026-05-14,17:31:19.736,2026-05-14T17:31:19.736,Lube_Oil_Press_Low,Compressor Station A,Critical threshold broken for Lube_Oil_Press_Low,Давление смазочного масла ниже нормы. Проверить масляный насос и фильтры.,0
Medium,2026-05-14,17:31:24.479,2026-05-14T17:31:24.479,Bearing_Temp_High,Compressor Station A,Critical threshold broken for Bearing_Temp_High,Перегрев подшипника. Недостаточная смазка или повреждение обоймы.,0
High,2026-05-14,17:31:48.077,2026-05-14T17:31:48.077,Vib_Sensor_04_Err,Compressor Station A,Critical threshold broken for Vib_Sensor_04_Err,Вибрация превысила критический порог. Возможный износ подшипника или дисбаланс ротора.,1
Medium,2026-05-14,17:32:13.837,2026-05-14T17:32:13.837,Shaft_Displacement,Compressor Station A,Critical threshold broken for Shaft_Displacement,Осевое смещение вала за пределами допуска. Проверить муфту и опоры.,0
High,2026-05-14,17:32:33.100,2026-05-14T17:32:33.100,Steam_Press_High,Boiler Unit,Critical threshold broken for Steam_Press_High,Давление пара превышает норму. Проверить регулятор давления и предохранительный клапан.,1
High,2026-05-14,17:32:52.171,2026-05-14T17:32:52.171,Vib_Sensor_04_Err,Compressor Station A,Critical threshold broken for Vib_Sensor_04_Err,Вибрация превысила критический порог. Возможный износ подшипника или дисбаланс ротора.,1
Medium,2026-05-14,17:32:54.837,2026-05-14T17:32:54.837,Lube_Oil_Press_Low,Compressor Station A,Critical threshold broken for Lube_Oil_Press_Low,Давление смазочного масла ниже нормы. Проверить масляный насос и фильтры.,0
High,2026-05-14,17:32:57.829,2026-05-14T17:32:57.829,Vib_Sensor_04_Err,Compressor Station A,Critical threshold broken for Vib_Sensor_04_Err,Вибрация превысила критический порог. Возможный износ подшипника или дисбаланс ротора.,1
High,2026-05-14,17:33:02.277,2026-05-14T17:33:02.277,Vib_Sensor_04_Err,Compressor Station A,Critical threshold broken for Vib_Sensor_04_Err,Вибрация превысила критический порог. Возможный износ подшипника или дисбаланс ротора.,1
Medium,2026-05-14,17:33:02.411,2026-05-14T17:33:02.411,Shaft_Displacement,Compressor Station A,Critical threshold broken for Shaft_Displacement,Осевое смещение вала за пределами допуска. Проверить муфту и опоры.,0
Medium,2026-05-14,17:33:11.807,2026-05-14T17:33:11.807,Bearing_Temp_High,Compressor Station A,Critical threshold broken for Bearing_Temp_High,Перегрев подшипника. Недостаточная смазка или повреждение обоймы.,0
Medium,2026-05-14,17:33:16.559,2026-05-14T17:33:16.559,Lube_Oil_Press_Low,Compressor Station A,Critical threshold broken for Lube_Oil_Press_Low,Давление смазочного масла ниже нормы. Проверить масляный насос и фильтры.,0
Medium,2026-05-14,17:33:17.974,2026-05-14T17:33:17.974,Lube_Oil_Press_Low,Compressor Station A,Critical threshold broken for Lube_Oil_Press_Low,Давление смазочного масла ниже нормы. Проверить масляный насос и фильтры.,0
Medium,2026-05-14,17:33:29.539,2026-05-14T17:33:29.539,Lube_Oil_Press_Low,Compressor Station A,Critical threshold broken for Lube_Oil_Press_Low,Давление смазочного масла ниже нормы. Проверить масляный насос и фильтры.,0
Medium,2026-05-14,17:33:32.398,2026-05-14T17:33:32.398,Lube_Oil_Press_Low,Compressor Station A,Critical threshold broken for Lube_Oil_Press_Low,Давление смазочного масла ниже нормы. Проверить масляный насос и фильтры.,0
Medium,2026-05-14,17:33:47.866,2026-05-14T17:33:47.866,Pressure_Drop,Pump Station B,Critical threshold broken for Pressure_Drop,Падение давления. Возможна утечка или засорение фильтра.,0
Medium,2026-05-14,17:33:50.234,2026-05-14T17:33:50.234,Flow_Low,Pump Station B,Critical threshold broken for Flow_Low,Низкий расход. Проверить задвижки и состояние рабочего колеса.,0
High,2026-05-14,17:33:57.263,2026-05-14T17:33:57.263,HX_FoulingAlarm,Heat Exchanger C,Critical threshold broken for HX_FoulingAlarm,Загрязнение теплообменника. Снижение КПД — требуется промывка.,1
High,2026-05-14,17:33:58.525,2026-05-14T17:33:58.525,Vib_Sensor_04_Err,Compressor Station A,Critical threshold broken for Vib_Sensor_04_Err,Вибрация превысила критический порог. Возможный износ подшипника или дисбаланс ротора.,1
High,2026-05-14,17:34:26.625,2026-05-14T17:34:26.625,Vib_Sensor_04_Err,Compressor Station A,Critical threshold broken for Vib_Sensor_04_Err,Вибрация превысила критический порог. Возможный износ подшипника или дисбаланс ротора.,1
Low,2026-05-14,17:34:33.759,2026-05-14T17:34:33.759,Valve_Slow,Compressor Station A,Critical threshold broken for Valve_Slow,Запаздывание клапана. Загрязнение привода или износ уплотнений.,0
High,2026-05-14,17:35:17.253,2026-05-14T17:35:17.253,Vib_Sensor_04_Err,Compressor Station A,Critical threshold broken for Vib_Sensor_04_Err,Вибрация превысила критический порог. Возможный износ подшипника или дисбаланс ротора.,1
Medium,2026-05-14,17:35:20.818,2026-05-14T17:35:20.818,Bearing_Temp_High,Compressor Station A,Critical threshold broken for Bearing_Temp_High,Перегрев подшипника. Недостаточная смазка или повреждение обоймы.,0
High,2026-05-14,17:35:24.392,2026-05-14T17:35:24.392,Vib_Sensor_04_Err,Compressor Station A,Critical threshold broken for Vib_Sensor_04_Err,Вибрация превысила критический порог. Возможный износ подшипника или дисбаланс ротора.,1
Low,2026-05-14,17:35:42.716,2026-05-14T17:35:42.716,Flow_Restrict,Heat Exchanger C,Critical threshold broken for Flow_Restrict,Ограничение потока. Частичное перекрытие прохода.,0
Medium,2026-05-14,17:35:51.742,2026-05-14T17:35:51.742,Lube_Oil_Press_Low,Compressor Station A,Critical threshold broken for Lube_Oil_Press_Low,Давление смазочного масла ниже нормы. Проверить масляный насос и фильтры.,0
Medium,2026-05-14,17:36:04.784,2026-05-14T17:36:04.784,Lube_Oil_Press_Low,Compressor Station A,Critical threshold broken for Lube_Oil_Press_Low,Давление смазочного масла ниже нормы. Проверить масляный насос и фильтры.,0
Medium,2026-05-14,17:36:14.174,2026-05-14T17:36:14.174,Bearing_Temp_High,Compressor Station A,Critical threshold broken for Bearing_Temp_High,Перегрев подшипника. Недостаточная смазка или повреждение обоймы.,0
Medium,2026-05-14,17:36:25.867,2026-05-14T17:36:25.867,Lube_Oil_Press_Low,Compressor Station A,Critical threshold broken for Lube_Oil_Press_Low,Давление смазочного масла ниже нормы. Проверить масляный насос и фильтры.,0
High,2026-05-14,17:37:00.024,2026-05-14T17:37:00.024,Pump_Cavitation,Pump Station B,Critical threshold broken for Pump_Cavitation,Кавитация насоса. Снизить производительность или повысить давление на входе.,1
Medium,2026-05-14,17:37:06.984,2026-05-14T17:37:06.984,Shaft_Displacement,Compressor Station A,Critical threshold broken for Shaft_Displacement,Осевое смещение вала за пределами допуска. Проверить муфту и опоры.,0
Medium,2026-05-14,17:37:12.482,2026-05-14T17:37:12.482,Bearing_Temp_High,Compressor Station A,Critical threshold broken for Bearing_Temp_High,Перегрев подшипника. Недостаточная смазка или повреждение обоймы.,0
High,2026-05-14,17:37:29.682,2026-05-14T17:37:29.682,Pump_Cavitation,Pump Station B,Critical threshold broken for Pump_Cavitation,Кавитация насоса. Снизить производительность или повысить давление на входе.,1
High,2026-05-14,17:37:36.082,2026-05-14T17:37:36.082,Vib_Sensor_04_Err,Compressor Station A,Critical threshold broken for Vib_Sensor_04_Err,Вибрация превысила критический порог. Возможный износ подшипника или дисбаланс ротора.,1
High,2026-05-14,17:37:59.049,2026-05-14T17:37:59.049,Steam_Press_High,Boiler Unit,Critical threshold broken for Steam_Press_High,Давление пара превышает норму. Проверить регулятор давления и предохранительный клапан.,1
Medium,2026-05-14,17:38:34.544,2026-05-14T17:38:34.544,Bearing_Temp_High,Compressor Station A,Critical threshold broken for Bearing_Temp_High,Перегрев подшипника. Недостаточная смазка или повреждение обоймы.,0
Medium,2026-05-14,17:38:36.540,2026-05-14T17:38:36.540,Flow_Low,Pump Station B,Critical threshold broken for Flow_Low,Низкий расход. Проверить задвижки и состояние рабочего колеса.,0
Medium,2026-05-14,17:39:34.708,2026-05-14T17:39:34.708,Shaft_Displacement,Compressor Station A,Critical threshold broken for Shaft_Displacement,Осевое смещение вала за пределами допуска. Проверить муфту и опоры.,0
Low,2026-05-14,17:40:01.534,2026-05-14T17:40:01.534,Valve_Slow,Compressor Station A,Critical threshold broken for Valve_Slow,Запаздывание клапана. Загрязнение привода или износ уплотнений.,0
Low,2026-05-14,17:40:20.384,2026-05-14T17:40:20.384,Valve_Slow,Compressor Station A,Critical threshold broken for Valve_Slow,Запаздывание клапана. Загрязнение привода или износ уплотнений.,0
Low,2026-05-14,17:40:25.593,2026-05-14T17:40:25.593,Valve_Slow,Compressor Station A,Critical threshold broken for Valve_Slow,Запаздывание клапана. Загрязнение привода или износ уплотнений.,0
High,2026-05-14,17:40:31.966,2026-05-14T17:40:31.966,HX_FoulingAlarm,Heat Exchanger C,Critical threshold broken for HX_FoulingAlarm,Загрязнение теплообменника. Снижение КПД — требуется промывка.,1
Medium,2026-05-14,17:40:41.548,2026-05-14T17:40:41.548,Lube_Oil_Press_Low,Compressor Station A,Critical threshold broken for Lube_Oil_Press_Low,Давление смазочного масла ниже нормы. Проверить масляный насос и фильтры.,0
High,2026-05-14,17:40:57.295,2026-05-14T17:40:57.295,Vib_Sensor_04_Err,Compressor Station A,Critical threshold broken for Vib_Sensor_04_Err,Вибрация превысила критический порог. Возможный износ подшипника или дисбаланс ротора.,1
Low,2026-05-14,17:40:57.416,2026-05-14T17:40:57.416,Valve_Slow,Compressor Station A,Critical threshold broken for Valve_Slow,Запаздывание клапана. Загрязнение привода или износ уплотнений.,0
High,2026-05-14,17:41:01.737,2026-05-14T17:41:01.737,Vib_Sensor_04_Err,Compressor Station A,Critical threshold broken for Vib_Sensor_04_Err,Вибрация превысила критический порог. Возможный износ подшипника или дисбаланс ротора.,1
Medium,2026-05-14,17:41:09.532,2026-05-14T17:41:09.532,Valve_Stuck_Close,Boiler Unit,Critical threshold broken for Valve_Stuck_Close,Клапан не открывается. Механическая блокировка или отказ привода.,0
High,2026-05-14,17:41:21.672,2026-05-14T17:41:21.672,Vib_Sensor_04_Err,Compressor Station A,Critical threshold broken for Vib_Sensor_04_Err,Вибрация превысила критический порог. Возможный износ подшипника или дисбаланс ротора.,1
High,2026-05-14,17:41:30.035,2026-05-14T17:41:30.035,Vib_Sensor_04_Err,Compressor Station A,Critical threshold broken for Vib_Sensor_04_Err,Вибрация превысила критический порог. Возможный износ подшипника или дисбаланс ротора.,1
High,2026-05-14,17:41:51.024,2026-05-14T17:41:51.024,Vib_Sensor_04_Err,Compressor Station A,Critical threshold broken for Vib_Sensor_04_Err,Вибрация превысила критический порог. Возможный износ подшипника или дисбаланс ротора.,1
High,2026-05-14,17:41:51.580,2026-05-14T17:41:51.580,Vib_Sensor_04_Err,Compressor Station A,Critical threshold broken for Vib_Sensor_04_Err,Вибрация превысила критический порог. Возможный износ подшипника или дисбаланс ротора.,1
Medium,2026-05-14,17:42:57.285,2026-05-14T17:42:57.285,Flow_Low,Pump Station B,Critical threshold broken for Flow_Low,Низкий расход. Проверить задвижки и состояние рабочего колеса.,0
High,2026-05-14,17:43:17.598,2026-05-14T17:43:17.598,Vib_Sensor_04_Err,Compressor Station A,Critical threshold broken for Vib_Sensor_04_Err,Вибрация превысила критический порог. Возможный износ подшипника или дисбаланс ротора.,1
Medium,2026-05-14,17:43:39.080,2026-05-14T17:43:39.080,Lube_Oil_Press_Low,Compressor Station A,Critical threshold broken for Lube_Oil_Press_Low,Давление смазочного масла ниже нормы. Проверить масляный насос и фильтры.,0
High,2026-05-14,17:43:48.775,2026-05-14T17:43:48.775,Vib_Sensor_04_Err,Compressor Station A,Critical threshold broken for Vib_Sensor_04_Err,Вибрация превысила критический порог. Возможный износ подшипника или дисбаланс ротора.,1
Medium,2026-05-14,17:44:53.047,2026-05-14T17:44:53.047,Flow_Low,Pump Station B,Critical threshold broken for Flow_Low,Низкий расход. Проверить задвижки и состояние рабочего колеса.,0
Medium,2026-05-14,17:45:13.173,2026-05-14T17:45:13.173,Lube_Oil_Press_Low,Compressor Station A,Critical threshold broken for Lube_Oil_Press_Low,Давление смазочного масла ниже нормы. Проверить масляный насос и фильтры.,0
Medium,2026-05-14,17:45:42.427,2026-05-14T17:45:42.427,Lube_Oil_Press_Low,Compressor Station A,Critical threshold broken for Lube_Oil_Press_Low,Давление смазочного масла ниже нормы. Проверить масляный насос и фильтры.,0
High,2026-05-14,17:45:49.924,2026-05-14T17:45:49.924,Vib_Sensor_04_Err,Compressor Station A,Critical threshold broken for Vib_Sensor_04_Err,Вибрация превысила критический порог. Возможный износ подшипника или дисбаланс ротора.,1
Medium,2026-05-14,17:45:55.999,2026-05-14T17:45:55.999,Pressure_Drop,Pump Station B,Critical threshold broken for Pressure_Drop,Падение давления. Возможна утечка или засорение фильтра.,0
High,2026-05-14,17:46:48.735,2026-05-14T17:46:48.735,Vib_Sensor_04_Err,Compressor Station A,Critical threshold broken for Vib_Sensor_04_Err,Вибрация превысила критический порог. Возможный износ подшипника или дисбаланс ротора.,1
High,2026-05-14,17:46:59.320,2026-05-14T17:46:59.320,Steam_Press_High,Boiler Unit,Critical threshold broken for Steam_Press_High,Давление пара превышает норму. Проверить регулятор давления и предохранительный клапан.,1
Medium,2026-05-14,17:47:00.115,2026-05-14T17:47:00.115,Flow_Low,Pump Station B,Critical threshold broken for Flow_Low,Низкий расход. Проверить задвижки и состояние рабочего колеса.,0
Low,2026-05-14,17:47:22.179,2026-05-14T17:47:22.179,Flow_Restrict,Heat Exchanger C,Critical threshold broken for Flow_Restrict,Ограничение потока. Частичное перекрытие прохода.,0
High,2026-05-14,17:47:30.550,2026-05-14T17:47:30.550,Vib_Sensor_04_Err,Compressor Station A,Critical threshold broken for Vib_Sensor_04_Err,Вибрация превысила критический порог. Возможный износ подшипника или дисбаланс ротора.,1
Medium,2026-05-14,17:47:32.176,2026-05-14T17:47:32.176,Valve_Stuck_Close,Boiler Unit,Critical threshold broken for Valve_Stuck_Close,Клапан не открывается. Механическая блокировка или отказ привода.,0
Medium,2026-05-14,17:47:55.932,2026-05-14T17:47:55.932,Bearing_Temp_High,Compressor Station A,Critical threshold broken for Bearing_Temp_High,Перегрев подшипника. Недостаточная смазка или повреждение обоймы.,0
High,2026-05-14,17:47:56.404,2026-05-14T17:47:56.404,Vib_Sensor_04_Err,Compressor Station A,Critical threshold broken for Vib_Sensor_04_Err,Вибрация превысила критический порог. Возможный износ подшипника или дисбаланс ротора.,1
Medium,2026-05-14,17:48:03.116,2026-05-14T17:48:03.116,Lube_Oil_Press_Low,Compressor Station A,Critical threshold broken for Lube_Oil_Press_Low,Давление смазочного масла ниже нормы. Проверить масляный насос и фильтры.,0
High,2026-05-14,17:48:05.245,2026-05-14T17:48:05.245,Vib_Sensor_04_Err,Compressor Station A,Critical threshold broken for Vib_Sensor_04_Err,Вибрация превысила критический порог. Возможный износ подшипника или дисбаланс ротора.,1
Medium,2026-05-14,17:48:19.524,2026-05-14T17:48:19.524,Lube_Oil_Press_Low,Compressor Station A,Critical threshold broken for Lube_Oil_Press_Low,Давление смазочного масла ниже нормы. Проверить масляный насос и фильтры.,0
Medium,2026-05-14,17:48:55.760,2026-05-14T17:48:55.760,Lube_Oil_Press_Low,Compressor Station A,Critical threshold broken for Lube_Oil_Press_Low,Давление смазочного масла ниже нормы. Проверить масляный насос и фильтры.,0
High,2026-05-14,17:48:55.922,2026-05-14T17:48:55.922,Vib_Sensor_04_Err,Compressor Station A,Critical threshold broken for Vib_Sensor_04_Err,Вибрация превысила критический порог. Возможный износ подшипника или дисбаланс ротора.,1
Low,2026-05-14,17:48:58.079,2026-05-14T17:48:58.079,Flow_Variance,Boiler Unit,Critical threshold broken for Flow_Variance,Нестабильный расход. Частичное засорение трубопровода.,0
High,2026-05-14,17:49:21.425,2026-05-14T17:49:21.425,Vib_Sensor_04_Err,Compressor Station A,Critical threshold broken for Vib_Sensor_04_Err,Вибрация превысила критический порог. Возможный износ подшипника или дисбаланс ротора.,1
Medium,2026-05-14,17:49:24.332,2026-05-14T17:49:24.332,Shaft_Displacement,Compressor Station A,Critical threshold broken for Shaft_Displacement,Осевое смещение вала за пределами допуска. Проверить муфту и опоры.,0
High,2026-05-14,17:49:30.804,2026-05-14T17:49:30.804,Steam_Press_High,Boiler Unit,Critical threshold broken for Steam_Press_High,Давление пара превышает норму. Проверить регулятор давления и предохранительный клапан.,1
High,2026-05-14,17:50:02.201,2026-05-14T17:50:02.201,Vib_Sensor_04_Err,Compressor Station A,Critical threshold broken for Vib_Sensor_04_Err,Вибрация превысила критический порог. Возможный износ подшипника или дисбаланс ротора.,1
Low,2026-05-14,17:50:19.290,2026-05-14T17:50:19.290,Flow_Restrict,Heat Exchanger C,Critical threshold broken for Flow_Restrict,Ограничение потока. Частичное перекрытие прохода.,0
High,2026-05-14,17:50:24.537,2026-05-14T17:50:24.537,Vib_Sensor_04_Err,Compressor Station A,Critical threshold broken for Vib_Sensor_04_Err,Вибрация превысила критический порог. Возможный износ подшипника или дисбаланс ротора.,1
Medium,2026-05-14,17:50:28.210,2026-05-14T17:50:28.210,Lube_Oil_Press_Low,Compressor Station A,Critical threshold broken for Lube_Oil_Press_Low,Давление смазочного масла ниже нормы. Проверить масляный насос и фильтры.,0
Medium,2026-05-14,17:50:30.385,2026-05-14T17:50:30.385,Shaft_Displacement,Compressor Station A,Critical threshold broken for Shaft_Displacement,Осевое смещение вала за пределами допуска. Проверить муфту и опоры.,0
High,2026-05-14,17:50:33.368,2026-05-14T17:50:33.368,Vib_Sensor_04_Err,Compressor Station A,Critical threshold broken for Vib_Sensor_04_Err,Вибрация превысила критический порог. Возможный износ подшипника или дисбаланс ротора.,1
High,2026-05-14,17:51:07.215,2026-05-14T17:51:07.215,Vib_Sensor_04_Err,Compressor Station A,Critical threshold broken for Vib_Sensor_04_Err,Вибрация превысила критический порог. Возможный износ подшипника или дисбаланс ротора.,1
Medium,2026-05-14,17:51:10.342,2026-05-14T17:51:10.342,Lube_Oil_Press_Low,Compressor Station A,Critical threshold broken for Lube_Oil_Press_Low,Давление смазочного масла ниже нормы. Проверить масляный насос и фильтры.,0
Medium,2026-05-14,17:51:14.534,2026-05-14T17:51:14.534,Lube_Oil_Press_Low,Compressor Station A,Critical threshold broken for Lube_Oil_Press_Low,Давление смазочного масла ниже нормы. Проверить масляный насос и фильтры.,0
Medium,2026-05-14,17:52:05.813,2026-05-14T17:52:05.813,Lube_Oil_Press_Low,Compressor Station A,Critical threshold broken for Lube_Oil_Press_Low,Давление смазочного масла ниже нормы. Проверить масляный насос и фильтры.,0
Medium,2026-05-14,17:52:52.894,2026-05-14T17:52:52.894,Valve_Stuck_Close,Boiler Unit,Critical threshold broken for Valve_Stuck_Close,Клапан не открывается. Механическая блокировка или отказ привода.,0
High,2026-05-14,17:52:58.176,2026-05-14T17:52:58.176,Vib_Sensor_04_Err,Compressor Station A,Critical threshold broken for Vib_Sensor_04_Err,Вибрация превысила критический порог. Возможный износ подшипника или дисбаланс ротора.,1
Low,2026-05-14,17:53:26.658,2026-05-14T17:53:26.658,Valve_Slow,Compressor Station A,Critical threshold broken for Valve_Slow,Запаздывание клапана. Загрязнение привода или износ уплотнений.,0
High,2026-05-14,17:54:09.617,2026-05-14T17:54:09.617,Steam_Press_High,Boiler Unit,Critical threshold broken for Steam_Press_High,Давление пара превышает норму. Проверить регулятор давления и предохранительный клапан.,1
Low,2026-05-14,17:54:31.703,2026-05-14T17:54:31.703,Temp_Crit_B,Boiler Unit,Critical threshold broken for Temp_Crit_B,Критическая температура в зоне B. Нарушение теплообмена.,0
Medium,2026-05-14,17:54:47.739,2026-05-14T17:54:47.739,Lube_Oil_Press_Low,Compressor Station A,Critical threshold broken for Lube_Oil_Press_Low,Давление смазочного масла ниже нормы. Проверить масляный насос и фильтры.,0
High,2026-05-14,17:54:58.516,2026-05-14T17:54:58.516,HX_FoulingAlarm,Heat Exchanger C,Critical threshold broken for HX_FoulingAlarm,Загрязнение теплообменника. Снижение КПД — требуется промывка.,1
High,2026-05-14,17:54:59.996,2026-05-14T17:54:59.996,Vib_Sensor_04_Err,Compressor Station A,Critical threshold broken for Vib_Sensor_04_Err,Вибрация превысила критический порог. Возможный износ подшипника или дисбаланс ротора.,1
High,2026-05-14,17:55:20.244,2026-05-14T17:55:20.244,HX_FoulingAlarm,Heat Exchanger C,Critical threshold broken for HX_FoulingAlarm,Загрязнение теплообменника. Снижение КПД — требуется промывка.,1
High,2026-05-14,17:55:42.855,2026-05-14T17:55:42.855,Vib_Sensor_04_Err,Compressor Station A,Critical threshold broken for Vib_Sensor_04_Err,Вибрация превысила критический порог. Возможный износ подшипника или дисбаланс ротора.,1
High,2026-05-14,17:55:43.103,2026-05-14T17:55:43.103,Steam_Press_High,Boiler Unit,Critical threshold broken for Steam_Press_High,Давление пара превышает норму. Проверить регулятор давления и предохранительный клапан.,1
Medium,2026-05-14,17:56:03.092,2026-05-14T17:56:03.092,Bearing_Temp_High,Compressor Station A,Critical threshold broken for Bearing_Temp_High,Перегрев подшипника. Недостаточная смазка или повреждение обоймы.,0
High,2026-05-14,17:56:43.114,2026-05-14T17:56:43.114,Vib_Sensor_04_Err,Compressor Station A,Critical threshold broken for Vib_Sensor_04_Err,Вибрация превысила критический порог. Возможный износ подшипника или дисбаланс ротора.,1
Low,2026-05-14,17:57:27.085,2026-05-14T17:57:27.085,Flow_Restrict,Heat Exchanger C,Critical threshold broken for Flow_Restrict,Ограничение потока. Частичное перекрытие прохода.,0
High,2026-05-14,17:58:10.583,2026-05-14T17:58:10.583,Vib_Sensor_04_Err,Compressor Station A,Critical threshold broken for Vib_Sensor_04_Err,Вибрация превысила критический порог. Возможный износ подшипника или дисбаланс ротора.,1
Medium,2026-05-14,17:58:10.794,2026-05-14T17:58:10.794,Lube_Oil_Press_Low,Compressor Station A,Critical threshold broken for Lube_Oil_Press_Low,Давление смазочного масла ниже нормы. Проверить масляный насос и фильтры.,0
High,2026-05-14,17:58:35.560,2026-05-14T17:58:35.560,Vib_Sensor_04_Err,Compressor Station A,Critical threshold broken for Vib_Sensor_04_Err,Вибрация превысила критический порог. Возможный износ подшипника или дисбаланс ротора.,1
High,2026-05-14,17:58:51.324,2026-05-14T17:58:51.324,Vib_Sensor_04_Err,Compressor Station A,Critical threshold broken for Vib_Sensor_04_Err,Вибрация превысила критический порог. Возможный износ подшипника или дисбаланс ротора.,1
Medium,2026-05-14,17:59:23.943,2026-05-14T17:59:23.943,Lube_Oil_Press_Low,Compressor Station A,Critical threshold broken for Lube_Oil_Press_Low,Давление смазочного масла ниже нормы. Проверить масляный насос и фильтры.,0
Medium,2026-05-14,17:59:26.169,2026-05-14T17:59:26.169,Pressure_Drop,Pump Station B,Critical threshold broken for Pressure_Drop,Падение давления. Возможна утечка или засорение фильтра.,0
Medium,2026-05-14,17:59:26.576,2026-05-14T17:59:26.576,Lube_Oil_Press_Low,Compressor Station A,Critical threshold broken for Lube_Oil_Press_Low,Давление смазочного масла ниже нормы. Проверить масляный насос и фильтры.,0
Medium,2026-05-14,17:59:29.459,2026-05-14T17:59:29.459,Lube_Oil_Press_Low,Compressor Station A,Critical threshold broken for Lube_Oil_Press_Low,Давление смазочного масла ниже нормы. Проверить масляный насос и фильтры.,0
Medium,2026-05-14,18:00:18.012,2026-05-14T18:00:18.012,Bearing_Temp_High,Compressor Station A,Critical threshold broken for Bearing_Temp_High,Перегрев подшипника. Недостаточная смазка или повреждение обоймы.,0
High,2026-05-14,18:00:26.568,2026-05-14T18:00:26.568,Vib_Sensor_04_Err,Compressor Station A,Critical threshold broken for Vib_Sensor_04_Err,Вибрация превысила критический порог. Возможный износ подшипника или дисбаланс ротора.,1
Medium,2026-05-14,18:00:42.184,2026-05-14T18:00:42.184,Bearing_Temp_High,Compressor Station A,Critical threshold broken for Bearing_Temp_High,Перегрев подшипника. Недостаточная смазка или повреждение обоймы.,0
High,2026-05-14,18:01:06.177,2026-05-14T18:01:06.177,Vib_Sensor_04_Err,Compressor Station A,Critical threshold broken for Vib_Sensor_04_Err,Вибрация превысила критический порог. Возможный износ подшипника или дисбаланс ротора.,1
High,2026-05-14,18:01:25.557,2026-05-14T18:01:25.557,Vib_Sensor_04_Err,Compressor Station A,Critical threshold broken for Vib_Sensor_04_Err,Вибрация превысила критический порог. Возможный износ подшипника или дисбаланс ротора.,1
High,2026-05-14,18:01:54.174,2026-05-14T18:01:54.174,Steam_Press_High,Boiler Unit,Critical threshold broken for Steam_Press_High,Давление пара превышает норму. Проверить регулятор давления и предохранительный клапан.,1
Medium,2026-05-14,18:02:13.325,2026-05-14T18:02:13.325,Pressure_Drop,Pump Station B,Critical threshold broken for Pressure_Drop,Падение давления. Возможна утечка или засорение фильтра.,0
Medium,2026-05-14,18:02:46.375,2026-05-14T18:02:46.375,Bearing_Temp_High,Compressor Station A,Critical threshold broken for Bearing_Temp_High,Перегрев подшипника. Недостаточная смазка или повреждение обоймы.,0
Medium,2026-05-14,18:02:53.875,2026-05-14T18:02:53.875,Shaft_Displacement,Compressor Station A,Critical threshold broken for Shaft_Displacement,Осевое смещение вала за пределами допуска. Проверить муфту и опоры.,0
Medium,2026-05-14,18:03:36.228,2026-05-14T18:03:36.228,Lube_Oil_Press_Low,Compressor Station A,Critical threshold broken for Lube_Oil_Press_Low,Давление смазочного масла ниже нормы. Проверить масляный насос и фильтры.,0
High,2026-05-14,18:03:41.777,2026-05-14T18:03:41.777,Pump_Cavitation,Pump Station B,Critical threshold broken for Pump_Cavitation,Кавитация насоса. Снизить производительность или повысить давление на входе.,1
Medium,2026-05-14,18:03:42.302,2026-05-14T18:03:42.302,Lube_Oil_Press_Low,Compressor Station A,Critical threshold broken for Lube_Oil_Press_Low,Давление смазочного масла ниже нормы. Проверить масляный насос и фильтры.,0
High,2026-05-14,18:04:20.574,2026-05-14T18:04:20.574,Vib_Sensor_04_Err,Compressor Station A,Critical threshold broken for Vib_Sensor_04_Err,Вибрация превысила критический порог. Возможный износ подшипника или дисбаланс ротора.,1
High,2026-05-14,18:05:35.393,2026-05-14T18:05:35.393,Pump_Cavitation,Pump Station B,Critical threshold broken for Pump_Cavitation,Кавитация насоса. Снизить производительность или повысить давление на входе.,1
Medium,2026-05-14,18:05:38.496,2026-05-14T18:05:38.496,Lube_Oil_Press_Low,Compressor Station A,Critical threshold broken for Lube_Oil_Press_Low,Давление смазочного масла ниже нормы. Проверить масляный насос и фильтры.,0
High,2026-05-14,18:05:43.585,2026-05-14T18:05:43.585,HX_FoulingAlarm,Heat Exchanger C,Critical threshold broken for HX_FoulingAlarm,Загрязнение теплообменника. Снижение КПД — требуется промывка.,1
Low,2026-05-14,18:05:54.702,2026-05-14T18:05:54.702,Temp_Crit_B,Boiler Unit,Critical threshold broken for Temp_Crit_B,Критическая температура в зоне B. Нарушение теплообмена.,0
Medium,2026-05-14,18:06:34.094,2026-05-14T18:06:34.094,Lube_Oil_Press_Low,Compressor Station A,Critical threshold broken for Lube_Oil_Press_Low,Давление смазочного масла ниже нормы. Проверить масляный насос и фильтры.,0
Medium,2026-05-14,18:07:37.610,2026-05-14T18:07:37.610,Lube_Oil_Press_Low,Compressor Station A,Critical threshold broken for Lube_Oil_Press_Low,Давление смазочного масла ниже нормы. Проверить масляный насос и фильтры.,0
Medium,2026-05-14,18:08:03.516,2026-05-14T18:08:03.516,Shaft_Displacement,Compressor Station A,Critical threshold broken for Shaft_Displacement,Осевое смещение вала за пределами допуска. Проверить муфту и опоры.,0
High,2026-05-14,18:09:20.667,2026-05-14T18:09:20.667,Vib_Sensor_04_Err,Compressor Station A,Critical threshold broken for Vib_Sensor_04_Err,Вибрация превысила критический порог. Возможный износ подшипника или дисбаланс ротора.,1
High,2026-05-14,18:09:25.145,2026-05-14T18:09:25.145,Vib_Sensor_04_Err,Compressor Station A,Critical threshold broken for Vib_Sensor_04_Err,Вибрация превысила критический порог. Возможный износ подшипника или дисбаланс ротора.,1
Medium,2026-05-14,18:09:51.599,2026-05-14T18:09:51.599,Bearing_Temp_High,Compressor Station A,Critical threshold broken for Bearing_Temp_High,Перегрев подшипника. Недостаточная смазка или повреждение обоймы.,0
High,2026-05-14,18:10:02.040,2026-05-14T18:10:02.040,Vib_Sensor_04_Err,Compressor Station A,Critical threshold broken for Vib_Sensor_04_Err,Вибрация превысила критический порог. Возможный износ подшипника или дисбаланс ротора.,1
High,2026-05-14,18:10:04.218,2026-05-14T18:10:04.218,Vib_Sensor_04_Err,Compressor Station A,Critical threshold broken for Vib_Sensor_04_Err,Вибрация превысила критический порог. Возможный износ подшипника или дисбаланс ротора.,1
High,2026-05-14,18:10:36.547,2026-05-14T18:10:36.547,Steam_Press_High,Boiler Unit,Critical threshold broken for Steam_Press_High,Давление пара превышает норму. Проверить регулятор давления и предохранительный клапан.,1
Medium,2026-05-14,18:12:17.388,2026-05-14T18:12:17.388,Shaft_Displacement,Compressor Station A,Critical threshold broken for Shaft_Displacement,Осевое смещение вала за пределами допуска. Проверить муфту и опоры.,0
High,2026-05-14,18:12:46.181,2026-05-14T18:12:46.181,Pump_Cavitation,Pump Station B,Critical threshold broken for Pump_Cavitation,Кавитация насоса. Снизить производительность или повысить давление на входе.,1
Low,2026-05-14,18:12:50.172,2026-05-14T18:12:50.172,Temp_Crit_B,Boiler Unit,Critical threshold broken for Temp_Crit_B,Критическая температура в зоне B. Нарушение теплообмена.,0
Medium,2026-05-14,18:13:07.318,2026-05-14T18:13:07.318,Temp_Delta_High,Heat Exchanger C,Critical threshold broken for Temp_Delta_High,Высокая разница температур. Нарушение режима теплопередачи.,0
High,2026-05-14,18:13:23.108,2026-05-14T18:13:23.108,Vib_Sensor_04_Err,Compressor Station A,Critical threshold broken for Vib_Sensor_04_Err,Вибрация превысила критический порог. Возможный износ подшипника или дисбаланс ротора.,1
Medium,2026-05-14,18:13:44.293,2026-05-14T18:13:44.293,Valve_Stuck_Close,Boiler Unit,Critical threshold broken for Valve_Stuck_Close,Клапан не открывается. Механическая блокировка или отказ привода.,0
High,2026-05-14,18:14:40.014,2026-05-14T18:14:40.014,Vib_Sensor_04_Err,Compressor Station A,Critical threshold broken for Vib_Sensor_04_Err,Вибрация превысила критический порог. Возможный износ подшипника или дисбаланс ротора.,1
High,2026-05-14,18:14:57.696,2026-05-14T18:14:57.696,Steam_Press_High,Boiler Unit,Critical threshold broken for Steam_Press_High,Давление пара превышает норму. Проверить регулятор давления и предохранительный клапан.,1
Medium,2026-05-14,18:15:17.029,2026-05-14T18:15:17.029,Lube_Oil_Press_Low,Compressor Station A,Critical threshold broken for Lube_Oil_Press_Low,Давление смазочного масла ниже нормы. Проверить масляный насос и фильтры.,0
High,2026-05-14,18:15:49.148,2026-05-14T18:15:49.148,Vib_Sensor_04_Err,Compressor Station A,Critical threshold broken for Vib_Sensor_04_Err,Вибрация превысила критический порог. Возможный износ подшипника или дисбаланс ротора.,1
Medium,2026-05-14,18:15:55.968,2026-05-14T18:15:55.968,Lube_Oil_Press_Low,Compressor Station A,Critical threshold broken for Lube_Oil_Press_Low,Давление смазочного масла ниже нормы. Проверить масляный насос и фильтры.,0
High,2026-05-14,18:16:51.471,2026-05-14T18:16:51.471,Vib_Sensor_04_Err,Compressor Station A,Critical threshold broken for Vib_Sensor_04_Err,Вибрация превысила критический порог. Возможный износ подшипника или дисбаланс ротора.,1
High,2026-05-14,18:17:15.262,2026-05-14T18:17:15.262,Pump_Cavitation,Pump Station B,Critical threshold broken for Pump_Cavitation,Кавитация насоса. Снизить производительность или повысить давление на входе.,1
Medium,2026-05-14,18:17:31.688,2026-05-14T18:17:31.688,Lube_Oil_Press_Low,Compressor Station A,Critical threshold broken for Lube_Oil_Press_Low,Давление смазочного масла ниже нормы. Проверить масляный насос и фильтры.,0
Medium,2026-05-14,18:17:37.766,2026-05-14T18:17:37.766,Bearing_Temp_High,Compressor Station A,Critical threshold broken for Bearing_Temp_High,Перегрев подшипника. Недостаточная смазка или повреждение обоймы.,0
High,2026-05-14,18:19:48.121,2026-05-14T18:19:48.121,HX_FoulingAlarm,Heat Exchanger C,Critical threshold broken for HX_FoulingAlarm,Загрязнение теплообменника. Снижение КПД — требуется промывка.,1
Low,2026-05-14,18:21:06.735,2026-05-14T18:21:06.735,Flow_Variance,Boiler Unit,Critical threshold broken for Flow_Variance,Нестабильный расход. Частичное засорение трубопровода.,0
Medium,2026-05-14,18:21:20.603,2026-05-14T18:21:20.603,Shaft_Displacement,Compressor Station A,Critical threshold broken for Shaft_Displacement,Осевое смещение вала за пределами допуска. Проверить муфту и опоры.,0
High,2026-05-14,18:21:25.166,2026-05-14T18:21:25.166,Steam_Press_High,Boiler Unit,Critical threshold broken for Steam_Press_High,Давление пара превышает норму. Проверить регулятор давления и предохранительный клапан.,1
Low,2026-05-14,18:21:35.116,2026-05-14T18:21:35.116,Temp_Crit_B,Boiler Unit,Critical threshold broken for Temp_Crit_B,Критическая температура в зоне B. Нарушение теплообмена.,0
Medium,2026-05-14,18:22:06.211,2026-05-14T18:22:06.211,Lube_Oil_Press_Low,Compressor Station A,Critical threshold broken for Lube_Oil_Press_Low,Давление смазочного масла ниже нормы. Проверить масляный насос и фильтры.,0
High,2026-05-14,18:22:11.294,2026-05-14T18:22:11.294,Vib_Sensor_04_Err,Compressor Station A,Critical threshold broken for Vib_Sensor_04_Err,Вибрация превысила критический порог. Возможный износ подшипника или дисбаланс ротора.,1
High,2026-05-14,18:22:49.980,2026-05-14T18:22:49.980,Vib_Sensor_04_Err,Compressor Station A,Critical threshold broken for Vib_Sensor_04_Err,Вибрация превысила критический порог. Возможный износ подшипника или дисбаланс ротора.,1
Medium,2026-05-14,18:22:57.226,2026-05-14T18:22:57.226,Valve_Stuck_Close,Boiler Unit,Critical threshold broken for Valve_Stuck_Close,Клапан не открывается. Механическая блокировка или отказ привода.,0
Medium,2026-05-14,18:23:10.751,2026-05-14T18:23:10.751,Bearing_Temp_High,Compressor Station A,Critical threshold broken for Bearing_Temp_High,Перегрев подшипника. Недостаточная смазка или повреждение обоймы.,0
Low,2026-05-14,18:26:26.583,2026-05-14T18:26:26.583,Flow_Restrict,Heat Exchanger C,Critical threshold broken for Flow_Restrict,Ограничение потока. Частичное перекрытие прохода.,0
Medium,2026-05-14,18:30:14.179,2026-05-14T18:30:14.179,Lube_Oil_Press_Low,Compressor Station A,Critical threshold broken for Lube_Oil_Press_Low,Давление смазочного масла ниже нормы. Проверить масляный насос и фильтры.,0
Medium,2026-05-14,18:34:07.595,2026-05-14T18:34:07.595,Bearing_Temp_High,Compressor Station A,Critical threshold broken for Bearing_Temp_High,Перегрев подшипника. Недостаточная смазка или повреждение обоймы.,0
Medium,2026-05-14,18:35:05.377,2026-05-14T18:35:05.377,Shaft_Displacement,Compressor Station A,Critical threshold broken for Shaft_Displacement,Осевое смещение вала за пределами допуска. Проверить муфту и опоры.,0
Medium,2026-05-14,18:38:56.580,2026-05-14T18:38:56.580,Lube_Oil_Press_Low,Compressor Station A,Critical threshold broken for Lube_Oil_Press_Low,Давление смазочного масла ниже нормы. Проверить масляный насос и фильтры.,0
High,2026-05-14,18:41:45.000,2026-05-14T18:41:45.000,HX_FoulingAlarm,Heat Exchanger C,Critical threshold broken for HX_FoulingAlarm,Загрязнение теплообменника. Снижение КПД — требуется промывка.,1
High,2026-05-14,18:44:34.742,2026-05-14T18:44:34.742,Steam_Press_High,Boiler Unit,Critical threshold broken for Steam_Press_High,Давление пара превышает норму. Проверить регулятор давления и предохранительный клапан.,1
Medium,2026-05-14,18:46:52.774,2026-05-14T18:46:52.774,Lube_Oil_Press_Low,Compressor Station A,Critical threshold broken for Lube_Oil_Press_Low,Давление смазочного масла ниже нормы. Проверить масляный насос и фильтры.,0
High,2026-05-14,18:55:47.571,2026-05-14T18:55:47.571,Vib_Sensor_04_Err,Compressor Station A,Critical threshold broken for Vib_Sensor_04_Err,Вибрация превысила критический порог. Возможный износ подшипника или дисбаланс ротора.,1
Low,2026-05-14,18:55:49.820,2026-05-14T18:55:49.820,Valve_Slow,Compressor Station A,Critical threshold broken for Valve_Slow,Запаздывание клапана. Загрязнение привода или износ уплотнений.,0
Medium,2026-05-14,18:55:54.909,2026-05-14T18:55:54.909,Lube_Oil_Press_Low,Compressor Station A,Critical threshold broken for Lube_Oil_Press_Low,Давление смазочного масла ниже нормы. Проверить масляный насос и фильтры.,0
High,2026-05-14,19:06:14.167,2026-05-14T19:06:14.167,Vib_Sensor_04_Err,Compressor Station A,Critical threshold broken for Vib_Sensor_04_Err,Вибрация превысила критический порог. Возможный износ подшипника или дисбаланс ротора.,1
High,2026-05-14,19:07:40.440,2026-05-14T19:07:40.440,Vib_Sensor_04_Err,Compressor Station A,Critical threshold broken for Vib_Sensor_04_Err,Вибрация превысила критический порог. Возможный износ подшипника или дисбаланс ротора.,1
Medium,2026-05-14,19:11:10.755,2026-05-14T19:11:10.755,Flow_Low,Pump Station B,Critical threshold broken for Flow_Low,Низкий расход. Проверить задвижки и состояние рабочего колеса.,0
Medium,2026-05-14,19:12:14.233,2026-05-14T19:12:14.233,Bearing_Temp_High,Compressor Station A,Critical threshold broken for Bearing_Temp_High,Перегрев подшипника. Недостаточная смазка или повреждение обоймы.,0
High,2026-05-14,19:22:47.908,2026-05-14T19:22:47.908,Vib_Sensor_04_Err,Compressor Station A,Critical threshold broken for Vib_Sensor_04_Err,Вибрация превысила критический порог. Возможный износ подшипника или дисбаланс ротора.,1
High,2026-05-14,19:25:18.065,2026-05-14T19:25:18.065,Vib_Sensor_04_Err,Compressor Station A,Critical threshold broken for Vib_Sensor_04_Err,Вибрация превысила критический порог. Возможный износ подшипника или дисбаланс ротора.,1
Medium,2026-05-14,19:29:39.960,2026-05-14T19:29:39.960,Lube_Oil_Press_Low,Compressor Station A,Critical threshold broken for Lube_Oil_Press_Low,Давление смазочного масла ниже нормы. Проверить масляный насос и фильтры.,0
High,2026-05-14,19:43:48.026,2026-05-14T19:43:48.026,Vib_Sensor_04_Err,Compressor Station A,Critical threshold broken for Vib_Sensor_04_Err,Вибрация превысила критический порог. Возможный износ подшипника или дисбаланс ротора.,1
High,2026-05-14,19:44:34.195,2026-05-14T19:44:34.195,Vib_Sensor_04_Err,Compressor Station A,Critical threshold broken for Vib_Sensor_04_Err,Вибрация превысила критический порог. Возможный износ подшипника или дисбаланс ротора.,1
High,2026-05-14,19:53:11.177,2026-05-14T19:53:11.177,Steam_Press_High,Boiler Unit,Critical threshold broken for Steam_Press_High,Давление пара превышает норму. Проверить регулятор давления и предохранительный клапан.,1
High,2026-05-14,19:54:54.686,2026-05-14T19:54:54.686,Vib_Sensor_04_Err,Compressor Station A,Critical threshold broken for Vib_Sensor_04_Err,Вибрация превысила критический порог. Возможный износ подшипника или дисбаланс ротора.,1
Medium,2026-05-14,19:59:02.305,2026-05-14T19:59:02.305,Bearing_Temp_High,Compressor Station A,Critical threshold broken for Bearing_Temp_High,Перегрев подшипника. Недостаточная смазка или повреждение обоймы.,0
Medium,2026-05-14,20:01:45.467,2026-05-14T20:01:45.467,Lube_Oil_Press_Low,Compressor Station A,Critical threshold broken for Lube_Oil_Press_Low,Давление смазочного масла ниже нормы. Проверить масляный насос и фильтры.,0
High,2026-05-14,20:11:57.133,2026-05-14T20:11:57.133,Steam_Press_High,Boiler Unit,Critical threshold broken for Steam_Press_High,Давление пара превышает норму. Проверить регулятор давления и предохранительный клапан.,1
High,2026-05-14,20:12:03.013,2026-05-14T20:12:03.013,Steam_Press_High,Boiler Unit,Critical threshold broken for Steam_Press_High,Давление пара превышает норму. Проверить регулятор давления и предохранительный клапан.,1
Medium,2026-05-14,20:12:26.646,2026-05-14T20:12:26.646,Lube_Oil_Press_Low,Compressor Station A,Critical threshold broken for Lube_Oil_Press_Low,Давление смазочного масла ниже нормы. Проверить масляный насос и фильтры.,0
Medium,2026-05-14,20:29:08.227,2026-05-14T20:29:08.227,Shaft_Displacement,Compressor Station A,Critical threshold broken for Shaft_Displacement,Осевое смещение вала за пределами допуска. Проверить муфту и опоры.,0
Medium,2026-05-14,20:37:46.819,2026-05-14T20:37:46.819,Shaft_Displacement,Compressor Station A,Critical threshold broken for Shaft_Displacement,Осевое смещение вала за пределами допуска. Проверить муфту и опоры.,0
Medium,2026-05-14,20:38:00.997,2026-05-14T20:38:00.997,Temp_Delta_High,Heat Exchanger C,Critical threshold broken for Temp_Delta_High,Высокая разница температур. Нарушение режима теплопередачи.,0
High,2026-05-14,20:38:32.685,2026-05-14T20:38:32.685,Steam_Press_High,Boiler Unit,Critical threshold broken for Steam_Press_High,Давление пара превышает норму. Проверить регулятор давления и предохранительный клапан.,1
High,2026-05-14,20:40:20.234,2026-05-14T20:40:20.234,Pump_Cavitation,Pump Station B,Critical threshold broken for Pump_Cavitation,Кавитация насоса. Снизить производительность или повысить давление на входе.,1
High,2026-05-14,20:41:44.998,2026-05-14T20:41:44.998,Vib_Sensor_04_Err,Compressor Station A,Critical threshold broken for Vib_Sensor_04_Err,Вибрация превысила критический порог. Возможный износ подшипника или дисбаланс ротора.,1
High,2026-05-14,20:51:28.340,2026-05-14T20:51:28.340,Pump_Cavitation,Pump Station B,Critical threshold broken for Pump_Cavitation,Кавитация насоса. Снизить производительность или повысить давление на входе.,1
Medium,2026-05-14,20:54:17.525,2026-05-14T20:54:17.525,Lube_Oil_Press_Low,Compressor Station A,Critical threshold broken for Lube_Oil_Press_Low,Давление смазочного масла ниже нормы. Проверить масляный насос и фильтры.,0
High,2026-05-14,20:59:43.582,2026-05-14T20:59:43.582,Vib_Sensor_04_Err,Compressor Station A,Critical threshold broken for Vib_Sensor_04_Err,Вибрация превысила критический порог. Возможный износ подшипника или дисбаланс ротора.,1
Medium,2026-05-14,21:02:06.281,2026-05-14T21:02:06.281,Lube_Oil_Press_Low,Compressor Station A,Critical threshold broken for Lube_Oil_Press_Low,Давление смазочного масла ниже нормы. Проверить масляный насос и фильтры.,0
Low,2026-05-14,21:05:22.480,2026-05-14T21:05:22.480,Temp_Crit_B,Boiler Unit,Critical threshold broken for Temp_Crit_B,Критическая температура в зоне B. Нарушение теплообмена.,0
Low,2026-05-14,21:05:48.874,2026-05-14T21:05:48.874,Temp_Crit_B,Boiler Unit,Critical threshold broken for Temp_Crit_B,Критическая температура в зоне B. Нарушение теплообмена.,0
Medium,2026-05-14,21:20:16.067,2026-05-14T21:20:16.067,Valve_Stuck_Close,Boiler Unit,Critical threshold broken for Valve_Stuck_Close,Клапан не открывается. Механическая блокировка или отказ привода.,0
High,2026-05-14,21:34:41.998,2026-05-14T21:34:41.998,Vib_Sensor_04_Err,Compressor Station A,Critical threshold broken for Vib_Sensor_04_Err,Вибрация превысила критический порог. Возможный износ подшипника или дисбаланс ротора.,1
Medium,2026-05-14,21:35:01.443,2026-05-14T21:35:01.443,Bearing_Temp_High,Compressor Station A,Critical threshold broken for Bearing_Temp_High,Перегрев подшипника. Недостаточная смазка или повреждение обоймы.,0
High,2026-05-14,21:38:42.241,2026-05-14T21:38:42.241,Vib_Sensor_04_Err,Compressor Station A,Critical threshold broken for Vib_Sensor_04_Err,Вибрация превысила критический порог. Возможный износ подшипника или дисбаланс ротора.,1
High,2026-05-14,21:49:32.867,2026-05-14T21:49:32.867,Vib_Sensor_04_Err,Compressor Station A,Critical threshold broken for Vib_Sensor_04_Err,Вибрация превысила критический порог. Возможный износ подшипника или дисбаланс ротора.,1
High,2026-05-14,21:50:53.595,2026-05-14T21:50:53.595,Vib_Sensor_04_Err,Compressor Station A,Critical threshold broken for Vib_Sensor_04_Err,Вибрация превысила критический порог. Возможный износ подшипника или дисбаланс ротора.,1
Medium,2026-05-14,21:52:46.574,2026-05-14T21:52:46.574,Shaft_Displacement,Compressor Station A,Critical threshold broken for Shaft_Displacement,Осевое смещение вала за пределами допуска. Проверить муфту и опоры.,0
Medium,2026-05-14,21:58:40.159,2026-05-14T21:58:40.159,Bearing_Temp_High,Compressor Station A,Critical threshold broken for Bearing_Temp_High,Перегрев подшипника. Недостаточная смазка или повреждение обоймы.,0
High,2026-05-14,22:14:11.096,2026-05-14T22:14:11.096,Vib_Sensor_04_Err,Compressor Station A,Critical threshold broken for Vib_Sensor_04_Err,Вибрация превысила критический порог. Возможный износ подшипника или дисбаланс ротора.,1
High,2026-05-14,22:24:51.718,2026-05-14T22:24:51.718,Vib_Sensor_04_Err,Compressor Station A,Critical threshold broken for Vib_Sensor_04_Err,Вибрация превысила критический порог. Возможный износ подшипника или дисбаланс ротора.,1
High,2026-05-14,22:25:38.892,2026-05-14T22:25:38.892,Vib_Sensor_04_Err,Compressor Station A,Critical threshold broken for Vib_Sensor_04_Err,Вибрация превысила критический порог. Возможный износ подшипника или дисбаланс ротора.,1
Low,2026-05-14,22:28:23.476,2026-05-14T22:28:23.476,Flow_Restrict,Heat Exchanger C,Critical threshold broken for Flow_Restrict,Ограничение потока. Частичное перекрытие прохода.,0
High,2026-05-14,22:39:34.832,2026-05-14T22:39:34.832,Vib_Sensor_04_Err,Compressor Station A,Critical threshold broken for Vib_Sensor_04_Err,Вибрация превысила критический порог. Возможный износ подшипника или дисбаланс ротора.,1
Medium,2026-05-14,23:10:41.554,2026-05-14T23:10:41.554,Lube_Oil_Press_Low,Compressor Station A,Critical threshold broken for Lube_Oil_Press_Low,Давление смазочного масла ниже нормы. Проверить масляный насос и фильтры.,0
Medium,2026-05-14,23:12:56.077,2026-05-14T23:12:56.077,Lube_Oil_Press_Low,Compressor Station A,Critical threshold broken for Lube_Oil_Press_Low,Давление смазочного масла ниже нормы. Проверить масляный насос и фильтры.,0
High,2026-05-14,23:15:29.889,2026-05-14T23:15:29.889,Vib_Sensor_04_Err,Compressor Station A,Critical threshold broken for Vib_Sensor_04_Err,Вибрация превысила критический порог. Возможный износ подшипника или дисбаланс ротора.,1
High,2026-05-14,23:15:49.679,2026-05-14T23:15:49.679,Vib_Sensor_04_Err,Compressor Station A,Critical threshold broken for Vib_Sensor_04_Err,Вибрация превысила критический порог. Возможный износ подшипника или дисбаланс ротора.,1
High,2026-05-14,23:23:16.019,2026-05-14T23:23:16.019,Vib_Sensor_04_Err,Compressor Station A,Critical threshold broken for Vib_Sensor_04_Err,Вибрация превысила критический порог. Возможный износ подшипника или дисбаланс ротора.,1
High,2026-05-14,23:46:55.717,2026-05-14T23:46:55.717,HX_FoulingAlarm,Heat Exchanger C,Critical threshold broken for HX_FoulingAlarm,Загрязнение теплообменника. Снижение КПД — требуется промывка.,1
Medium,2026-05-14,23:49:17.526,2026-05-14T23:49:17.526,Lube_Oil_Press_Low,Compressor Station A,Critical threshold broken for Lube_Oil_Press_Low,Давление смазочного масла ниже нормы. Проверить масляный насос и фильтры.,0
Medium,2026-05-14,23:50:25.330,2026-05-14T23:50:25.330,Lube_Oil_Press_Low,Compressor Station A,Critical threshold broken for Lube_Oil_Press_Low,Давление смазочного масла ниже нормы. Проверить масляный насос и фильтры.,0
Medium,2026-05-14,23:52:50.912,2026-05-14T23:52:50.912,Bearing_Temp_High,Compressor Station A,Critical threshold broken for Bearing_Temp_High,Перегрев подшипника. Недостаточная смазка или повреждение обоймы.,0
Medium,2026-05-14,23:54:38.559,2026-05-14T23:54:38.559,Bearing_Temp_High,Compressor Station A,Critical threshold broken for Bearing_Temp_High,Перегрев подшипника. Недостаточная смазка или повреждение обоймы.,0
Medium,2026-05-14,23:56:13.464,2026-05-14T23:56:13.464,Flow_Low,Pump Station B,Critical threshold broken for Flow_Low,Низкий расход. Проверить задвижки и состояние рабочего колеса.,0
